[2026.09.04-00.41.12:268][747]LogMotionWorldNetwork: Display: MotionWorld network evidence started: session=8D77D263F54B controller=echo max_lines=2048 endpoints=127.0.0.1:52580->127.0.0.1:52581.
[2026.09.04-00.41.12:268][747]PIE: Server logged in
[2026.09.04-00.41.12:271][747]PIE: Play in editor total start time 0.98 seconds.
[2026.09.04-00.41.12:278][747]LogMotionWorldBridge: Display: MotionWorld state sample: protocol=1 sequence=0 valid=true mover_step_frame=1 sim_time_s=0.072000 step_s=0.072000 resim=false mode=Walking position_world_cm=(-800.00, 0.00, 90.00) velocity_world_cm_per_sec=(0.00, 0.00, 0.00) velocity_local_planar_cm_per_sec=(0.00, 0.00, 0.00) facing_yaw_deg=0.00 facing_unit_world=(1.000000, 0.000000) angular_velocity_world_deg_per_sec=(0.00, 0.00, 0.00)
[2026.09.04-00.41.12:279][747]LogMotionWorldBridge: Display: MotionWorld reset anchor captured: source_state_sequence=0 position_world_cm=(-800.00, 0.00, 90.00) yaw_deg=0.00 yaw_override=false mode=Walking.
[2026.09.04-00.41.12:279][747]LogMotionWorldBridge: Display: MotionWorld command echo: revision=2 frame=character_local resolved=true facing_yaw_deg=0.00 finite=true requested_frame=(0.00, 0.00, 0.00) submitted_world=(0.00, 0.00, 0.00) echoed_world=(0.00, 0.00, 0.00) match=true
[2026.09.04-00.41.12:415][749]LogMetal: Display: Viewport Size Mismatch: Drawable W:3024.000000 H:1900.000000, Viewport W:2104 H:1434
[2026.09.04-00.41.12:415][749]LogMetal: Display: Viewport Size Mismatch: Drawable W:3024.000000 H:1900.000000, Texture W:1900 H:1900, Viewport W:2104.000000 H:1434.000000, layer frame W:1512.000000, H:950.000000
[2026.09.04-00.41.12:416][749]LogMetal: Display: Viewport Size Mismatch: Drawable W:3024.000000 H:1900.000000, Viewport W:2104 H:1434
[2026.09.04-00.41.12:416][749]LogMetal: Display: Viewport Size Mismatch: Drawable W:3024.000000 H:1900.000000, Viewport W:2104 H:1434
[2026.09.04-00.41.12:416][749]LogMetal: Display: Viewport Size Mismatch: Drawable W:3024.000000 H:1900.000000, Texture W:1900 H:1900, Viewport W:2104.000000 H:1434.000000, layer frame W:1512.000000, H:950.000000
[2026.09.04-00.41.12:455][750]LogMetal: Display: Viewport Size Mismatch: Drawable W:3024.000000 H:1900.000000, Viewport W:2104 H:1434
[2026.09.04-00.41.12:455][750]LogMetal: Display: Viewport Size Mismatch: Drawable W:3024.000000 H:1900.000000, Texture W:1900 H:1900, Viewport W:2104.000000 H:1434.000000, layer frame W:1512.000000, H:950.000000
[2026.09.04-00.41.12:456][750]LogMetal: Display: Viewport Size Mismatch: Drawable W:3024.000000 H:1900.000000, Viewport W:2104 H:1434
[2026.09.04-00.41.12:562][750]LogMetal: Display: Viewport Size Mismatch: Drawable W:3024.000000 H:1900.000000, Viewport W:2104 H:1434
[2026.09.04-00.41.12:562][750]LogMetal: Display: Viewport Size Mismatch: Drawable W:3024.000000 H:1900.000000, Texture W:1900 H:1900, Viewport W:2104.000000 H:1434.000000, layer frame W:1512.000000, H:950.000000
[2026.09.04-00.41.12:636][751]LogMetal: Display: Viewport Size Mismatch: Drawable W:3024.000000 H:1900.000000, Viewport W:2104 H:1434
[2026.09.04-00.41.12:636][751]LogMetal: Display: Viewport Size Mismatch: Drawable W:3024.000000 H:1900.000000, Texture W:1900 H:1900, Viewport W:2104.000000 H:1434.000000, layer frame W:1512.000000, H:950.000000
[2026.09.04-00.41.12:637][751]LogMetal: Display: Viewport Size Mismatch: Drawable W:3024.000000 H:1900.000000, Viewport W:2104 H:1434
[2026.09.04-00.41.12:728][751]LogMetal: Display: Viewport Size Mismatch: Drawable W:3024.000000 H:1900.000000, Viewport W:2104 H:1434
[2026.09.04-00.41.12:728][751]LogMetal: Display: Viewport Size Mismatch: Drawable W:3024.000000 H:1900.000000, Texture W:1900 H:1900, Viewport W:2104.000000 H:1434.000000, layer frame W:1512.000000, H:950.000000
[2026.09.04-00.41.12:759][752]LogMetal: Display: Viewport Size Mismatch: Drawable W:3024.000000 H:1900.000000, Viewport W:2104 H:1434
[2026.09.04-00.41.12:759][752]LogMetal: Display: Viewport Size Mismatch: Drawable W:3024.000000 H:1900.000000, Texture W:1900 H:1900, Viewport W:2104.000000 H:1434.000000, layer frame W:1512.000000, H:950.000000
[2026.09.04-00.41.12:760][752]LogMetal: Display: Viewport Size Mismatch: Drawable W:3024.000000 H:1900.000000, Viewport W:2104 H:1434
[2026.09.04-00.41.12:761][752]LogMetal: Display: Viewport Size Mismatch: Drawable W:3024.000000 H:1900.000000, Viewport W:2104 H:1434
[2026.09.04-00.41.12:761][752]LogMetal: Display: Viewport Size Mismatch: Drawable W:3024.000000 H:1900.000000, Texture W:1900 H:1900, Viewport W:2104.000000 H:1434.000000, layer frame W:1512.000000, H:950.000000
[2026.09.04-00.41.12:801][753]LogMetal: Display: Viewport Size Mismatch: Drawable W:3024.000000 H:1900.000000, Viewport W:2104 H:1434
[2026.09.04-00.41.12:801][753]LogMetal: Display: Viewport Size Mismatch: Drawable W:3024.000000 H:1900.000000, Texture W:1900 H:1900, Viewport W:2104.000000 H:1434.000000, layer frame W:1512.000000, H:950.000000
[2026.09.04-00.41.12:802][753]LogMetal: Display: Viewport Size Mismatch: Drawable W:3024.000000 H:1900.000000, Viewport W:2104 H:1434
[2026.09.04-00.41.12:802][753]LogMetal: Display: Viewport Size Mismatch: Drawable W:3024.000000 H:1900.000000, Viewport W:2104 H:1434
[2026.09.04-00.41.12:802][753]LogMetal: Display: Viewport Size Mismatch: Drawable W:3024.000000 H:1900.000000, Texture W:1900 H:1900, Viewport W:2104.000000 H:1434.000000, layer frame W:1512.000000, H:950.000000
[2026.09.04-00.41.12:852][754]LogMetal: Display: Viewport Size Mismatch: Drawable W:3024.000000 H:1900.000000, Viewport W:2104 H:1434
[2026.09.04-00.41.12:852][754]LogMetal: Display: Viewport Size Mismatch: Drawable W:3024.000000 H:1900.000000, Texture W:1900 H:1900, Viewport W:2104.000000 H:1434.000000, layer frame W:1512.000000, H:950.000000
[2026.09.04-00.41.12:852][754]LogMetal: Display: Viewport Size Mismatch: Drawable W:3024.000000 H:1900.000000, Viewport W:2104 H:1434
[2026.09.04-00.41.12:861][754]LogMetal: Display: Viewport Size Mismatch: Drawable W:3024.000000 H:1900.000000, Viewport W:2104 H:1434
[2026.09.04-00.41.12:861][754]LogMetal: Display: Viewport Size Mismatch: Drawable W:3024.000000 H:1900.000000, Texture W:1900 H:1900, Viewport W:2104.000000 H:1434.000000, layer frame W:1512.000000, H:950.000000
[2026.09.04-00.41.12:889][755]LogMetal: Display: Viewport Size Mismatch: Drawable W:3024.000000 H:1900.000000, Viewport W:2104 H:1434
[2026.09.04-00.41.12:889][755]LogMetal: Display: Viewport Size Mismatch: Drawable W:3024.000000 H:1900.000000, Texture W:1900 H:1900, Viewport W:2104.000000 H:1434.000000, layer frame W:1512.000000, H:950.000000
[2026.09.04-00.41.12:889][755]LogMetal: Display: Viewport Size Mismatch: Drawable W:3024.000000 H:1900.000000, Viewport W:2104 H:1434
[2026.09.04-00.41.12:895][755]LogMetal: Display: Viewport Size Mismatch: Drawable W:3024.000000 H:1900.000000, Viewport W:2104 H:1434
[2026.09.04-00.41.12:895][755]LogMetal: Display: Viewport Size Mismatch: Drawable W:3024.000000 H:1900.000000, Texture W:1900 H:1900, Viewport W:2104.000000 H:1434.000000, layer frame W:1512.000000, H:950.000000
[2026.09.04-00.41.12:933][756]LogMetal: Display: Viewport Size Mismatch: Drawable W:3024.000000 H:1900.000000, Viewport W:2104 H:1434
[2026.09.04-00.41.12:933][756]LogMetal: Display: Viewport Size Mismatch: Drawable W:3024.000000 H:1900.000000, Texture W:1900 H:1900, Viewport W:2104.000000 H:1434.000000, layer frame W:1512.000000, H:950.000000
[2026.09.04-00.41.12:934][756]LogMetal: Display: Viewport Size Mismatch: Drawable W:3024.000000 H:1900.000000, Viewport W:2104 H:1434
[2026.09.04-00.41.12:934][756]LogMetal: Display: Viewport Size Mismatch: Drawable W:3024.000000 H:1900.000000, Viewport W:2104 H:1434
[2026.09.04-00.41.12:934][756]LogMetal: Display: Viewport Size Mismatch: Drawable W:3024.000000 H:1900.000000, Texture W:1900 H:1900, Viewport W:2104.000000 H:1434.000000, layer frame W:1512.000000, H:950.000000
[2026.09.04-00.41.12:971][757]LogMetal: Display: Viewport Size Mismatch: Drawable W:3024.000000 H:1900.000000, Viewport W:2104 H:1434
[2026.09.04-00.41.12:971][757]LogMetal: Display: Viewport Size Mismatch: Drawable W:3024.000000 H:1900.000000, Texture W:1900 H:1900, Viewport W:2104.000000 H:1434.000000, layer frame W:1512.000000, H:950.000000
[2026.09.04-00.41.12:972][757]LogMetal: Display: Viewport Size Mismatch: Drawable W:3024.000000 H:1900.000000, Viewport W:2104 H:1434
[2026.09.04-00.41.12:972][757]LogMetal: Display: Viewport Size Mismatch: Drawable W:3024.000000 H:1900.000000, Viewport W:2104 H:1434
[2026.09.04-00.41.12:972][757]LogMetal: Display: Viewport Size Mismatch: Drawable W:3024.000000 H:1900.000000, Texture W:1900 H:1900, Viewport W:2104.000000 H:1434.000000, layer frame W:1512.000000, H:950.000000
[2026.09.04-00.41.13:010][758]LogMetal: Display: Viewport Size Mismatch: Drawable W:3024.000000 H:1900.000000, Viewport W:2104 H:1434
[2026.09.04-00.41.13:010][758]LogMetal: Display: Viewport Size Mismatch: Drawable W:3024.000000 H:1900.000000, Texture W:1900 H:1900, Viewport W:2104.000000 H:1434.000000, layer frame W:1512.000000, H:950.000000
[2026.09.04-00.41.13:010][758]LogMetal: Display: Viewport Size Mismatch: Drawable W:3024.000000 H:1900.000000, Viewport W:2104 H:1434
[2026.09.04-00.41.13:028][758]LogMetal: Display: Viewport Size Mismatch: Drawable W:3024.000000 H:1900.000000, Viewport W:2104 H:1434
[2026.09.04-00.41.13:028][758]LogMetal: Display: Viewport Size Mismatch: Drawable W:3024.000000 H:1900.000000, Texture W:1900 H:1900, Viewport W:2104.000000 H:1434.000000, layer frame W:1512.000000, H:950.000000
[2026.09.04-00.41.13:046][759]LogMetal: Display: Viewport Size Mismatch: Drawable W:3024.000000 H:1900.000000, Viewport W:2104 H:1434
[2026.09.04-00.41.13:046][759]LogMetal: Display: Viewport Size Mismatch: Drawable W:3024.000000 H:1900.000000, Texture W:1900 H:1900, Viewport W:2104.000000 H:1434.000000, layer frame W:1512.000000, H:950.000000
[2026.09.04-00.41.13:047][759]LogMetal: Display: Viewport Size Mismatch: Drawable W:3024.000000 H:1900.000000, Viewport W:2104 H:1434
[2026.09.04-00.41.13:047][759]LogMetal: Display: Viewport Size Mismatch: Drawable W:3024.000000 H:1900.000000, Viewport W:2104 H:1434
[2026.09.04-00.41.13:047][759]LogMetal: Display: Viewport Size Mismatch: Drawable W:3024.000000 H:1900.000000, Texture W:1900 H:1900, Viewport W:2104.000000 H:1434.000000, layer frame W:1512.000000, H:950.000000
[2026.09.04-00.41.13:092][760]LogMetal: Display: Viewport Size Mismatch: Drawable W:3024.000000 H:1900.000000, Viewport W:2104 H:1434
[2026.09.04-00.41.13:092][760]LogMetal: Display: Viewport Size Mismatch: Drawable W:3024.000000 H:1900.000000, Texture W:1900 H:1900, Viewport W:2104.000000 H:1434.000000, layer frame W:1512.000000, H:950.000000
[2026.09.04-00.41.13:092][760]LogMetal: Display: Viewport Size Mismatch: Drawable W:3024.000000 H:1900.000000, Viewport W:2104 H:1434
[2026.09.04-00.41.13:094][760]LogMetal: Display: Viewport Size Mismatch: Drawable W:3024.000000 H:1900.000000, Viewport W:2104 H:1434
[2026.09.04-00.41.13:094][760]LogMetal: Display: Viewport Size Mismatch: Drawable W:3024.000000 H:1900.000000, Texture W:1900 H:1900, Viewport W:2104.000000 H:1434.000000, layer frame W:1512.000000, H:950.000000
[2026.09.04-00.41.13:145][761]LogMetal: Display: Viewport Size Mismatch: Drawable W:3024.000000 H:1900.000000, Viewport W:2104 H:1434
[2026.09.04-00.41.13:145][761]LogMetal: Display: Viewport Size Mismatch: Drawable W:3024.000000 H:1900.000000, Texture W:1900 H:1900, Viewport W:2104.000000 H:1434.000000, layer frame W:1512.000000, H:950.000000
[2026.09.04-00.41.13:146][761]LogMetal: Display: Viewport Size Mismatch: Drawable W:3024.000000 H:1900.000000, Viewport W:2104 H:1434
[2026.09.04-00.41.13:161][761]LogMetal: Display: Viewport Size Mismatch: Drawable W:3024.000000 H:1900.000000, Viewport W:2104 H:1434
[2026.09.04-00.41.13:161][761]LogMetal: Display: Viewport Size Mismatch: Drawable W:3024.000000 H:1900.000000, Texture W:1900 H:1900, Viewport W:2104.000000 H:1434.000000, layer frame W:1512.000000, H:950.000000
[2026.09.04-00.41.13:208][762]LogMetal: Display: Viewport Size Mismatch: Drawable W:3024.000000 H:1900.000000, Viewport W:2104 H:1434
[2026.09.04-00.41.13:208][762]LogMetal: Display: Viewport Size Mismatch: Drawable W:3024.000000 H:1900.000000, Texture W:1900 H:1900, Viewport W:2104.000000 H:1434.000000, layer frame W:1512.000000, H:950.000000
[2026.09.04-00.41.13:209][762]LogMetal: Display: Viewport Size Mismatch: Drawable W:3024.000000 H:1900.000000, Viewport W:2104 H:1434
[2026.09.04-00.41.13:209][762]LogMetal: Display: Viewport Size Mismatch: Drawable W:3024.000000 H:1900.000000, Viewport W:2104 H:1434
[2026.09.04-00.41.13:209][762]LogMetal: Display: Viewport Size Mismatch: Drawable W:3024.000000 H:1900.000000, Texture W:1900 H:1900, Viewport W:2104.000000 H:1434.000000, layer frame W:1512.000000, H:950.000000
[2026.09.04-00.41.13:289][763]LogMetal: Display: Viewport Size Mismatch: Drawable W:3024.000000 H:1900.000000, Viewport W:2104 H:1434
[2026.09.04-00.41.13:289][763]LogMetal: Display: Viewport Size Mismatch: Drawable W:3024.000000 H:1900.000000, Texture W:1900 H:1900, Viewport W:2104.000000 H:1434.000000, layer frame W:1512.000000, H:950.000000
[2026.09.04-00.41.13:290][763]LogMetal: Display: Viewport Size Mismatch: Drawable W:3024.000000 H:1900.000000, Viewport W:2104 H:1434
[2026.09.04-00.41.13:290][763]LogMetal: Display: Viewport Size Mismatch: Drawable W:3024.000000 H:1900.000000, Viewport W:2104 H:1434
[2026.09.04-00.41.13:290][763]LogMetal: Display: Viewport Size Mismatch: Drawable W:3024.000000 H:1900.000000, Texture W:1900 H:1900, Viewport W:2104.000000 H:1434.000000, layer frame W:1512.000000, H:950.000000
[2026.09.04-00.41.13:312][763]LogMetal: Display: Viewport Size Mismatch: Drawable W:3024.000000 H:1900.000000, Viewport W:2104 H:1434
[2026.09.04-00.41.13:312][763]LogMetal: Display: Viewport Size Mismatch: Drawable W:3024.000000 H:1900.000000, Texture W:1900 H:1900, Viewport W:2104.000000 H:1434.000000, layer frame W:1512.000000, H:950.000000
[2026.09.04-00.41.13:313][763]LogMetal: Display: Viewport Size Mismatch: Drawable W:3024.000000 H:1900.000000, Viewport W:2104 H:1434
[2026.09.04-00.41.13:328][763]LogMetal: Display: Viewport Size Mismatch: Drawable W:3024.000000 H:1900.000000, Viewport W:2104 H:1434
[2026.09.04-00.41.13:328][763]LogMetal: Display: Viewport Size Mismatch: Drawable W:3024.000000 H:1900.000000, Texture W:1900 H:1900, Viewport W:2104.000000 H:1434.000000, layer frame W:1512.000000, H:950.000000
[2026.09.04-00.41.13:374][764]LogMetal: Display: Viewport Size Mismatch: Drawable W:3024.000000 H:1900.000000, Viewport W:2104 H:1434
[2026.09.04-00.41.13:375][764]LogMetal: Display: Viewport Size Mismatch: Drawable W:3024.000000 H:1900.000000, Texture W:1900 H:1900, Viewport W:2104.000000 H:1434.000000, layer frame W:1512.000000, H:950.000000
[2026.09.04-00.41.13:375][764]LogMetal: Display: Viewport Size Mismatch: Drawable W:3024.000000 H:1900.000000, Viewport W:2104 H:1434
[2026.09.04-00.41.13:375][764]LogMetal: Display: Viewport Size Mismatch: Drawable W:3024.000000 H:1900.000000, Viewport W:2104 H:1434
[2026.09.04-00.41.13:375][764]LogMetal: Display: Viewport Size Mismatch: Drawable W:3024.000000 H:1900.000000, Texture W:1900 H:1900, Viewport W:2104.000000 H:1434.000000, layer frame W:1512.000000, H:950.000000
[2026.09.04-00.41.13:447][766]LogMetal: Display: Viewport Size Mismatch: Drawable W:3024.000000 H:1900.000000, Viewport W:2104 H:1434
[2026.09.04-00.41.13:447][766]LogMetal: Display: Viewport Size Mismatch: Drawable W:3024.000000 H:1900.000000, Texture W:1900 H:1900, Viewport W:2104.000000 H:1434.000000, layer frame W:1512.000000, H:950.000000
[2026.09.04-00.41.13:448][766]LogMetal: Display: Viewport Size Mismatch: Drawable W:3024.000000 H:1900.000000, Viewport W:2104 H:1434
[2026.09.04-00.41.13:448][766]LogMetal: Display: Viewport Size Mismatch: Drawable W:3024.000000 H:1900.000000, Viewport W:2104 H:1434
[2026.09.04-00.41.13:448][766]LogMetal: Display: Viewport Size Mismatch: Drawable W:3024.000000 H:1900.000000, Texture W:1900 H:1900, Viewport W:2104.000000 H:1434.000000, layer frame W:1512.000000, H:950.000000
[2026.09.04-00.41.13:484][767]LogMetal: Display: Viewport Size Mismatch: Drawable W:3024.000000 H:1900.000000, Viewport W:2104 H:1434
[2026.09.04-00.41.13:484][767]LogMetal: Display: Viewport Size Mismatch: Drawable W:3024.000000 H:1900.000000, Texture W:1900 H:1900, Viewport W:2104.000000 H:1434.000000, layer frame W:1512.000000, H:950.000000
[2026.09.04-00.41.13:485][767]LogMetal: Display: Viewport Size Mismatch: Drawable W:3024.000000 H:1900.000000, Viewport W:2104 H:1434
[2026.09.04-00.41.13:494][767]LogMetal: Display: Viewport Size Mismatch: Drawable W:3024.000000 H:1900.000000, Viewport W:2104 H:1434
[2026.09.04-00.41.13:495][767]LogMetal: Display: Viewport Size Mismatch: Drawable W:3024.000000 H:1900.000000, Texture W:1900 H:1900, Viewport W:2104.000000 H:1434.000000, layer frame W:1512.000000, H:950.000000
[2026.09.04-00.41.13:552][768]LogMetal: Display: Viewport Size Mismatch: Drawable W:3024.000000 H:1900.000000, Viewport W:2104 H:1434
[2026.09.04-00.41.13:553][768]LogMetal: Display: Viewport Size Mismatch: Drawable W:3024.000000 H:1900.000000, Texture W:1900 H:1900, Viewport W:2104.000000 H:1434.000000, layer frame W:1512.000000, H:950.000000
[2026.09.04-00.41.13:554][768]LogMetal: Display: Viewport Size Mismatch: Drawable W:3024.000000 H:1900.000000, Viewport W:2104 H:1434
[2026.09.04-00.41.13:554][768]LogMetal: Display: Viewport Size Mismatch: Drawable W:3024.000000 H:1900.000000, Viewport W:2104 H:1434
[2026.09.04-00.41.13:554][768]LogMetal: Display: Viewport Size Mismatch: Drawable W:3024.000000 H:1900.000000, Texture W:1900 H:1900, Viewport W:2104.000000 H:1434.000000, layer frame W:1512.000000, H:950.000000
[2026.09.04-00.41.13:593][769]LogMetal: Display: Viewport Size Mismatch: Drawable W:3024.000000 H:1900.000000, Viewport W:2104 H:1434
[2026.09.04-00.41.13:593][769]LogMetal: Display: Viewport Size Mismatch: Drawable W:3024.000000 H:1900.000000, Texture W:1900 H:1900, Viewport W:2104.000000 H:1434.000000, layer frame W:1512.000000, H:950.000000
[2026.09.04-00.41.13:594][769]LogMetal: Display: Viewport Size Mismatch: Drawable W:3024.000000 H:1900.000000, Viewport W:2104 H:1434
[2026.09.04-00.41.13:594][769]LogMetal: Display: Viewport Size Mismatch: Drawable W:3024.000000 H:1900.000000, Viewport W:2104 H:1434
[2026.09.04-00.41.13:594][769]LogMetal: Display: Viewport Size Mismatch: Drawable W:3024.000000 H:1900.000000, Texture W:1900 H:1900, Viewport W:2104.000000 H:1434.000000, layer frame W:1512.000000, H:950.000000
[2026.09.04-00.41.13:646][770]LogMetal: Display: Viewport Size Mismatch: Drawable W:3024.000000 H:1900.000000, Viewport W:2104 H:1434
[2026.09.04-00.41.13:646][770]LogMetal: Display: Viewport Size Mismatch: Drawable W:3024.000000 H:1900.000000, Texture W:1900 H:1900, Viewport W:2104.000000 H:1434.000000, layer frame W:1512.000000, H:950.000000
[2026.09.04-00.41.13:647][770]LogMetal: Display: Viewport Size Mismatch: Drawable W:3024.000000 H:1900.000000, Viewport W:2104 H:1434
[2026.09.04-00.41.13:661][770]LogMetal: Display: Viewport Size Mismatch: Drawable W:3024.000000 H:1900.000000, Viewport W:2104 H:1434
[2026.09.04-00.41.13:661][770]LogMetal: Display: Viewport Size Mismatch: Drawable W:3024.000000 H:1900.000000, Texture W:1900 H:1900, Viewport W:2104.000000 H:1434.000000, layer frame W:1512.000000, H:950.000000
[2026.09.04-00.41.13:693][771]LogMetal: Display: Viewport Size Mismatch: Drawable W:3024.000000 H:1900.000000, Viewport W:2104 H:1434
[2026.09.04-00.41.13:693][771]LogMetal: Display: Viewport Size Mismatch: Drawable W:3024.000000 H:1900.000000, Texture W:1900 H:1900, Viewport W:2104.000000 H:1434.000000, layer frame W:1512.000000, H:950.000000
[2026.09.04-00.41.13:694][771]LogMetal: Display: Viewport Size Mismatch: Drawable W:3024.000000 H:1900.000000, Viewport W:2104 H:1434
[2026.09.04-00.41.13:694][771]LogMetal: Display: Viewport Size Mismatch: Drawable W:3024.000000 H:1900.000000, Viewport W:2104 H:1434
[2026.09.04-00.41.13:694][771]LogMetal: Display: Viewport Size Mismatch: Drawable W:3024.000000 H:1900.000000, Texture W:1900 H:1900, Viewport W:2104.000000 H:1434.000000, layer frame W:1512.000000, H:950.000000
[2026.09.04-00.41.13:748][772]LogMetal: Display: Viewport Size Mismatch: Drawable W:3024.000000 H:1900.000000, Viewport W:2104 H:1434
[2026.09.04-00.41.13:748][772]LogMetal: Display: Viewport Size Mismatch: Drawable W:3024.000000 H:1900.000000, Texture W:1900 H:1900, Viewport W:2104.000000 H:1434.000000, layer frame W:1512.000000, H:950.000000
[2026.09.04-00.41.13:749][772]LogMetal: Display: Viewport Size Mismatch: Drawable W:3024.000000 H:1900.000000, Viewport W:2104 H:1434
[2026.09.04-00.41.13:749][772]LogMetal: Display: Viewport Size Mismatch: Drawable W:3024.000000 H:1900.000000, Viewport W:2104 H:1434
[2026.09.04-00.41.13:749][772]LogMetal: Display: Viewport Size Mismatch: Drawable W:3024.000000 H:1900.000000, Texture W:1900 H:1900, Viewport W:2104.000000 H:1434.000000, layer frame W:1512.000000, H:950.000000
[2026.09.04-00.41.13:785][773]LogMetal: Display: Viewport Size Mismatch: Drawable W:3024.000000 H:1900.000000, Viewport W:2104 H:1434
[2026.09.04-00.41.13:785][773]LogMetal: Display: Viewport Size Mismatch: Drawable W:3024.000000 H:1900.000000, Texture W:1900 H:1900, Viewport W:2104.000000 H:1434.000000, layer frame W:1512.000000, H:950.000000
[2026.09.04-00.41.13:786][773]LogMetal: Display: Viewport Size Mismatch: Drawable W:3024.000000 H:1900.000000, Viewport W:2104 H:1434
[2026.09.04-00.41.13:794][773]LogMetal: Display: Viewport Size Mismatch: Drawable W:3024.000000 H:1900.000000, Viewport W:2104 H:1434
[2026.09.04-00.41.13:794][773]LogMetal: Display: Viewport Size Mismatch: Drawable W:3024.000000 H:1900.000000, Texture W:1900 H:1900, Viewport W:2104.000000 H:1434.000000, layer frame W:1512.000000, H:950.000000
[2026.09.04-00.41.13:847][774]LogMetal: Display: Viewport Size Mismatch: Drawable W:3024.000000 H:1900.000000, Viewport W:2104 H:1434
[2026.09.04-00.41.13:849][774]LogMetal: Display: Viewport Size Mismatch: Drawable W:3024.000000 H:1900.000000, Texture W:1900 H:1900, Viewport W:2104.000000 H:1434.000000, layer frame W:1512.000000, H:950.000000
[2026.09.04-00.41.13:849][774]LogMetal: Display: Viewport Size Mismatch: Drawable W:3024.000000 H:1900.000000, Viewport W:2104 H:1434
[2026.09.04-00.41.13:849][774]LogMetal: Display: Viewport Size Mismatch: Drawable W:3024.000000 H:1900.000000, Viewport W:2104 H:1434
[2026.09.04-00.41.13:849][774]LogMetal: Display: Viewport Size Mismatch: Drawable W:3024.000000 H:1900.000000, Texture W:1900 H:1900, Viewport W:2104.000000 H:1434.000000, layer frame W:1512.000000, H:950.000000
[2026.09.04-00.41.13:917][775]LogMetal: Display: Viewport Size Mismatch: Drawable W:3024.000000 H:1900.000000, Viewport W:2104 H:1434
[2026.09.04-00.41.13:917][775]LogMetal: Display: Viewport Size Mismatch: Drawable W:3024.000000 H:1900.000000, Texture W:1900 H:1900, Viewport W:2104.000000 H:1434.000000, layer frame W:1512.000000, H:950.000000
[2026.09.04-00.41.13:918][775]LogMetal: Display: Viewport Size Mismatch: Drawable W:3024.000000 H:1900.000000, Viewport W:2104 H:1434
[2026.09.04-00.41.13:918][775]LogMetal: Display: Viewport Size Mismatch: Drawable W:3024.000000 H:1900.000000, Viewport W:2104 H:1434
[2026.09.04-00.41.13:918][775]LogMetal: Display: Viewport Size Mismatch: Drawable W:3024.000000 H:1900.000000, Texture W:1900 H:1900, Viewport W:2104.000000 H:1434.000000, layer frame W:1512.000000, H:950.000000
[2026.09.04-00.41.13:949][776]LogMetal: Display: Viewport Size Mismatch: Drawable W:3024.000000 H:1900.000000, Viewport W:2104 H:1434
[2026.09.04-00.41.13:949][776]LogMetal: Display: Viewport Size Mismatch: Drawable W:3024.000000 H:1900.000000, Texture W:1900 H:1900, Viewport W:2104.000000 H:1434.000000, layer frame W:1512.000000, H:950.000000
[2026.09.04-00.41.13:950][776]LogMetal: Display: Viewport Size Mismatch: Drawable W:3024.000000 H:1900.000000, Viewport W:2104 H:1434
[2026.09.04-00.41.13:961][776]LogMetal: Display: Viewport Size Mismatch: Drawable W:3024.000000 H:1900.000000, Viewport W:2104 H:1434
[2026.09.04-00.41.13:961][776]LogMetal: Display: Viewport Size Mismatch: Drawable W:3024.000000 H:1900.000000, Texture W:1900 H:1900, Viewport W:2104.000000 H:1434.000000, layer frame W:1512.000000, H:950.000000
[2026.09.04-00.41.14:027][777]LogMetal: Display: Viewport Size Mismatch: Drawable W:3024.000000 H:1900.000000, Viewport W:2104 H:1434
[2026.09.04-00.41.14:027][777]LogMetal: Display: Viewport Size Mismatch: Drawable W:3024.000000 H:1900.000000, Texture W:1900 H:1900, Viewport W:2104.000000 H:1434.000000, layer frame W:1512.000000, H:950.000000
[2026.09.04-00.41.14:028][777]LogMetal: Display: Viewport Size Mismatch: Drawable W:3024.000000 H:1900.000000, Viewport W:2104 H:1434
[2026.09.04-00.41.14:028][777]LogMetal: Display: Viewport Size Mismatch: Drawable W:3024.000000 H:1900.000000, Viewport W:2104 H:1434
[2026.09.04-00.41.14:028][777]LogMetal: Display: Viewport Size Mismatch: Drawable W:3024.000000 H:1900.000000, Texture W:1900 H:1900, Viewport W:2104.000000 H:1434.000000, layer frame W:1512.000000, H:950.000000
[2026.09.04-00.41.14:066][778]LogMetal: Display: Viewport Size Mismatch: Drawable W:3024.000000 H:1900.000000, Viewport W:2104 H:1434
[2026.09.04-00.41.14:066][778]LogMetal: Display: Viewport Size Mismatch: Drawable W:3024.000000 H:1900.000000, Texture W:1900 H:1900, Viewport W:2104.000000 H:1434.000000, layer frame W:1512.000000, H:950.000000
[2026.09.04-00.41.14:067][778]LogMetal: Display: Viewport Size Mismatch: Drawable W:3024.000000 H:1900.000000, Viewport W:2104 H:1434
[2026.09.04-00.41.14:094][778]LogMetal: Display: Viewport Size Mismatch: Drawable W:3024.000000 H:1900.000000, Viewport W:2104 H:1434
[2026.09.04-00.41.14:094][778]LogMetal: Display: Viewport Size Mismatch: Drawable W:3024.000000 H:1900.000000, Texture W:1900 H:1900, Viewport W:2104.000000 H:1434.000000, layer frame W:1512.000000, H:950.000000
[2026.09.04-00.41.14:129][779]LogMetal: Display: Viewport Size Mismatch: Drawable W:3024.000000 H:1900.000000, Viewport W:2104 H:1434
[2026.09.04-00.41.14:129][779]LogMetal: Display: Viewport Size Mismatch: Drawable W:3024.000000 H:1900.000000, Texture W:1900 H:1900, Viewport W:2104.000000 H:1434.000000, layer frame W:1512.000000, H:950.000000
[2026.09.04-00.41.14:129][779]LogMetal: Display: Viewport Size Mismatch: Drawable W:3024.000000 H:1900.000000, Viewport W:2104 H:1434
[2026.09.04-00.41.14:129][779]LogMetal: Display: Viewport Size Mismatch: Drawable W:3024.000000 H:1900.000000, Viewport W:2104 H:1434
[2026.09.04-00.41.14:129][779]LogMetal: Display: Viewport Size Mismatch: Drawable W:3024.000000 H:1900.000000, Texture W:1900 H:1900, Viewport W:2104.000000 H:1434.000000, layer frame W:1512.000000, H:950.000000
[2026.09.04-00.41.14:171][780]LogMetal: Display: Viewport Size Mismatch: Drawable W:3024.000000 H:1900.000000, Viewport W:2104 H:1434
[2026.09.04-00.41.14:171][780]LogMetal: Display: Viewport Size Mismatch: Drawable W:3024.000000 H:1900.000000, Texture W:1900 H:1900, Viewport W:2104.000000 H:1434.000000, layer frame W:1512.000000, H:950.000000
[2026.09.04-00.41.14:172][780]LogMetal: Display: Viewport Size Mismatch: Drawable W:3024.000000 H:1900.000000, Viewport W:2104 H:1434
[2026.09.04-00.41.14:194][780]LogMetal: Display: Viewport Size Mismatch: Drawable W:3024.000000 H:1900.000000, Viewport W:2104 H:1434
[2026.09.04-00.41.14:195][780]LogMetal: Display: Viewport Size Mismatch: Drawable W:3024.000000 H:1900.000000, Texture W:1900 H:1900, Viewport W:2104.000000 H:1434.000000, layer frame W:1512.000000, H:950.000000
[2026.09.04-00.41.14:226][781]LogMetal: Display: Viewport Size Mismatch: Drawable W:3024.000000 H:1900.000000, Viewport W:2104 H:1434
[2026.09.04-00.41.14:226][781]LogMetal: Display: Viewport Size Mismatch: Drawable W:3024.000000 H:1900.000000, Texture W:1900 H:1900, Viewport W:2104.000000 H:1434.000000, layer frame W:1512.000000, H:950.000000
[2026.09.04-00.41.14:227][781]LogMetal: Display: Viewport Size Mismatch: Drawable W:3024.000000 H:1900.000000, Viewport W:2104 H:1434
[2026.09.04-00.41.14:228][781]LogMetal: Display: Viewport Size Mismatch: Drawable W:3024.000000 H:1900.000000, Viewport W:2104 H:1434
[2026.09.04-00.41.14:228][781]LogMetal: Display: Viewport Size Mismatch: Drawable W:3024.000000 H:1900.000000, Texture W:1900 H:1900, Viewport W:2104.000000 H:1434.000000, layer frame W:1512.000000, H:950.000000
[2026.09.04-00.41.14:275][782]LogMetal: Display: Viewport Size Mismatch: Drawable W:3024.000000 H:1900.000000, Viewport W:2104 H:1434
[2026.09.04-00.41.14:275][782]LogMetal: Display: Viewport Size Mismatch: Drawable W:3024.000000 H:1900.000000, Texture W:1900 H:1900, Viewport W:2104.000000 H:1434.000000, layer frame W:1512.000000, H:950.000000
[2026.09.04-00.41.14:276][782]LogMetal: Display: Viewport Size Mismatch: Drawable W:3024.000000 H:1900.000000, Viewport W:2104 H:1434
[2026.09.04-00.41.14:294][782]LogMetal: Display: Viewport Size Mismatch: Drawable W:3024.000000 H:1900.000000, Viewport W:2104 H:1434
[2026.09.04-00.41.14:294][782]LogMetal: Display: Viewport Size Mismatch: Drawable W:3024.000000 H:1900.000000, Texture W:1900 H:1900, Viewport W:2104.000000 H:1434.000000, layer frame W:1512.000000, H:950.000000
[2026.09.04-00.41.14:331][783]LogMetal: Display: Viewport Size Mismatch: Drawable W:3024.000000 H:1900.000000, Viewport W:2104 H:1434
[2026.09.04-00.41.14:331][783]LogMetal: Display: Viewport Size Mismatch: Drawable W:3024.000000 H:1900.000000, Texture W:1900 H:1900, Viewport W:2104.000000 H:1434.000000, layer frame W:1512.000000, H:950.000000
[2026.09.04-00.41.14:333][783]LogMetal: Display: Viewport Size Mismatch: Drawable W:3024.000000 H:1900.000000, Viewport W:2104 H:1434
[2026.09.04-00.41.14:361][783]LogMetal: Display: Viewport Size Mismatch: Drawable W:3024.000000 H:1900.000000, Viewport W:2104 H:1434
[2026.09.04-00.41.14:361][783]LogMetal: Display: Viewport Size Mismatch: Drawable W:3024.000000 H:1900.000000, Texture W:1900 H:1900, Viewport W:2104.000000 H:1434.000000, layer frame W:1512.000000, H:950.000000
[2026.09.04-00.41.14:381][784]LogMetal: Display: Viewport Size Mismatch: Drawable W:3024.000000 H:1900.000000, Viewport W:2104 H:1434
[2026.09.04-00.41.14:381][784]LogMetal: Display: Viewport Size Mismatch: Drawable W:3024.000000 H:1900.000000, Texture W:1900 H:1900, Viewport W:2104.000000 H:1434.000000, layer frame W:1512.000000, H:950.000000
[2026.09.04-00.41.14:382][784]LogMetal: Display: Viewport Size Mismatch: Drawable W:3024.000000 H:1900.000000, Viewport W:2104 H:1434
[2026.09.04-00.41.14:382][784]LogMetal: Display: Viewport Size Mismatch: Drawable W:3024.000000 H:1900.000000, Viewport W:2104 H:1434
[2026.09.04-00.41.14:382][784]LogMetal: Display: Viewport Size Mismatch: Drawable W:3024.000000 H:1900.000000, Texture W:1900 H:1900, Viewport W:2104.000000 H:1434.000000, layer frame W:1512.000000, H:950.000000
[2026.09.04-00.41.14:427][785]LogMetal: Display: Viewport Size Mismatch: Drawable W:3024.000000 H:1900.000000, Viewport W:2104 H:1434
[2026.09.04-00.41.14:427][785]LogMetal: Display: Viewport Size Mismatch: Drawable W:3024.000000 H:1900.000000, Texture W:1900 H:1900, Viewport W:2104.000000 H:1434.000000, layer frame W:1512.000000, H:950.000000
[2026.09.04-00.41.14:428][785]LogMetal: Display: Viewport Size Mismatch: Drawable W:3024.000000 H:1900.000000, Viewport W:2104 H:1434
[2026.09.04-00.41.14:461][785]LogMetal: Display: Viewport Size Mismatch: Drawable W:3024.000000 H:1900.000000, Viewport W:2104 H:1434
[2026.09.04-00.41.14:461][785]LogMetal: Display: Viewport Size Mismatch: Drawable W:3024.000000 H:1900.000000, Texture W:1900 H:1900, Viewport W:2104.000000 H:1434.000000, layer frame W:1512.000000, H:950.000000
[2026.09.04-00.41.14:499][786]LogMetal: Display: Viewport Size Mismatch: Drawable W:3024.000000 H:1900.000000, Viewport W:2104 H:1434
[2026.09.04-00.41.14:499][786]LogMetal: Display: Viewport Size Mismatch: Drawable W:3024.000000 H:1900.000000, Texture W:1900 H:1900, Viewport W:2104.000000 H:1434.000000, layer frame W:1512.000000, H:950.000000
[2026.09.04-00.41.14:499][786]LogMetal: Display: Viewport Size Mismatch: Drawable W:3024.000000 H:1900.000000, Viewport W:2104 H:1434
[2026.09.04-00.41.14:499][786]LogMetal: Display: Viewport Size Mismatch: Drawable W:3024.000000 H:1900.000000, Viewport W:2104 H:1434
[2026.09.04-00.41.14:499][786]LogMetal: Display: Viewport Size Mismatch: Drawable W:3024.000000 H:1900.000000, Texture W:1900 H:1900, Viewport W:2104.000000 H:1434.000000, layer frame W:1512.000000, H:950.000000
[2026.09.04-00.41.14:563][787]LogMetal: Display: Viewport Size Mismatch: Drawable W:3024.000000 H:1900.000000, Viewport W:2104 H:1434
[2026.09.04-00.41.14:563][787]LogMetal: Display: Viewport Size Mismatch: Drawable W:3024.000000 H:1900.000000, Texture W:1900 H:1900, Viewport W:2104.000000 H:1434.000000, layer frame W:1512.000000, H:950.000000
[2026.09.04-00.41.14:564][787]LogMetal: Display: Viewport Size Mismatch: Drawable W:3024.000000 H:1900.000000, Viewport W:2104 H:1434
[2026.09.04-00.41.14:564][787]LogMetal: Display: Viewport Size Mismatch: Drawable W:3024.000000 H:1900.000000, Viewport W:2104 H:1434
[2026.09.04-00.41.14:564][787]LogMetal: Display: Viewport Size Mismatch: Drawable W:3024.000000 H:1900.000000, Texture W:1900 H:1900, Viewport W:2104.000000 H:1434.000000, layer frame W:1512.000000, H:950.000000
[2026.09.04-00.41.14:623][788]LogMetal: Display: Viewport Size Mismatch: Drawable W:3024.000000 H:1900.000000, Viewport W:2104 H:1434
[2026.09.04-00.41.14:623][788]LogMetal: Display: Viewport Size Mismatch: Drawable W:3024.000000 H:1900.000000, Texture W:1900 H:1900, Viewport W:2104.000000 H:1434.000000, layer frame W:1512.000000, H:950.000000
[2026.09.04-00.41.14:624][788]LogMetal: Display: Viewport Size Mismatch: Drawable W:3024.000000 H:1900.000000, Viewport W:2104 H:1434
[2026.09.04-00.41.14:628][788]LogMetal: Display: Viewport Size Mismatch: Drawable W:3024.000000 H:1900.000000, Viewport W:2104 H:1434
[2026.09.04-00.41.14:628][788]LogMetal: Display: Viewport Size Mismatch: Drawable W:3024.000000 H:1900.000000, Texture W:1900 H:1900, Viewport W:2104.000000 H:1434.000000, layer frame W:1512.000000, H:950.000000
[2026.09.04-00.41.14:664][789]LogMetal: Display: Viewport Size Mismatch: Drawable W:3024.000000 H:1900.000000, Viewport W:2104 H:1434
[2026.09.04-00.41.14:664][789]LogMetal: Display: Viewport Size Mismatch: Drawable W:3024.000000 H:1900.000000, Texture W:1900 H:1900, Viewport W:2104.000000 H:1434.000000, layer frame W:1512.000000, H:950.000000
[2026.09.04-00.41.14:665][789]LogMetal: Display: Viewport Size Mismatch: Drawable W:3024.000000 H:1900.000000, Viewport W:2104 H:1434
[2026.09.04-00.41.14:665][789]LogMetal: Display: Viewport Size Mismatch: Drawable W:3024.000000 H:1900.000000, Viewport W:2104 H:1434
[2026.09.04-00.41.14:665][789]LogMetal: Display: Viewport Size Mismatch: Drawable W:3024.000000 H:1900.000000, Texture W:1900 H:1900, Viewport W:2104.000000 H:1434.000000, layer frame W:1512.000000, H:950.000000
[2026.09.04-00.41.14:720][790]LogMetal: Display: Viewport Size Mismatch: Drawable W:3024.000000 H:1900.000000, Viewport W:2104 H:1434
[2026.09.04-00.41.14:720][790]LogMetal: Display: Viewport Size Mismatch: Drawable W:3024.000000 H:1900.000000, Texture W:1900 H:1900, Viewport W:2104.000000 H:1434.000000, layer frame W:1512.000000, H:950.000000
[2026.09.04-00.41.14:720][790]LogMetal: Display: Viewport Size Mismatch: Drawable W:3024.000000 H:1900.000000, Viewport W:2104 H:1434
[2026.09.04-00.41.14:728][790]LogMetal: Display: Viewport Size Mismatch: Drawable W:3024.000000 H:1900.000000, Viewport W:2104 H:1434
[2026.09.04-00.41.14:728][790]LogMetal: Display: Viewport Size Mismatch: Drawable W:3024.000000 H:1900.000000, Texture W:1900 H:1900, Viewport W:2104.000000 H:1434.000000, layer frame W:1512.000000, H:950.000000
[2026.09.04-00.41.14:754][791]LogMetal: Display: Viewport Size Mismatch: Drawable W:3024.000000 H:1900.000000, Viewport W:2104 H:1434
[2026.09.04-00.41.14:754][791]LogMetal: Display: Viewport Size Mismatch: Drawable W:3024.000000 H:1900.000000, Texture W:1900 H:1900, Viewport W:2104.000000 H:1434.000000, layer frame W:1512.000000, H:950.000000
[2026.09.04-00.41.14:755][791]LogMetal: Display: Viewport Size Mismatch: Drawable W:3024.000000 H:1900.000000, Viewport W:2104 H:1434
[2026.09.04-00.41.14:761][791]LogMetal: Display: Viewport Size Mismatch: Drawable W:3024.000000 H:1900.000000, Viewport W:2104 H:1434
[2026.09.04-00.41.14:761][791]LogMetal: Display: Viewport Size Mismatch: Drawable W:3024.000000 H:1900.000000, Texture W:1900 H:1900, Viewport W:2104.000000 H:1434.000000, layer frame W:1512.000000, H:950.000000
[2026.09.04-00.41.14:804][792]LogMetal: Display: Viewport Size Mismatch: Drawable W:3024.000000 H:1900.000000, Viewport W:2104 H:1434
[2026.09.04-00.41.14:804][792]LogMetal: Display: Viewport Size Mismatch: Drawable W:3024.000000 H:1900.000000, Texture W:1900 H:1900, Viewport W:2104.000000 H:1434.000000, layer frame W:1512.000000, H:950.000000
[2026.09.04-00.41.14:804][792]LogMetal: Display: Viewport Size Mismatch: Drawable W:3024.000000 H:1900.000000, Viewport W:2104 H:1434
[2026.09.04-00.41.14:804][792]LogMetal: Display: Viewport Size Mismatch: Drawable W:3024.000000 H:1900.000000, Viewport W:2104 H:1434
[2026.09.04-00.41.14:804][792]LogMetal: Display: Viewport Size Mismatch: Drawable W:3024.000000 H:1900.000000, Texture W:1900 H:1900, Viewport W:2104.000000 H:1434.000000, layer frame W:1512.000000, H:950.000000
[2026.09.04-00.41.14:860][793]LogMetal: Display: Viewport Size Mismatch: Drawable W:3024.000000 H:1900.000000, Viewport W:2104 H:1434
[2026.09.04-00.41.14:860][793]LogMetal: Display: Viewport Size Mismatch: Drawable W:3024.000000 H:1900.000000, Texture W:1900 H:1900, Viewport W:2104.000000 H:1434.000000, layer frame W:1512.000000, H:950.000000
[2026.09.04-00.41.14:861][793]LogMetal: Display: Viewport Size Mismatch: Drawable W:3024.000000 H:1900.000000, Viewport W:2104 H:1434
[2026.09.04-00.41.14:861][793]LogMetal: Display: Viewport Size Mismatch: Drawable W:3024.000000 H:1900.000000, Viewport W:2104 H:1434
[2026.09.04-00.41.14:861][793]LogMetal: Display: Viewport Size Mismatch: Drawable W:3024.000000 H:1900.000000, Texture W:1900 H:1900, Viewport W:2104.000000 H:1434.000000, layer frame W:1512.000000, H:950.000000
[2026.09.04-00.41.14:919][794]LogMetal: Display: Viewport Size Mismatch: Drawable W:3024.000000 H:1900.000000, Viewport W:2104 H:1434
[2026.09.04-00.41.14:919][794]LogMetal: Display: Viewport Size Mismatch: Drawable W:3024.000000 H:1900.000000, Texture W:1900 H:1900, Viewport W:2104.000000 H:1434.000000, layer frame W:1512.000000, H:950.000000
[2026.09.04-00.41.14:920][794]LogMetal: Display: Viewport Size Mismatch: Drawable W:3024.000000 H:1900.000000, Viewport W:2104 H:1434
[2026.09.04-00.41.14:928][794]LogMetal: Display: Viewport Size Mismatch: Drawable W:3024.000000 H:1900.000000, Viewport W:2104 H:1434
[2026.09.04-00.41.14:928][794]LogMetal: Display: Viewport Size Mismatch: Drawable W:3024.000000 H:1900.000000, Texture W:1900 H:1900, Viewport W:2104.000000 H:1434.000000, layer frame W:1512.000000, H:950.000000
[2026.09.04-00.41.14:967][795]LogMetal: Display: Viewport Size Mismatch: Drawable W:3024.000000 H:1900.000000, Viewport W:2104 H:1434
[2026.09.04-00.41.14:967][795]LogMetal: Display: Viewport Size Mismatch: Drawable W:3024.000000 H:1900.000000, Texture W:1900 H:1900, Viewport W:2104.000000 H:1434.000000, layer frame W:1512.000000, H:950.000000
[2026.09.04-00.41.14:967][795]LogMetal: Display: Viewport Size Mismatch: Drawable W:3024.000000 H:1900.000000, Viewport W:2104 H:1434
[2026.09.04-00.41.14:967][795]LogMetal: Display: Viewport Size Mismatch: Drawable W:3024.000000 H:1900.000000, Viewport W:2104 H:1434
[2026.09.04-00.41.14:967][795]LogMetal: Display: Viewport Size Mismatch: Drawable W:3024.000000 H:1900.000000, Texture W:1900 H:1900, Viewport W:2104.000000 H:1434.000000, layer frame W:1512.000000, H:950.000000
[2026.09.04-00.41.15:027][796]LogMetal: Display: Viewport Size Mismatch: Drawable W:3024.000000 H:1900.000000, Viewport W:2104 H:1434
[2026.09.04-00.41.15:027][796]LogMetal: Display: Viewport Size Mismatch: Drawable W:3024.000000 H:1900.000000, Texture W:1900 H:1900, Viewport W:2104.000000 H:1434.000000, layer frame W:1512.000000, H:950.000000
[2026.09.04-00.41.15:027][796]LogMetal: Display: Viewport Size Mismatch: Drawable W:3024.000000 H:1900.000000, Viewport W:2104 H:1434
[2026.09.04-00.41.15:028][796]LogMetal: Display: Viewport Size Mismatch: Drawable W:3024.000000 H:1900.000000, Viewport W:2104 H:1434
[2026.09.04-00.41.15:028][796]LogMetal: Display: Viewport Size Mismatch: Drawable W:3024.000000 H:1900.000000, Texture W:1900 H:1900, Viewport W:2104.000000 H:1434.000000, layer frame W:1512.000000, H:950.000000
[2026.09.04-00.41.15:066][797]LogMetal: Display: Viewport Size Mismatch: Drawable W:3024.000000 H:1900.000000, Viewport W:2104 H:1434
[2026.09.04-00.41.15:066][797]LogMetal: Display: Viewport Size Mismatch: Drawable W:3024.000000 H:1900.000000, Texture W:1900 H:1900, Viewport W:2104.000000 H:1434.000000, layer frame W:1512.000000, H:950.000000
[2026.09.04-00.41.15:067][797]LogMetal: Display: Viewport Size Mismatch: Drawable W:3024.000000 H:1900.000000, Viewport W:2104 H:1434
[2026.09.04-00.41.15:067][797]LogMetal: Display: Viewport Size Mismatch: Drawable W:3024.000000 H:1900.000000, Viewport W:2104 H:1434
[2026.09.04-00.41.15:067][797]LogMetal: Display: Viewport Size Mismatch: Drawable W:3024.000000 H:1900.000000, Texture W:1900 H:1900, Viewport W:2104.000000 H:1434.000000, layer frame W:1512.000000, H:950.000000
[2026.09.04-00.41.15:109][798]LogMetal: Display: Viewport Size Mismatch: Drawable W:3024.000000 H:1900.000000, Viewport W:2104 H:1434
[2026.09.04-00.41.15:109][798]LogMetal: Display: Viewport Size Mismatch: Drawable W:3024.000000 H:1900.000000, Texture W:1900 H:1900, Viewport W:2104.000000 H:1434.000000, layer frame W:1512.000000, H:950.000000
[2026.09.04-00.41.15:110][798]LogMetal: Display: Viewport Size Mismatch: Drawable W:3024.000000 H:1900.000000, Viewport W:2104 H:1434
[2026.09.04-00.41.15:128][798]LogMetal: Display: Viewport Size Mismatch: Drawable W:3024.000000 H:1900.000000, Viewport W:2104 H:1434
[2026.09.04-00.41.15:128][798]LogMetal: Display: Viewport Size Mismatch: Drawable W:3024.000000 H:1900.000000, Texture W:1900 H:1900, Viewport W:2104.000000 H:1434.000000, layer frame W:1512.000000, H:950.000000
[2026.09.04-00.41.15:197][799]LogMetal: Display: Viewport Size Mismatch: Drawable W:3024.000000 H:1900.000000, Viewport W:2104 H:1434
[2026.09.04-00.41.15:197][799]LogMetal: Display: Viewport Size Mismatch: Drawable W:3024.000000 H:1900.000000, Texture W:1900 H:1900, Viewport W:2104.000000 H:1434.000000, layer frame W:1512.000000, H:950.000000
[2026.09.04-00.41.15:197][799]LogMetal: Display: Viewport Size Mismatch: Drawable W:3024.000000 H:1900.000000, Viewport W:2104 H:1434
[2026.09.04-00.41.15:197][799]LogMetal: Display: Viewport Size Mismatch: Drawable W:3024.000000 H:1900.000000, Viewport W:2104 H:1434
[2026.09.04-00.41.15:197][799]LogMetal: Display: Viewport Size Mismatch: Drawable W:3024.000000 H:1900.000000, Texture W:1900 H:1900, Viewport W:2104.000000 H:1434.000000, layer frame W:1512.000000, H:950.000000
[2026.09.04-00.41.15:266][800]LogMetal: Display: Viewport Size Mismatch: Drawable W:3024.000000 H:1900.000000, Viewport W:2104 H:1434
[2026.09.04-00.41.15:266][800]LogMetal: Display: Viewport Size Mismatch: Drawable W:3024.000000 H:1900.000000, Texture W:1900 H:1900, Viewport W:2104.000000 H:1434.000000, layer frame W:1512.000000, H:950.000000
[2026.09.04-00.41.15:266][800]LogMetal: Display: Viewport Size Mismatch: Drawable W:3024.000000 H:1900.000000, Viewport W:2104 H:1434
[2026.09.04-00.41.15:266][800]LogMetal: Display: Viewport Size Mismatch: Drawable W:3024.000000 H:1900.000000, Viewport W:2104 H:1434
[2026.09.04-00.41.15:266][800]LogMetal: Display: Viewport Size Mismatch: Drawable W:3024.000000 H:1900.000000, Texture W:1900 H:1900, Viewport W:2104.000000 H:1434.000000, layer frame W:1512.000000, H:950.000000
[2026.09.04-00.41.15:325][801]LogMetal: Display: Viewport Size Mismatch: Drawable W:3024.000000 H:1900.000000, Viewport W:2104 H:1434
[2026.09.04-00.41.15:325][801]LogMetal: Display: Viewport Size Mismatch: Drawable W:3024.000000 H:1900.000000, Texture W:1900 H:1900, Viewport W:2104.000000 H:1434.000000, layer frame W:1512.000000, H:950.000000
[2026.09.04-00.41.15:325][801]LogMetal: Display: Viewport Size Mismatch: Drawable W:3024.000000 H:1900.000000, Viewport W:2104 H:1434
[2026.09.04-00.41.15:328][801]LogMetal: Display: Viewport Size Mismatch: Drawable W:3024.000000 H:1900.000000, Viewport W:2104 H:1434
[2026.09.04-00.41.15:328][801]LogMetal: Display: Viewport Size Mismatch: Drawable W:3024.000000 H:1900.000000, Texture W:1900 H:1900, Viewport W:2104.000000 H:1434.000000, layer frame W:1512.000000, H:950.000000
[2026.09.04-00.41.15:371][802]LogMetal: Display: Viewport Size Mismatch: Drawable W:3024.000000 H:1900.000000, Viewport W:2104 H:1434
[2026.09.04-00.41.15:371][802]LogMetal: Display: Viewport Size Mismatch: Drawable W:3024.000000 H:1900.000000, Texture W:1900 H:1900, Viewport W:2104.000000 H:1434.000000, layer frame W:1512.000000, H:950.000000
[2026.09.04-00.41.15:371][802]LogMetal: Display: Viewport Size Mismatch: Drawable W:3024.000000 H:1900.000000, Viewport W:2104 H:1434
[2026.09.04-00.41.15:394][802]LogMetal: Display: Viewport Size Mismatch: Drawable W:3024.000000 H:1900.000000, Viewport W:2104 H:1434
[2026.09.04-00.41.15:394][802]LogMetal: Display: Viewport Size Mismatch: Drawable W:3024.000000 H:1900.000000, Texture W:1900 H:1900, Viewport W:2104.000000 H:1434.000000, layer frame W:1512.000000, H:950.000000
[2026.09.04-00.41.15:424][803]LogMetal: Display: Viewport Size Mismatch: Drawable W:3024.000000 H:1900.000000, Viewport W:2104 H:1434
[2026.09.04-00.41.15:424][803]LogMetal: Display: Viewport Size Mismatch: Drawable W:3024.000000 H:1900.000000, Texture W:1900 H:1900, Viewport W:2104.000000 H:1434.000000, layer frame W:1512.000000, H:950.000000
[2026.09.04-00.41.15:425][803]LogMetal: Display: Viewport Size Mismatch: Drawable W:3024.000000 H:1900.000000, Viewport W:2104 H:1434
[2026.09.04-00.41.15:428][803]LogMetal: Display: Viewport Size Mismatch: Drawable W:3024.000000 H:1900.000000, Viewport W:2104 H:1434
[2026.09.04-00.41.15:428][803]LogMetal: Display: Viewport Size Mismatch: Drawable W:3024.000000 H:1900.000000, Texture W:1900 H:1900, Viewport W:2104.000000 H:1434.000000, layer frame W:1512.000000, H:950.000000
[2026.09.04-00.41.15:472][804]LogMetal: Display: Viewport Size Mismatch: Drawable W:3024.000000 H:1900.000000, Viewport W:2104 H:1434
[2026.09.04-00.41.15:472][804]LogMetal: Display: Viewport Size Mismatch: Drawable W:3024.000000 H:1900.000000, Texture W:1900 H:1900, Viewport W:2104.000000 H:1434.000000, layer frame W:1512.000000, H:950.000000
[2026.09.04-00.41.15:473][804]LogMetal: Display: Viewport Size Mismatch: Drawable W:3024.000000 H:1900.000000, Viewport W:2104 H:1434
[2026.09.04-00.41.15:494][804]LogMetal: Display: Viewport Size Mismatch: Drawable W:3024.000000 H:1900.000000, Viewport W:2104 H:1434
[2026.09.04-00.41.15:494][804]LogMetal: Display: Viewport Size Mismatch: Drawable W:3024.000000 H:1900.000000, Texture W:1900 H:1900, Viewport W:2104.000000 H:1434.000000, layer frame W:1512.000000, H:950.000000
[2026.09.04-00.41.15:531][805]LogMetal: Display: Viewport Size Mismatch: Drawable W:3024.000000 H:1900.000000, Viewport W:2104 H:1434
[2026.09.04-00.41.15:531][805]LogMetal: Display: Viewport Size Mismatch: Drawable W:3024.000000 H:1900.000000, Texture W:1900 H:1900, Viewport W:2104.000000 H:1434.000000, layer frame W:1512.000000, H:950.000000
[2026.09.04-00.41.15:531][805]LogMetal: Display: Viewport Size Mismatch: Drawable W:3024.000000 H:1900.000000, Viewport W:2104 H:1434
[2026.09.04-00.41.15:531][805]LogMetal: Display: Viewport Size Mismatch: Drawable W:3024.000000 H:1900.000000, Viewport W:2104 H:1434
[2026.09.04-00.41.15:531][805]LogMetal: Display: Viewport Size Mismatch: Drawable W:3024.000000 H:1900.000000, Texture W:1900 H:1900, Viewport W:2104.000000 H:1434.000000, layer frame W:1512.000000, H:950.000000
[2026.09.04-00.41.15:570][806]LogMotionWorldNetwork: Display: MotionWorld network reset boundary: session=8D77D263F54B old_episode=-1 outstanding_observation=-1 action_state_cleared=true.
[2026.09.04-00.41.15:570][806]LogMotionWorldBridge: Display: MotionWorld reset queued: episode=7310 request_state_sequence=59 request_mover_frame=60 before_position_world_cm=(-800.00, 0.00, 90.00) distance_from_anchor_cm=0.000 target_position_world_cm=(-800.00, 0.00, 90.00) target_yaw_deg=0.00 target_mode=Walking; recorder stopped and reset frame forced to zero input.
[2026.09.04-00.41.15:570][806]LogMotionWorldBridge: Display: MotionWorld command echo: revision=4 frame=character_local resolved=true facing_yaw_deg=0.00 finite=true requested_frame=(0.00, 0.00, 0.00) submitted_world=(0.00, 0.00, 0.00) echoed_world=(0.00, 0.00, 0.00) match=true
[2026.09.04-00.41.15:571][806]LogMetal: Display: Viewport Size Mismatch: Drawable W:3024.000000 H:1900.000000, Viewport W:2104 H:1434
[2026.09.04-00.41.15:571][806]LogMetal: Display: Viewport Size Mismatch: Drawable W:3024.000000 H:1900.000000, Texture W:1900 H:1900, Viewport W:2104.000000 H:1434.000000, layer frame W:1512.000000, H:950.000000
[2026.09.04-00.41.15:572][806]LogMetal: Display: Viewport Size Mismatch: Drawable W:3024.000000 H:1900.000000, Viewport W:2104 H:1434
[2026.09.04-00.41.15:594][806]LogMetal: Display: Viewport Size Mismatch: Drawable W:3024.000000 H:1900.000000, Viewport W:2104 H:1434
[2026.09.04-00.41.15:595][806]LogMetal: Display: Viewport Size Mismatch: Drawable W:3024.000000 H:1900.000000, Texture W:1900 H:1900, Viewport W:2104.000000 H:1434.000000, layer frame W:1512.000000, H:950.000000
[2026.09.04-00.41.15:628][807]LogMotionWorldBridge: Display: MotionWorld state sample: protocol=1 sequence=60 valid=true mover_step_frame=61 sim_time_s=3.356000 step_s=0.058000 resim=false mode=Walking position_world_cm=(-800.00, 0.00, 90.00) velocity_world_cm_per_sec=(0.00, 0.00, 0.00) velocity_local_planar_cm_per_sec=(0.00, 0.00, 0.00) facing_yaw_deg=0.00 facing_unit_world=(1.000000, 0.000000) angular_velocity_world_deg_per_sec=(0.00, 0.00, 0.00)
[2026.09.04-00.41.15:628][807]LogMotionWorldBridge: Display: MotionWorld episode started: episode=7310 capacity=4096; awaiting seed state.
[2026.09.04-00.41.15:628][807]LogMotionWorldNetwork: Display: MotionWorld network episode started: session=8D77D263F54B episode=7310 first_observation_sequence=0 applied_local_cm_per_sec=(0.00, 0.00) prior_state_cleared=true.
[2026.09.04-00.41.15:628][807]LogMotionWorldBridge: Display: MotionWorld reset verified: episode=7310 attempts=1 state_sequence=60 mover_frame=61 position_world_cm=(-800.00, 0.00, 90.00) yaw_deg=0.00 mode=Walking position_error_cm=0.000 facing_error_deg=0.000 linear_speed_cm_per_sec=0.000 angular_speed_deg_per_sec=0.000; new episode may seed this state.
[2026.09.04-00.41.15:629][807]LogMotionWorldNetwork: Display: MotionWorld network observation sent: session=8D77D263F54B episode=7310 observation=0 state_sequence=60 simulation_time_s=3.356000 facing_yaw_deg=0.000000 previous_action_present=false previous_action_source=-1.
[2026.09.04-00.41.15:629][807]LogMotionWorldBridge: Display: MotionWorld episode seeded: episode=7310 state_sequence=60 mover_step_frame=61 sim_time_s=3.356000.
[2026.09.04-00.41.15:629][807]LogMetal: Display: Viewport Size Mismatch: Drawable W:3024.000000 H:1900.000000, Viewport W:2104 H:1434
[2026.09.04-00.41.15:629][807]LogMetal: Display: Viewport Size Mismatch: Drawable W:3024.000000 H:1900.000000, Texture W:1900 H:1900, Viewport W:2104.000000 H:1434.000000, layer frame W:1512.000000, H:950.000000
[2026.09.04-00.41.15:629][807]LogMetal: Display: Viewport Size Mismatch: Drawable W:3024.000000 H:1900.000000, Viewport W:2104 H:1434
[2026.09.04-00.41.15:661][807]LogMetal: Display: Viewport Size Mismatch: Drawable W:3024.000000 H:1900.000000, Viewport W:2104 H:1434
[2026.09.04-00.41.15:661][807]LogMetal: Display: Viewport Size Mismatch: Drawable W:3024.000000 H:1900.000000, Texture W:1900 H:1900, Viewport W:2104.000000 H:1434.000000, layer frame W:1512.000000, H:950.000000
[2026.09.04-00.41.15:692][808]LogMetal: Display: Viewport Size Mismatch: Drawable W:3024.000000 H:1900.000000, Viewport W:2104 H:1434
[2026.09.04-00.41.15:692][808]LogMetal: Display: Viewport Size Mismatch: Drawable W:3024.000000 H:1900.000000, Texture W:1900 H:1900, Viewport W:2104.000000 H:1434.000000, layer frame W:1512.000000, H:950.000000
[2026.09.04-00.41.15:692][808]LogMotionWorldBridge: Display: MotionWorld transition recorded: episode=7310 transition_sequence=0 previous_state_sequence=60 next_state_sequence=61 delta_s=0.063000 action_world_cm_per_sec=(0.00, 0.00, 0.00) action_local_cm_per_sec=(0.00, 0.00, 0.00) automated=true recorded=1 rejected=0.
[2026.09.04-00.41.15:692][808]LogMotionWorldBridge: Display: MotionWorld command echo: revision=6 frame=character_local resolved=true facing_yaw_deg=0.00 finite=true requested_frame=(0.00, 0.00, 0.00) submitted_world=(0.00, 0.00, 0.00) echoed_world=(0.00, 0.00, 0.00) match=true
[2026.09.04-00.41.15:692][808]LogMetal: Display: Viewport Size Mismatch: Drawable W:3024.000000 H:1900.000000, Viewport W:2104 H:1434
[2026.09.04-00.41.15:693][808]LogMotionWorldNetwork: Display: MotionWorld network action accepted: session=8D77D263F54B episode=7310 source_observation=0 desired_local_cm_per_sec=(100.000000, 0.000000) unreal_end_to_end_latency_ms=64.053208 current_identity_match=true before_deadline=true.
[2026.09.04-00.41.15:694][808]LogMetal: Display: Viewport Size Mismatch: Drawable W:3024.000000 H:1900.000000, Viewport W:2104 H:1434
[2026.09.04-00.41.15:694][808]LogMetal: Display: Viewport Size Mismatch: Drawable W:3024.000000 H:1900.000000, Texture W:1900 H:1900, Viewport W:2104.000000 H:1434.000000, layer frame W:1512.000000, H:950.000000
[2026.09.04-00.41.15:731][809]LogMotionWorldNetwork: Display: MotionWorld network observation sent: session=8D77D263F54B episode=7310 observation=1 state_sequence=62 simulation_time_s=3.456000 facing_yaw_deg=0.000000 previous_action_present=true previous_action_source=0.
[2026.09.04-00.41.15:731][809]LogMotionWorldBridge: Display: MotionWorld command echo: revision=7 frame=character_local resolved=true facing_yaw_deg=0.00 finite=true requested_frame=(100.00, 0.00, 0.00) submitted_world=(100.00, 0.00, 0.00) echoed_world=(100.00, 0.00, 0.00) match=true
[2026.09.04-00.41.15:733][809]LogMetal: Display: Viewport Size Mismatch: Drawable W:3024.000000 H:1900.000000, Viewport W:2104 H:1434
[2026.09.04-00.41.15:733][809]LogMetal: Display: Viewport Size Mismatch: Drawable W:3024.000000 H:1900.000000, Texture W:1900 H:1900, Viewport W:2104.000000 H:1434.000000, layer frame W:1512.000000, H:950.000000
[2026.09.04-00.41.15:734][809]LogMetal: Display: Viewport Size Mismatch: Drawable W:3024.000000 H:1900.000000, Viewport W:2104 H:1434
[2026.09.04-00.41.15:761][809]LogMetal: Display: Viewport Size Mismatch: Drawable W:3024.000000 H:1900.000000, Viewport W:2104 H:1434
[2026.09.04-00.41.15:761][809]LogMetal: Display: Viewport Size Mismatch: Drawable W:3024.000000 H:1900.000000, Texture W:1900 H:1900, Viewport W:2104.000000 H:1434.000000, layer frame W:1512.000000, H:950.000000
[2026.09.04-00.41.15:787][810]LogMotionWorldNetwork: Display: MotionWorld network action accepted: session=8D77D263F54B episode=7310 source_observation=1 desired_local_cm_per_sec=(100.000000, 0.000000) unreal_end_to_end_latency_ms=55.577334 current_identity_match=true before_deadline=true.
[2026.09.04-00.41.15:789][810]LogMetal: Display: Viewport Size Mismatch: Drawable W:3024.000000 H:1900.000000, Viewport W:2104 H:1434
[2026.09.04-00.41.15:789][810]LogMetal: Display: Viewport Size Mismatch: Drawable W:3024.000000 H:1900.000000, Texture W:1900 H:1900, Viewport W:2104.000000 H:1434.000000, layer frame W:1512.000000, H:950.000000
[2026.09.04-00.41.15:789][810]LogMetal: Display: Viewport Size Mismatch: Drawable W:3024.000000 H:1900.000000, Viewport W:2104 H:1434
[2026.09.04-00.41.15:794][810]LogMetal: Display: Viewport Size Mismatch: Drawable W:3024.000000 H:1900.000000, Viewport W:2104 H:1434
[2026.09.04-00.41.15:794][810]LogMetal: Display: Viewport Size Mismatch: Drawable W:3024.000000 H:1900.000000, Texture W:1900 H:1900, Viewport W:2104.000000 H:1434.000000, layer frame W:1512.000000, H:950.000000
[2026.09.04-00.41.15:865][811]LogMotionWorldNetwork: Display: MotionWorld network observation sent: session=8D77D263F54B episode=7310 observation=2 state_sequence=64 simulation_time_s=3.591000 facing_yaw_deg=0.000000 previous_action_present=true previous_action_source=1.
[2026.09.04-00.41.15:865][811]LogMotionWorldBridge: Display: MotionWorld command echo: revision=8 frame=character_local resolved=true facing_yaw_deg=0.00 finite=true requested_frame=(100.00, 0.00, 0.00) submitted_world=(100.00, 0.00, 0.00) echoed_world=(100.00, 0.00, 0.00) match=true
[2026.09.04-00.41.15:866][811]LogMetal: Display: Viewport Size Mismatch: Drawable W:3024.000000 H:1900.000000, Viewport W:2104 H:1434
[2026.09.04-00.41.15:866][811]LogMetal: Display: Viewport Size Mismatch: Drawable W:3024.000000 H:1900.000000, Texture W:1900 H:1900, Viewport W:2104.000000 H:1434.000000, layer frame W:1512.000000, H:950.000000
[2026.09.04-00.41.15:866][811]LogMetal: Display: Viewport Size Mismatch: Drawable W:3024.000000 H:1900.000000, Viewport W:2104 H:1434
[2026.09.04-00.41.15:866][811]LogMetal: Display: Viewport Size Mismatch: Drawable W:3024.000000 H:1900.000000, Viewport W:2104 H:1434
[2026.09.04-00.41.15:866][811]LogMetal: Display: Viewport Size Mismatch: Drawable W:3024.000000 H:1900.000000, Texture W:1900 H:1900, Viewport W:2104.000000 H:1434.000000, layer frame W:1512.000000, H:950.000000
[2026.09.04-00.41.15:924][812]LogMotionWorldNetwork: Display: MotionWorld network action accepted: session=8D77D263F54B episode=7310 source_observation=2 desired_local_cm_per_sec=(100.000000, 0.000000) unreal_end_to_end_latency_ms=59.944127 current_identity_match=true before_deadline=true.
[2026.09.04-00.41.15:926][812]LogMetal: Display: Viewport Size Mismatch: Drawable W:3024.000000 H:1900.000000, Viewport W:2104 H:1434
[2026.09.04-00.41.15:926][812]LogMetal: Display: Viewport Size Mismatch: Drawable W:3024.000000 H:1900.000000, Texture W:1900 H:1900, Viewport W:2104.000000 H:1434.000000, layer frame W:1512.000000, H:950.000000
[2026.09.04-00.41.15:926][812]LogMetal: Display: Viewport Size Mismatch: Drawable W:3024.000000 H:1900.000000, Viewport W:2104 H:1434
[2026.09.04-00.41.15:928][812]LogMetal: Display: Viewport Size Mismatch: Drawable W:3024.000000 H:1900.000000, Viewport W:2104 H:1434
[2026.09.04-00.41.15:928][812]LogMetal: Display: Viewport Size Mismatch: Drawable W:3024.000000 H:1900.000000, Texture W:1900 H:1900, Viewport W:2104.000000 H:1434.000000, layer frame W:1512.000000, H:950.000000
[2026.09.04-00.41.15:963][813]LogMotionWorldNetwork: Display: MotionWorld network observation sent: session=8D77D263F54B episode=7310 observation=3 state_sequence=66 simulation_time_s=3.692000 facing_yaw_deg=0.000000 previous_action_present=true previous_action_source=2.
[2026.09.04-00.41.15:963][813]LogMotionWorldBridge: Display: MotionWorld command echo: revision=9 frame=character_local resolved=true facing_yaw_deg=0.00 finite=true requested_frame=(100.00, 0.00, 0.00) submitted_world=(100.00, 0.00, 0.00) echoed_world=(100.00, 0.00, 0.00) match=true
[2026.09.04-00.41.15:964][813]LogMetal: Display: Viewport Size Mismatch: Drawable W:3024.000000 H:1900.000000, Viewport W:2104 H:1434
[2026.09.04-00.41.15:964][813]LogMetal: Display: Viewport Size Mismatch: Drawable W:3024.000000 H:1900.000000, Texture W:1900 H:1900, Viewport W:2104.000000 H:1434.000000, layer frame W:1512.000000, H:950.000000
[2026.09.04-00.41.15:965][813]LogMetal: Display: Viewport Size Mismatch: Drawable W:3024.000000 H:1900.000000, Viewport W:2104 H:1434
[2026.09.04-00.41.15:965][813]LogMetal: Display: Viewport Size Mismatch: Drawable W:3024.000000 H:1900.000000, Viewport W:2104 H:1434
[2026.09.04-00.41.15:965][813]LogMetal: Display: Viewport Size Mismatch: Drawable W:3024.000000 H:1900.000000, Texture W:1900 H:1900, Viewport W:2104.000000 H:1434.000000, layer frame W:1512.000000, H:950.000000
[2026.09.04-00.41.16:017][814]LogMotionWorldNetwork: Display: MotionWorld network action accepted: session=8D77D263F54B episode=7310 source_observation=3 desired_local_cm_per_sec=(100.000000, 0.000000) unreal_end_to_end_latency_ms=53.722791 current_identity_match=true before_deadline=true.
[2026.09.04-00.41.16:020][814]LogMetal: Display: Viewport Size Mismatch: Drawable W:3024.000000 H:1900.000000, Viewport W:2104 H:1434
[2026.09.04-00.41.16:020][814]LogMetal: Display: Viewport Size Mismatch: Drawable W:3024.000000 H:1900.000000, Texture W:1900 H:1900, Viewport W:2104.000000 H:1434.000000, layer frame W:1512.000000, H:950.000000
[2026.09.04-00.41.16:020][814]LogMetal: Display: Viewport Size Mismatch: Drawable W:3024.000000 H:1900.000000, Viewport W:2104 H:1434
[2026.09.04-00.41.16:028][814]LogMetal: Display: Viewport Size Mismatch: Drawable W:3024.000000 H:1900.000000, Viewport W:2104 H:1434
[2026.09.04-00.41.16:028][814]LogMetal: Display: Viewport Size Mismatch: Drawable W:3024.000000 H:1900.000000, Texture W:1900 H:1900, Viewport W:2104.000000 H:1434.000000, layer frame W:1512.000000, H:950.000000
[2026.09.04-00.41.16:074][815]LogMotionWorldNetwork: Display: MotionWorld network observation sent: session=8D77D263F54B episode=7310 observation=4 state_sequence=68 simulation_time_s=3.802000 facing_yaw_deg=0.000000 previous_action_present=true previous_action_source=3.
[2026.09.04-00.41.16:074][815]LogMotionWorldBridge: Display: MotionWorld command echo: revision=10 frame=character_local resolved=true facing_yaw_deg=0.00 finite=true requested_frame=(100.00, 0.00, 0.00) submitted_world=(100.00, 0.00, 0.00) echoed_world=(100.00, 0.00, 0.00) match=true
[2026.09.04-00.41.16:076][815]LogMetal: Display: Viewport Size Mismatch: Drawable W:3024.000000 H:1900.000000, Viewport W:2104 H:1434
[2026.09.04-00.41.16:076][815]LogMetal: Display: Viewport Size Mismatch: Drawable W:3024.000000 H:1900.000000, Texture W:1900 H:1900, Viewport W:2104.000000 H:1434.000000, layer frame W:1512.000000, H:950.000000
[2026.09.04-00.41.16:076][815]LogMetal: Display: Viewport Size Mismatch: Drawable W:3024.000000 H:1900.000000, Viewport W:2104 H:1434
[2026.09.04-00.41.16:094][815]LogMetal: Display: Viewport Size Mismatch: Drawable W:3024.000000 H:1900.000000, Viewport W:2104 H:1434
[2026.09.04-00.41.16:094][815]LogMetal: Display: Viewport Size Mismatch: Drawable W:3024.000000 H:1900.000000, Texture W:1900 H:1900, Viewport W:2104.000000 H:1434.000000, layer frame W:1512.000000, H:950.000000
[2026.09.04-00.41.16:137][816]LogMotionWorldNetwork: Display: MotionWorld network observation sent: session=8D77D263F54B episode=7310 observation=5 state_sequence=69 simulation_time_s=3.865000 facing_yaw_deg=0.000000 previous_action_present=true previous_action_source=3.
[2026.09.04-00.41.16:138][816]LogMotionWorldBridge: Display: MotionWorld command echo: revision=11 frame=character_local resolved=true facing_yaw_deg=0.00 finite=true requested_frame=(100.00, 0.00, 0.00) submitted_world=(100.00, 0.00, 0.00) echoed_world=(100.00, 0.00, 0.00) match=true
[2026.09.04-00.41.16:140][816]LogMetal: Display: Viewport Size Mismatch: Drawable W:3024.000000 H:1900.000000, Viewport W:2104 H:1434
[2026.09.04-00.41.16:140][816]LogMetal: Display: Viewport Size Mismatch: Drawable W:3024.000000 H:1900.000000, Texture W:1900 H:1900, Viewport W:2104.000000 H:1434.000000, layer frame W:1512.000000, H:950.000000
[2026.09.04-00.41.16:141][816]LogMetal: Display: Viewport Size Mismatch: Drawable W:3024.000000 H:1900.000000, Viewport W:2104 H:1434
[2026.09.04-00.41.16:141][816]LogMetal: Display: Viewport Size Mismatch: Drawable W:3024.000000 H:1900.000000, Viewport W:2104 H:1434
[2026.09.04-00.41.16:141][816]LogMetal: Display: Viewport Size Mismatch: Drawable W:3024.000000 H:1900.000000, Texture W:1900 H:1900, Viewport W:2104.000000 H:1434.000000, layer frame W:1512.000000, H:950.000000
[2026.09.04-00.41.16:211][817]LogMetal: Display: Viewport Size Mismatch: Drawable W:3024.000000 H:1900.000000, Viewport W:2104 H:1434
[2026.09.04-00.41.16:211][817]LogMetal: Display: Viewport Size Mismatch: Drawable W:3024.000000 H:1900.000000, Texture W:1900 H:1900, Viewport W:2104.000000 H:1434.000000, layer frame W:1512.000000, H:950.000000
[2026.09.04-00.41.16:211][817]LogMotionWorldNetwork: Display: MotionWorld network action accepted: session=8D77D263F54B episode=7310 source_observation=5 desired_local_cm_per_sec=(100.000000, 0.000000) unreal_end_to_end_latency_ms=73.292747 current_identity_match=true before_deadline=true.
[2026.09.04-00.41.16:212][817]LogMetal: Display: Viewport Size Mismatch: Drawable W:3024.000000 H:1900.000000, Viewport W:2104 H:1434
[2026.09.04-00.41.16:212][817]LogMetal: Display: Viewport Size Mismatch: Drawable W:3024.000000 H:1900.000000, Viewport W:2104 H:1434
[2026.09.04-00.41.16:212][817]LogMetal: Display: Viewport Size Mismatch: Drawable W:3024.000000 H:1900.000000, Texture W:1900 H:1900, Viewport W:2104.000000 H:1434.000000, layer frame W:1512.000000, H:950.000000
[2026.09.04-00.41.16:287][818]LogMotionWorldNetwork: Display: MotionWorld network observation sent: session=8D77D263F54B episode=7310 observation=6 state_sequence=71 simulation_time_s=4.007000 facing_yaw_deg=0.000000 previous_action_present=true previous_action_source=5.
[2026.09.04-00.41.16:287][818]LogMotionWorldBridge: Display: MotionWorld command echo: revision=12 frame=character_local resolved=true facing_yaw_deg=0.00 finite=true requested_frame=(100.00, 0.00, 0.00) submitted_world=(100.00, 0.00, 0.00) echoed_world=(100.00, 0.00, 0.00) match=true
[2026.09.04-00.41.16:292][818]LogMetal: Display: Viewport Size Mismatch: Drawable W:3024.000000 H:1900.000000, Viewport W:2104 H:1434
[2026.09.04-00.41.16:292][818]LogMetal: Display: Viewport Size Mismatch: Drawable W:3024.000000 H:1900.000000, Texture W:1900 H:1900, Viewport W:2104.000000 H:1434.000000, layer frame W:1512.000000, H:950.000000
[2026.09.04-00.41.16:293][818]LogMetal: Display: Viewport Size Mismatch: Drawable W:3024.000000 H:1900.000000, Viewport W:2104 H:1434
[2026.09.04-00.41.16:293][818]LogMetal: Display: Viewport Size Mismatch: Drawable W:3024.000000 H:1900.000000, Viewport W:2104 H:1434
[2026.09.04-00.41.16:293][818]LogMetal: Display: Viewport Size Mismatch: Drawable W:3024.000000 H:1900.000000, Texture W:1900 H:1900, Viewport W:2104.000000 H:1434.000000, layer frame W:1512.000000, H:950.000000
[2026.09.04-00.41.16:356][819]LogMotionWorldNetwork: Display: MotionWorld network observation sent: session=8D77D263F54B episode=7310 observation=7 state_sequence=72 simulation_time_s=4.074000 facing_yaw_deg=0.000000 previous_action_present=true previous_action_source=5.
[2026.09.04-00.41.16:356][819]LogMotionWorldBridge: Display: MotionWorld command echo: revision=13 frame=character_local resolved=true facing_yaw_deg=0.00 finite=true requested_frame=(100.00, 0.00, 0.00) submitted_world=(100.00, 0.00, 0.00) echoed_world=(100.00, 0.00, 0.00) match=true
[2026.09.04-00.41.16:358][819]LogMetal: Display: Viewport Size Mismatch: Drawable W:3024.000000 H:1900.000000, Viewport W:2104 H:1434
[2026.09.04-00.41.16:358][819]LogMetal: Display: Viewport Size Mismatch: Drawable W:3024.000000 H:1900.000000, Texture W:1900 H:1900, Viewport W:2104.000000 H:1434.000000, layer frame W:1512.000000, H:950.000000
[2026.09.04-00.41.16:358][819]LogMetal: Display: Viewport Size Mismatch: Drawable W:3024.000000 H:1900.000000, Viewport W:2104 H:1434
[2026.09.04-00.41.16:358][819]LogMetal: Display: Viewport Size Mismatch: Drawable W:3024.000000 H:1900.000000, Viewport W:2104 H:1434
[2026.09.04-00.41.16:362][819]LogMetal: Display: Viewport Size Mismatch: Drawable W:3024.000000 H:1900.000000, Texture W:1900 H:1900, Viewport W:2104.000000 H:1434.000000, layer frame W:1512.000000, H:950.000000
[2026.09.04-00.41.16:413][820]LogMotionWorldNetwork: Display: MotionWorld network action accepted: session=8D77D263F54B episode=7310 source_observation=7 desired_local_cm_per_sec=(100.000000, 0.000000) unreal_end_to_end_latency_ms=55.688664 current_identity_match=true before_deadline=true.
[2026.09.04-00.41.16:446][820]LogMetal: Display: Viewport Size Mismatch: Drawable W:3024.000000 H:1900.000000, Viewport W:2104 H:1434
[2026.09.04-00.41.16:447][820]LogMetal: Display: Viewport Size Mismatch: Drawable W:3024.000000 H:1900.000000, Texture W:1900 H:1900, Viewport W:2104.000000 H:1434.000000, layer frame W:1512.000000, H:950.000000
[2026.09.04-00.41.16:449][820]LogMetal: Display: Viewport Size Mismatch: Drawable W:3024.000000 H:1900.000000, Viewport W:2104 H:1434
[2026.09.04-00.41.16:450][820]LogMetal: Display: Viewport Size Mismatch: Drawable W:3024.000000 H:1900.000000, Viewport W:2104 H:1434
[2026.09.04-00.41.16:450][820]LogMetal: Display: Viewport Size Mismatch: Drawable W:3024.000000 H:1900.000000, Texture W:1900 H:1900, Viewport W:2104.000000 H:1434.000000, layer frame W:1512.000000, H:950.000000
[2026.09.04-00.41.16:470][821]LogMetal: Display: Viewport Size Mismatch: Drawable W:3024.000000 H:1900.000000, Viewport W:2104 H:1434
[2026.09.04-00.41.16:470][821]LogMetal: Display: Viewport Size Mismatch: Drawable W:3024.000000 H:1900.000000, Texture W:1900 H:1900, Viewport W:2104.000000 H:1434.000000, layer frame W:1512.000000, H:950.000000
[2026.09.04-00.41.16:471][821]LogMotionWorldNetwork: Display: MotionWorld network observation sent: session=8D77D263F54B episode=7310 observation=8 state_sequence=74 simulation_time_s=4.182000 facing_yaw_deg=0.000000 previous_action_present=true previous_action_source=7.
[2026.09.04-00.41.16:471][821]LogMotionWorldBridge: Display: MotionWorld command echo: revision=14 frame=character_local resolved=true facing_yaw_deg=0.00 finite=true requested_frame=(100.00, 0.00, 0.00) submitted_world=(100.00, 0.00, 0.00) echoed_world=(100.00, 0.00, 0.00) match=true
[2026.09.04-00.41.16:472][821]LogMetal: Display: Viewport Size Mismatch: Drawable W:3024.000000 H:1900.000000, Viewport W:2104 H:1434
[2026.09.04-00.41.16:473][821]LogMetal: Display: Viewport Size Mismatch: Drawable W:3024.000000 H:1900.000000, Viewport W:2104 H:1434
[2026.09.04-00.41.16:473][821]LogMetal: Display: Viewport Size Mismatch: Drawable W:3024.000000 H:1900.000000, Texture W:1900 H:1900, Viewport W:2104.000000 H:1434.000000, layer frame W:1512.000000, H:950.000000
[2026.09.04-00.41.16:515][822]LogMotionWorldNetwork: Display: MotionWorld network action accepted: session=8D77D263F54B episode=7310 source_observation=8 desired_local_cm_per_sec=(100.000000, 0.000000) unreal_end_to_end_latency_ms=44.268373 current_identity_match=true before_deadline=true.
[2026.09.04-00.41.16:520][822]LogMetal: Display: Viewport Size Mismatch: Drawable W:3024.000000 H:1900.000000, Viewport W:2104 H:1434
[2026.09.04-00.41.16:520][822]LogMetal: Display: Viewport Size Mismatch: Drawable W:3024.000000 H:1900.000000, Texture W:1900 H:1900, Viewport W:2104.000000 H:1434.000000, layer frame W:1512.000000, H:950.000000
[2026.09.04-00.41.16:521][822]LogMetal: Display: Viewport Size Mismatch: Drawable W:3024.000000 H:1900.000000, Viewport W:2104 H:1434
[2026.09.04-00.41.16:521][822]LogMetal: Display: Viewport Size Mismatch: Drawable W:3024.000000 H:1900.000000, Viewport W:2104 H:1434
[2026.09.04-00.41.16:521][822]LogMetal: Display: Viewport Size Mismatch: Drawable W:3024.000000 H:1900.000000, Texture W:1900 H:1900, Viewport W:2104.000000 H:1434.000000, layer frame W:1512.000000, H:950.000000
[2026.09.04-00.41.16:564][823]LogMotionWorldNetwork: Display: MotionWorld network observation sent: session=8D77D263F54B episode=7310 observation=9 state_sequence=76 simulation_time_s=4.286000 facing_yaw_deg=0.000000 previous_action_present=true previous_action_source=8.
[2026.09.04-00.41.16:564][823]LogMotionWorldBridge: Display: MotionWorld command echo: revision=15 frame=character_local resolved=true facing_yaw_deg=0.00 finite=true requested_frame=(100.00, 0.00, 0.00) submitted_world=(100.00, 0.00, 0.00) echoed_world=(100.00, 0.00, 0.00) match=true
[2026.09.04-00.41.16:574][823]LogMetal: Display: Viewport Size Mismatch: Drawable W:3024.000000 H:1900.000000, Viewport W:2104 H:1434
[2026.09.04-00.41.16:574][823]LogMetal: Display: Viewport Size Mismatch: Drawable W:3024.000000 H:1900.000000, Texture W:1900 H:1900, Viewport W:2104.000000 H:1434.000000, layer frame W:1512.000000, H:950.000000
[2026.09.04-00.41.16:575][823]LogMetal: Display: Viewport Size Mismatch: Drawable W:3024.000000 H:1900.000000, Viewport W:2104 H:1434
[2026.09.04-00.41.16:575][823]LogMetal: Display: Viewport Size Mismatch: Drawable W:3024.000000 H:1900.000000, Viewport W:2104 H:1434
[2026.09.04-00.41.16:575][823]LogMetal: Display: Viewport Size Mismatch: Drawable W:3024.000000 H:1900.000000, Texture W:1900 H:1900, Viewport W:2104.000000 H:1434.000000, layer frame W:1512.000000, H:950.000000
[2026.09.04-00.41.16:605][824]LogMotionWorldNetwork: Display: MotionWorld network action accepted: session=8D77D263F54B episode=7310 source_observation=9 desired_local_cm_per_sec=(100.000000, 0.000000) unreal_end_to_end_latency_ms=42.692877 current_identity_match=true before_deadline=true.
[2026.09.04-00.41.16:612][824]LogMetal: Display: Viewport Size Mismatch: Drawable W:3024.000000 H:1900.000000, Viewport W:2104 H:1434
[2026.09.04-00.41.16:612][824]LogMetal: Display: Viewport Size Mismatch: Drawable W:3024.000000 H:1900.000000, Texture W:1900 H:1900, Viewport W:2104.000000 H:1434.000000, layer frame W:1512.000000, H:950.000000
[2026.09.04-00.41.16:614][824]LogMetal: Display: Viewport Size Mismatch: Drawable W:3024.000000 H:1900.000000, Viewport W:2104 H:1434
[2026.09.04-00.41.16:614][824]LogMetal: Display: Viewport Size Mismatch: Drawable W:3024.000000 H:1900.000000, Viewport W:2104 H:1434
[2026.09.04-00.41.16:614][824]LogMetal: Display: Viewport Size Mismatch: Drawable W:3024.000000 H:1900.000000, Texture W:1900 H:1900, Viewport W:2104.000000 H:1434.000000, layer frame W:1512.000000, H:950.000000
[2026.09.04-00.41.16:682][825]LogMotionWorldNetwork: Display: MotionWorld network observation sent: session=8D77D263F54B episode=7310 observation=10 state_sequence=78 simulation_time_s=4.406000 facing_yaw_deg=0.000000 previous_action_present=true previous_action_source=9.
[2026.09.04-00.41.16:682][825]LogMotionWorldBridge: Display: MotionWorld command echo: revision=16 frame=character_local resolved=true facing_yaw_deg=0.00 finite=true requested_frame=(100.00, 0.00, 0.00) submitted_world=(100.00, 0.00, 0.00) echoed_world=(100.00, 0.00, 0.00) match=true
[2026.09.04-00.41.16:698][825]LogMetal: Display: Viewport Size Mismatch: Drawable W:3024.000000 H:1900.000000, Viewport W:2104 H:1434
[2026.09.04-00.41.16:698][825]LogMetal: Display: Viewport Size Mismatch: Drawable W:3024.000000 H:1900.000000, Texture W:1900 H:1900, Viewport W:2104.000000 H:1434.000000, layer frame W:1512.000000, H:950.000000
[2026.09.04-00.41.16:699][825]LogMetal: Display: Viewport Size Mismatch: Drawable W:3024.000000 H:1900.000000, Viewport W:2104 H:1434
[2026.09.04-00.41.16:737][825]LogMetal: Display: Viewport Size Mismatch: Drawable W:3024.000000 H:1900.000000, Viewport W:2104 H:1434
[2026.09.04-00.41.16:737][825]LogMetal: Display: Viewport Size Mismatch: Drawable W:3024.000000 H:1900.000000, Texture W:1900 H:1900, Viewport W:2104.000000 H:1434.000000, layer frame W:1512.000000, H:950.000000
[2026.09.04-00.41.16:779][826]LogMotionWorldNetwork: Display: MotionWorld network observation sent: session=8D77D263F54B episode=7310 observation=11 state_sequence=79 simulation_time_s=4.504000 facing_yaw_deg=0.000000 previous_action_present=true previous_action_source=9.
[2026.09.04-00.41.16:779][826]LogMotionWorldBridge: Display: MotionWorld command echo: revision=17 frame=character_local resolved=true facing_yaw_deg=0.00 finite=true requested_frame=(100.00, 0.00, 0.00) submitted_world=(100.00, 0.00, 0.00) echoed_world=(100.00, 0.00, 0.00) match=true
[2026.09.04-00.41.16:783][826]LogMetal: Display: Viewport Size Mismatch: Drawable W:3024.000000 H:1900.000000, Viewport W:2104 H:1434
[2026.09.04-00.41.16:783][826]LogMetal: Display: Viewport Size Mismatch: Drawable W:3024.000000 H:1900.000000, Texture W:1900 H:1900, Viewport W:2104.000000 H:1434.000000, layer frame W:1512.000000, H:950.000000
[2026.09.04-00.41.16:783][826]LogMetal: Display: Viewport Size Mismatch: Drawable W:3024.000000 H:1900.000000, Viewport W:2104 H:1434
[2026.09.04-00.41.16:783][826]LogMetal: Display: Viewport Size Mismatch: Drawable W:3024.000000 H:1900.000000, Viewport W:2104 H:1434
[2026.09.04-00.41.16:783][826]LogMetal: Display: Viewport Size Mismatch: Drawable W:3024.000000 H:1900.000000, Texture W:1900 H:1900, Viewport W:2104.000000 H:1434.000000, layer frame W:1512.000000, H:950.000000
[2026.09.04-00.41.16:819][827]LogMotionWorldNetwork: Display: MotionWorld network action accepted: session=8D77D263F54B episode=7310 source_observation=11 desired_local_cm_per_sec=(100.000000, 0.000000) unreal_end_to_end_latency_ms=39.515544 current_identity_match=true before_deadline=true.
[2026.09.04-00.41.16:821][827]LogMetal: Display: Viewport Size Mismatch: Drawable W:3024.000000 H:1900.000000, Viewport W:2104 H:1434
[2026.09.04-00.41.16:821][827]LogMetal: Display: Viewport Size Mismatch: Drawable W:3024.000000 H:1900.000000, Texture W:1900 H:1900, Viewport W:2104.000000 H:1434.000000, layer frame W:1512.000000, H:950.000000
[2026.09.04-00.41.16:822][827]LogMetal: Display: Viewport Size Mismatch: Drawable W:3024.000000 H:1900.000000, Viewport W:2104 H:1434
[2026.09.04-00.41.16:828][827]LogMetal: Display: Viewport Size Mismatch: Drawable W:3024.000000 H:1900.000000, Viewport W:2104 H:1434
[2026.09.04-00.41.16:828][827]LogMetal: Display: Viewport Size Mismatch: Drawable W:3024.000000 H:1900.000000, Texture W:1900 H:1900, Viewport W:2104.000000 H:1434.000000, layer frame W:1512.000000, H:950.000000
[2026.09.04-00.41.16:862][828]LogMotionWorldNetwork: Display: MotionWorld network observation sent: session=8D77D263F54B episode=7310 observation=12 state_sequence=81 simulation_time_s=4.589000 facing_yaw_deg=0.000000 previous_action_present=true previous_action_source=11.
[2026.09.04-00.41.16:862][828]LogMotionWorldBridge: Display: MotionWorld command echo: revision=18 frame=character_local resolved=true facing_yaw_deg=0.00 finite=true requested_frame=(100.00, 0.00, 0.00) submitted_world=(100.00, 0.00, 0.00) echoed_world=(100.00, 0.00, 0.00) match=true
[2026.09.04-00.41.16:866][828]LogMetal: Display: Viewport Size Mismatch: Drawable W:3024.000000 H:1900.000000, Viewport W:2104 H:1434
[2026.09.04-00.41.16:866][828]LogMetal: Display: Viewport Size Mismatch: Drawable W:3024.000000 H:1900.000000, Texture W:1900 H:1900, Viewport W:2104.000000 H:1434.000000, layer frame W:1512.000000, H:950.000000
[2026.09.04-00.41.16:867][828]LogMetal: Display: Viewport Size Mismatch: Drawable W:3024.000000 H:1900.000000, Viewport W:2104 H:1434
[2026.09.04-00.41.16:867][828]LogMetal: Display: Viewport Size Mismatch: Drawable W:3024.000000 H:1900.000000, Viewport W:2104 H:1434
[2026.09.04-00.41.16:867][828]LogMetal: Display: Viewport Size Mismatch: Drawable W:3024.000000 H:1900.000000, Texture W:1900 H:1900, Viewport W:2104.000000 H:1434.000000, layer frame W:1512.000000, H:950.000000
[2026.09.04-00.41.16:919][829]LogMotionWorldNetwork: Display: MotionWorld network action accepted: session=8D77D263F54B episode=7310 source_observation=12 desired_local_cm_per_sec=(100.000000, 0.000000) unreal_end_to_end_latency_ms=56.927208 current_identity_match=true before_deadline=true.
[2026.09.04-00.41.16:922][829]LogMetal: Display: Viewport Size Mismatch: Drawable W:3024.000000 H:1900.000000, Viewport W:2104 H:1434
[2026.09.04-00.41.16:922][829]LogMetal: Display: Viewport Size Mismatch: Drawable W:3024.000000 H:1900.000000, Texture W:1900 H:1900, Viewport W:2104.000000 H:1434.000000, layer frame W:1512.000000, H:950.000000
[2026.09.04-00.41.16:922][829]LogMetal: Display: Viewport Size Mismatch: Drawable W:3024.000000 H:1900.000000, Viewport W:2104 H:1434
[2026.09.04-00.41.16:928][829]LogMetal: Display: Viewport Size Mismatch: Drawable W:3024.000000 H:1900.000000, Viewport W:2104 H:1434
[2026.09.04-00.41.16:928][829]LogMetal: Display: Viewport Size Mismatch: Drawable W:3024.000000 H:1900.000000, Texture W:1900 H:1900, Viewport W:2104.000000 H:1434.000000, layer frame W:1512.000000, H:950.000000
[2026.09.04-00.41.17:065][830]LogMotionWorldNetwork: Display: MotionWorld network observation sent: session=8D77D263F54B episode=7310 observation=13 state_sequence=83 simulation_time_s=4.740000 facing_yaw_deg=0.000000 previous_action_present=true previous_action_source=12.
[2026.09.04-00.41.17:065][830]LogMotionWorldBridge: Display: MotionWorld command echo: revision=19 frame=character_local resolved=true facing_yaw_deg=0.00 finite=true requested_frame=(100.00, 0.00, 0.00) submitted_world=(100.00, 0.00, 0.00) echoed_world=(100.00, 0.00, 0.00) match=true
[2026.09.04-00.41.17:066][830]LogMetal: Display: Viewport Size Mismatch: Drawable W:3024.000000 H:1900.000000, Viewport W:2104 H:1434
[2026.09.04-00.41.17:066][830]LogMetal: Display: Viewport Size Mismatch: Drawable W:3024.000000 H:1900.000000, Texture W:1900 H:1900, Viewport W:2104.000000 H:1434.000000, layer frame W:1512.000000, H:950.000000
[2026.09.04-00.41.17:067][830]LogMetal: Display: Viewport Size Mismatch: Drawable W:3024.000000 H:1900.000000, Viewport W:2104 H:1434
[2026.09.04-00.41.17:067][830]LogMetal: Display: Viewport Size Mismatch: Drawable W:3024.000000 H:1900.000000, Viewport W:2104 H:1434
[2026.09.04-00.41.17:067][830]LogMetal: Display: Viewport Size Mismatch: Drawable W:3024.000000 H:1900.000000, Texture W:1900 H:1900, Viewport W:2104.000000 H:1434.000000, layer frame W:1512.000000, H:950.000000
[2026.09.04-00.41.17:086][830]LogMetal: Display: Viewport Size Mismatch: Drawable W:3024.000000 H:1900.000000, Viewport W:2104 H:1434
[2026.09.04-00.41.17:086][830]LogMetal: Display: Viewport Size Mismatch: Drawable W:3024.000000 H:1900.000000, Texture W:1900 H:1900, Viewport W:2104.000000 H:1434.000000, layer frame W:1512.000000, H:950.000000
[2026.09.04-00.41.17:086][830]LogMetal: Display: Viewport Size Mismatch: Drawable W:3024.000000 H:1900.000000, Viewport W:2104 H:1434
[2026.09.04-00.41.17:094][830]LogMetal: Display: Viewport Size Mismatch: Drawable W:3024.000000 H:1900.000000, Viewport W:2104 H:1434
[2026.09.04-00.41.17:094][830]LogMetal: Display: Viewport Size Mismatch: Drawable W:3024.000000 H:1900.000000, Texture W:1900 H:1900, Viewport W:2104.000000 H:1434.000000, layer frame W:1512.000000, H:950.000000
[2026.09.04-00.41.17:100][831]LogMotionWorldNetwork: Display: MotionWorld network observation sent: session=8D77D263F54B episode=7310 observation=14 state_sequence=84 simulation_time_s=4.805000 facing_yaw_deg=0.000000 previous_action_present=true previous_action_source=12.
[2026.09.04-00.41.17:100][831]LogMotionWorldBridge: Display: MotionWorld command echo: revision=20 frame=character_local resolved=true facing_yaw_deg=0.00 finite=true requested_frame=(100.00, 0.00, 0.00) submitted_world=(100.00, 0.00, 0.00) echoed_world=(100.00, 0.00, 0.00) match=true
[2026.09.04-00.41.17:139][832]LogMotionWorldNetwork: Display: MotionWorld network action accepted: session=8D77D263F54B episode=7310 source_observation=14 desired_local_cm_per_sec=(100.000000, 0.000000) unreal_end_to_end_latency_ms=38.216539 current_identity_match=true before_deadline=true.
[2026.09.04-00.41.17:190][832]LogMetal: Display: Viewport Size Mismatch: Drawable W:3024.000000 H:1900.000000, Viewport W:2104 H:1434
[2026.09.04-00.41.17:190][832]LogMetal: Display: Viewport Size Mismatch: Drawable W:3024.000000 H:1900.000000, Texture W:1900 H:1900, Viewport W:2104.000000 H:1434.000000, layer frame W:1512.000000, H:950.000000
[2026.09.04-00.41.17:195][832]LogMetal: Display: Viewport Size Mismatch: Drawable W:3024.000000 H:1900.000000, Viewport W:2104 H:1434
[2026.09.04-00.41.17:195][832]LogMetal: Display: Viewport Size Mismatch: Drawable W:3024.000000 H:1900.000000, Viewport W:2104 H:1434
[2026.09.04-00.41.17:195][832]LogMetal: Display: Viewport Size Mismatch: Drawable W:3024.000000 H:1900.000000, Texture W:1900 H:1900, Viewport W:2104.000000 H:1434.000000, layer frame W:1512.000000, H:950.000000
[2026.09.04-00.41.17:255][833]LogMotionWorldNetwork: Display: MotionWorld network observation sent: session=8D77D263F54B episode=7310 observation=15 state_sequence=86 simulation_time_s=4.907000 facing_yaw_deg=0.000000 previous_action_present=true previous_action_source=14.
[2026.09.04-00.41.17:255][833]LogMotionWorldBridge: Display: MotionWorld command echo: revision=21 frame=character_local resolved=true facing_yaw_deg=0.00 finite=true requested_frame=(100.00, 0.00, 0.00) submitted_world=(100.00, 0.00, 0.00) echoed_world=(100.00, 0.00, 0.00) match=true
[2026.09.04-00.41.17:257][833]LogMetal: Display: Viewport Size Mismatch: Drawable W:3024.000000 H:1900.000000, Viewport W:2104 H:1434
[2026.09.04-00.41.17:259][833]LogMetal: Display: Viewport Size Mismatch: Drawable W:3024.000000 H:1900.000000, Texture W:1900 H:1900, Viewport W:2104.000000 H:1434.000000, layer frame W:1512.000000, H:950.000000
[2026.09.04-00.41.17:261][833]LogMetal: Display: Viewport Size Mismatch: Drawable W:3024.000000 H:1900.000000, Viewport W:2104 H:1434
[2026.09.04-00.41.17:261][833]LogMetal: Display: Viewport Size Mismatch: Drawable W:3024.000000 H:1900.000000, Viewport W:2104 H:1434
[2026.09.04-00.41.17:261][833]LogMetal: Display: Viewport Size Mismatch: Drawable W:3024.000000 H:1900.000000, Texture W:1900 H:1900, Viewport W:2104.000000 H:1434.000000, layer frame W:1512.000000, H:950.000000
[2026.09.04-00.41.17:281][833]LogMetal: Display: Viewport Size Mismatch: Drawable W:3024.000000 H:1900.000000, Viewport W:2104 H:1434
[2026.09.04-00.41.17:281][833]LogMetal: Display: Viewport Size Mismatch: Drawable W:3024.000000 H:1900.000000, Texture W:1900 H:1900, Viewport W:2104.000000 H:1434.000000, layer frame W:1512.000000, H:950.000000
[2026.09.04-00.41.17:282][834]LogMetal: Display: Viewport Size Mismatch: Drawable W:3024.000000 H:1900.000000, Viewport W:2104 H:1434
[2026.09.04-00.41.17:286][834]LogMotionWorldNetwork: Display: MotionWorld network observation sent: session=8D77D263F54B episode=7310 observation=16 state_sequence=87 simulation_time_s=4.990000 facing_yaw_deg=0.000000 previous_action_present=true previous_action_source=14.
[2026.09.04-00.41.17:286][834]LogMotionWorldBridge: Display: MotionWorld command echo: revision=22 frame=character_local resolved=true facing_yaw_deg=0.00 finite=true requested_frame=(100.00, 0.00, 0.00) submitted_world=(100.00, 0.00, 0.00) echoed_world=(100.00, 0.00, 0.00) match=true
[2026.09.04-00.41.17:296][834]LogMetal: Display: Viewport Size Mismatch: Drawable W:3024.000000 H:1900.000000, Viewport W:2104 H:1434
[2026.09.04-00.41.17:296][834]LogMetal: Display: Viewport Size Mismatch: Drawable W:3024.000000 H:1900.000000, Texture W:1900 H:1900, Viewport W:2104.000000 H:1434.000000, layer frame W:1512.000000, H:950.000000
[2026.09.04-00.41.17:391][835]LogMetal: Display: Viewport Size Mismatch: Drawable W:3024.000000 H:1900.000000, Viewport W:2104 H:1434
[2026.09.04-00.41.17:391][835]LogMetal: Display: Viewport Size Mismatch: Drawable W:3024.000000 H:1900.000000, Texture W:1900 H:1900, Viewport W:2104.000000 H:1434.000000, layer frame W:1512.000000, H:950.000000
[2026.09.04-00.41.17:392][835]LogMetal: Display: Viewport Size Mismatch: Drawable W:3024.000000 H:1900.000000, Viewport W:2104 H:1434
[2026.09.04-00.41.17:392][835]LogMetal: Display: Viewport Size Mismatch: Drawable W:3024.000000 H:1900.000000, Viewport W:2104 H:1434
[2026.09.04-00.41.17:392][835]LogMetal: Display: Viewport Size Mismatch: Drawable W:3024.000000 H:1900.000000, Texture W:1900 H:1900, Viewport W:2104.000000 H:1434.000000, layer frame W:1512.000000, H:950.000000
[2026.09.04-00.41.17:397][835]LogMotionWorldNetwork: Display: MotionWorld network observation sent: session=8D77D263F54B episode=7310 observation=17 state_sequence=88 simulation_time_s=5.080000 facing_yaw_deg=0.000000 previous_action_present=true previous_action_source=14.
[2026.09.04-00.41.17:397][835]LogMotionWorldBridge: Display: MotionWorld command echo: revision=23 frame=character_local resolved=true facing_yaw_deg=0.00 finite=true requested_frame=(100.00, 0.00, 0.00) submitted_world=(100.00, 0.00, 0.00) echoed_world=(100.00, 0.00, 0.00) match=true
[2026.09.04-00.41.17:437][836]LogMetal: Display: Viewport Size Mismatch: Drawable W:3024.000000 H:1900.000000, Viewport W:2104 H:1434
[2026.09.04-00.41.17:437][836]LogMetal: Display: Viewport Size Mismatch: Drawable W:3024.000000 H:1900.000000, Texture W:1900 H:1900, Viewport W:2104.000000 H:1434.000000, layer frame W:1512.000000, H:950.000000
[2026.09.04-00.41.17:438][836]LogMetal: Display: Viewport Size Mismatch: Drawable W:3024.000000 H:1900.000000, Viewport W:2104 H:1434
[2026.09.04-00.41.17:438][836]LogMetal: Display: Viewport Size Mismatch: Drawable W:3024.000000 H:1900.000000, Viewport W:2104 H:1434
[2026.09.04-00.41.17:438][836]LogMetal: Display: Viewport Size Mismatch: Drawable W:3024.000000 H:1900.000000, Texture W:1900 H:1900, Viewport W:2104.000000 H:1434.000000, layer frame W:1512.000000, H:950.000000
[2026.09.04-00.41.17:444][836]LogMotionWorldNetwork: Display: MotionWorld network action accepted: session=8D77D263F54B episode=7310 source_observation=17 desired_local_cm_per_sec=(100.000000, 0.000000) unreal_end_to_end_latency_ms=47.189500 current_identity_match=true before_deadline=true.
[2026.09.04-00.41.17:471][837]LogMetal: Display: Viewport Size Mismatch: Drawable W:3024.000000 H:1900.000000, Viewport W:2104 H:1434
[2026.09.04-00.41.17:471][837]LogMetal: Display: Viewport Size Mismatch: Drawable W:3024.000000 H:1900.000000, Texture W:1900 H:1900, Viewport W:2104.000000 H:1434.000000, layer frame W:1512.000000, H:950.000000
[2026.09.04-00.41.17:472][837]LogMetal: Display: Viewport Size Mismatch: Drawable W:3024.000000 H:1900.000000, Viewport W:2104 H:1434
[2026.09.04-00.41.17:472][837]LogMetal: Display: Viewport Size Mismatch: Drawable W:3024.000000 H:1900.000000, Viewport W:2104 H:1434
[2026.09.04-00.41.17:472][837]LogMetal: Display: Viewport Size Mismatch: Drawable W:3024.000000 H:1900.000000, Texture W:1900 H:1900, Viewport W:2104.000000 H:1434.000000, layer frame W:1512.000000, H:950.000000
[2026.09.04-00.41.17:477][837]LogMotionWorldNetwork: Display: MotionWorld network observation sent: session=8D77D263F54B episode=7310 observation=18 state_sequence=90 simulation_time_s=5.169000 facing_yaw_deg=0.000000 previous_action_present=true previous_action_source=17.
[2026.09.04-00.41.17:477][837]LogMotionWorldBridge: Display: MotionWorld command echo: revision=24 frame=character_local resolved=true facing_yaw_deg=0.00 finite=true requested_frame=(100.00, 0.00, 0.00) submitted_world=(100.00, 0.00, 0.00) echoed_world=(100.00, 0.00, 0.00) match=true
[2026.09.04-00.41.17:525][838]LogMetal: Display: Viewport Size Mismatch: Drawable W:3024.000000 H:1900.000000, Viewport W:2104 H:1434
[2026.09.04-00.41.17:525][838]LogMetal: Display: Viewport Size Mismatch: Drawable W:3024.000000 H:1900.000000, Texture W:1900 H:1900, Viewport W:2104.000000 H:1434.000000, layer frame W:1512.000000, H:950.000000
[2026.09.04-00.41.17:529][838]LogMetal: Display: Viewport Size Mismatch: Drawable W:3024.000000 H:1900.000000, Viewport W:2104 H:1434
[2026.09.04-00.41.17:529][838]LogMetal: Display: Viewport Size Mismatch: Drawable W:3024.000000 H:1900.000000, Viewport W:2104 H:1434
[2026.09.04-00.41.17:529][838]LogMetal: Display: Viewport Size Mismatch: Drawable W:3024.000000 H:1900.000000, Texture W:1900 H:1900, Viewport W:2104.000000 H:1434.000000, layer frame W:1512.000000, H:950.000000
[2026.09.04-00.41.17:534][838]LogMotionWorldNetwork: Display: MotionWorld network action accepted: session=8D77D263F54B episode=7310 source_observation=18 desired_local_cm_per_sec=(100.000000, 0.000000) unreal_end_to_end_latency_ms=56.952834 current_identity_match=true before_deadline=true.
[2026.09.04-00.41.17:581][839]LogMetal: Display: Viewport Size Mismatch: Drawable W:3024.000000 H:1900.000000, Viewport W:2104 H:1434
[2026.09.04-00.41.17:581][839]LogMetal: Display: Viewport Size Mismatch: Drawable W:3024.000000 H:1900.000000, Texture W:1900 H:1900, Viewport W:2104.000000 H:1434.000000, layer frame W:1512.000000, H:950.000000
[2026.09.04-00.41.17:582][839]LogMetal: Display: Viewport Size Mismatch: Drawable W:3024.000000 H:1900.000000, Viewport W:2104 H:1434
[2026.09.04-00.41.17:582][839]LogMetal: Display: Viewport Size Mismatch: Drawable W:3024.000000 H:1900.000000, Viewport W:2104 H:1434
[2026.09.04-00.41.17:582][839]LogMetal: Display: Viewport Size Mismatch: Drawable W:3024.000000 H:1900.000000, Texture W:1900 H:1900, Viewport W:2104.000000 H:1434.000000, layer frame W:1512.000000, H:950.000000
[2026.09.04-00.41.17:585][839]LogMotionWorldNetwork: Display: MotionWorld network observation sent: session=8D77D263F54B episode=7310 observation=19 state_sequence=92 simulation_time_s=5.278000 facing_yaw_deg=0.000000 previous_action_present=true previous_action_source=18.
[2026.09.04-00.41.17:585][839]LogMotionWorldBridge: Display: MotionWorld command echo: revision=25 frame=character_local resolved=true facing_yaw_deg=0.00 finite=true requested_frame=(100.00, 0.00, 0.00) submitted_world=(100.00, 0.00, 0.00) echoed_world=(100.00, 0.00, 0.00) match=true
[2026.09.04-00.41.17:633][840]LogMotionWorldNetwork: Display: MotionWorld network action accepted: session=8D77D263F54B episode=7310 source_observation=19 desired_local_cm_per_sec=(100.000000, 0.000000) unreal_end_to_end_latency_ms=48.446208 current_identity_match=true before_deadline=true.
[2026.09.04-00.41.17:654][840]LogMetal: Display: Viewport Size Mismatch: Drawable W:3024.000000 H:1900.000000, Viewport W:2104 H:1434
[2026.09.04-00.41.17:657][840]LogMetal: Display: Viewport Size Mismatch: Drawable W:3024.000000 H:1900.000000, Texture W:1900 H:1900, Viewport W:2104.000000 H:1434.000000, layer frame W:1512.000000, H:950.000000
[2026.09.04-00.41.17:661][840]LogMetal: Display: Viewport Size Mismatch: Drawable W:3024.000000 H:1900.000000, Viewport W:2104 H:1434
[2026.09.04-00.41.17:661][840]LogMetal: Display: Viewport Size Mismatch: Drawable W:3024.000000 H:1900.000000, Viewport W:2104 H:1434
[2026.09.04-00.41.17:661][840]LogMetal: Display: Viewport Size Mismatch: Drawable W:3024.000000 H:1900.000000, Texture W:1900 H:1900, Viewport W:2104.000000 H:1434.000000, layer frame W:1512.000000, H:950.000000
[2026.09.04-00.41.17:685][841]LogMotionWorldNetwork: Display: MotionWorld network observation sent: session=8D77D263F54B episode=7310 observation=20 state_sequence=94 simulation_time_s=5.386000 facing_yaw_deg=0.000000 previous_action_present=true previous_action_source=19.
[2026.09.04-00.41.17:685][841]LogMotionWorldBridge: Display: MotionWorld command echo: revision=26 frame=character_local resolved=true facing_yaw_deg=0.00 finite=true requested_frame=(100.00, 0.00, 0.00) submitted_world=(100.00, 0.00, 0.00) echoed_world=(100.00, 0.00, 0.00) match=true
[2026.09.04-00.41.17:687][841]LogMetal: Display: Viewport Size Mismatch: Drawable W:3024.000000 H:1900.000000, Viewport W:2104 H:1434
[2026.09.04-00.41.17:687][841]LogMetal: Display: Viewport Size Mismatch: Drawable W:3024.000000 H:1900.000000, Texture W:1900 H:1900, Viewport W:2104.000000 H:1434.000000, layer frame W:1512.000000, H:950.000000
[2026.09.04-00.41.17:688][841]LogMetal: Display: Viewport Size Mismatch: Drawable W:3024.000000 H:1900.000000, Viewport W:2104 H:1434
[2026.09.04-00.41.17:688][841]LogMetal: Display: Viewport Size Mismatch: Drawable W:3024.000000 H:1900.000000, Viewport W:2104 H:1434
[2026.09.04-00.41.17:688][841]LogMetal: Display: Viewport Size Mismatch: Drawable W:3024.000000 H:1900.000000, Texture W:1900 H:1900, Viewport W:2104.000000 H:1434.000000, layer frame W:1512.000000, H:950.000000
[2026.09.04-00.41.17:735][842]LogMotionWorldNetwork: Display: MotionWorld network action accepted: session=8D77D263F54B episode=7310 source_observation=20 desired_local_cm_per_sec=(100.000000, 0.000000) unreal_end_to_end_latency_ms=49.890999 current_identity_match=true before_deadline=true.
[2026.09.04-00.41.17:737][842]LogMetal: Display: Viewport Size Mismatch: Drawable W:3024.000000 H:1900.000000, Viewport W:2104 H:1434
[2026.09.04-00.41.17:737][842]LogMetal: Display: Viewport Size Mismatch: Drawable W:3024.000000 H:1900.000000, Texture W:1900 H:1900, Viewport W:2104.000000 H:1434.000000, layer frame W:1512.000000, H:950.000000
[2026.09.04-00.41.17:738][842]LogMetal: Display: Viewport Size Mismatch: Drawable W:3024.000000 H:1900.000000, Viewport W:2104 H:1434
[2026.09.04-00.41.17:738][842]LogMetal: Display: Viewport Size Mismatch: Drawable W:3024.000000 H:1900.000000, Viewport W:2104 H:1434
[2026.09.04-00.41.17:738][842]LogMetal: Display: Viewport Size Mismatch: Drawable W:3024.000000 H:1900.000000, Texture W:1900 H:1900, Viewport W:2104.000000 H:1434.000000, layer frame W:1512.000000, H:950.000000
[2026.09.04-00.41.17:780][843]LogMotionWorldNetwork: Display: MotionWorld network observation sent: session=8D77D263F54B episode=7310 observation=21 state_sequence=96 simulation_time_s=5.483000 facing_yaw_deg=0.000000 previous_action_present=true previous_action_source=20.
[2026.09.04-00.41.17:780][843]LogMotionWorldBridge: Display: MotionWorld command echo: revision=27 frame=character_local resolved=true facing_yaw_deg=0.00 finite=true requested_frame=(100.00, 0.00, 0.00) submitted_world=(100.00, 0.00, 0.00) echoed_world=(100.00, 0.00, 0.00) match=true
[2026.09.04-00.41.17:784][843]LogMetal: Display: Viewport Size Mismatch: Drawable W:3024.000000 H:1900.000000, Viewport W:2104 H:1434
[2026.09.04-00.41.17:785][843]LogMetal: Display: Viewport Size Mismatch: Drawable W:3024.000000 H:1900.000000, Texture W:1900 H:1900, Viewport W:2104.000000 H:1434.000000, layer frame W:1512.000000, H:950.000000
[2026.09.04-00.41.17:786][843]LogMetal: Display: Viewport Size Mismatch: Drawable W:3024.000000 H:1900.000000, Viewport W:2104 H:1434
[2026.09.04-00.41.17:786][843]LogMetal: Display: Viewport Size Mismatch: Drawable W:3024.000000 H:1900.000000, Viewport W:2104 H:1434
[2026.09.04-00.41.17:786][843]LogMetal: Display: Viewport Size Mismatch: Drawable W:3024.000000 H:1900.000000, Texture W:1900 H:1900, Viewport W:2104.000000 H:1434.000000, layer frame W:1512.000000, H:950.000000
[2026.09.04-00.41.17:838][844]LogMotionWorldNetwork: Display: MotionWorld network action accepted: session=8D77D263F54B episode=7310 source_observation=21 desired_local_cm_per_sec=(100.000000, 0.000000) unreal_end_to_end_latency_ms=57.250831 current_identity_match=true before_deadline=true.
[2026.09.04-00.41.17:840][844]LogMetal: Display: Viewport Size Mismatch: Drawable W:3024.000000 H:1900.000000, Viewport W:2104 H:1434
[2026.09.04-00.41.17:840][844]LogMetal: Display: Viewport Size Mismatch: Drawable W:3024.000000 H:1900.000000, Texture W:1900 H:1900, Viewport W:2104.000000 H:1434.000000, layer frame W:1512.000000, H:950.000000
[2026.09.04-00.41.17:841][844]LogMetal: Display: Viewport Size Mismatch: Drawable W:3024.000000 H:1900.000000, Viewport W:2104 H:1434
[2026.09.04-00.41.17:842][844]LogMetal: Display: Viewport Size Mismatch: Drawable W:3024.000000 H:1900.000000, Viewport W:2104 H:1434
[2026.09.04-00.41.17:842][844]LogMetal: Display: Viewport Size Mismatch: Drawable W:3024.000000 H:1900.000000, Texture W:1900 H:1900, Viewport W:2104.000000 H:1434.000000, layer frame W:1512.000000, H:950.000000
[2026.09.04-00.41.17:880][845]LogMotionWorldNetwork: Display: MotionWorld network observation sent: session=8D77D263F54B episode=7310 observation=22 state_sequence=98 simulation_time_s=5.584000 facing_yaw_deg=0.000000 previous_action_present=true previous_action_source=21.
[2026.09.04-00.41.17:880][845]LogMotionWorldBridge: Display: MotionWorld command echo: revision=28 frame=character_local resolved=true facing_yaw_deg=0.00 finite=true requested_frame=(100.00, 0.00, 0.00) submitted_world=(100.00, 0.00, 0.00) echoed_world=(100.00, 0.00, 0.00) match=true
[2026.09.04-00.41.17:886][845]LogMetal: Display: Viewport Size Mismatch: Drawable W:3024.000000 H:1900.000000, Viewport W:2104 H:1434
[2026.09.04-00.41.17:886][845]LogMetal: Display: Viewport Size Mismatch: Drawable W:3024.000000 H:1900.000000, Texture W:1900 H:1900, Viewport W:2104.000000 H:1434.000000, layer frame W:1512.000000, H:950.000000
[2026.09.04-00.41.17:886][845]LogMetal: Display: Viewport Size Mismatch: Drawable W:3024.000000 H:1900.000000, Viewport W:2104 H:1434
[2026.09.04-00.41.17:886][845]LogMetal: Display: Viewport Size Mismatch: Drawable W:3024.000000 H:1900.000000, Viewport W:2104 H:1434
[2026.09.04-00.41.17:886][845]LogMetal: Display: Viewport Size Mismatch: Drawable W:3024.000000 H:1900.000000, Texture W:1900 H:1900, Viewport W:2104.000000 H:1434.000000, layer frame W:1512.000000, H:950.000000
[2026.09.04-00.41.17:937][846]LogMotionWorldNetwork: Display: MotionWorld network action accepted: session=8D77D263F54B episode=7310 source_observation=22 desired_local_cm_per_sec=(100.000000, 0.000000) unreal_end_to_end_latency_ms=57.367250 current_identity_match=true before_deadline=true.
[2026.09.04-00.41.17:937][846]LogMetal: Display: Viewport Size Mismatch: Drawable W:3024.000000 H:1900.000000, Viewport W:2104 H:1434
[2026.09.04-00.41.17:937][846]LogMetal: Display: Viewport Size Mismatch: Drawable W:3024.000000 H:1900.000000, Texture W:1900 H:1900, Viewport W:2104.000000 H:1434.000000, layer frame W:1512.000000, H:950.000000
[2026.09.04-00.41.17:939][846]LogMetal: Display: Viewport Size Mismatch: Drawable W:3024.000000 H:1900.000000, Viewport W:2104 H:1434
[2026.09.04-00.41.17:939][846]LogMetal: Display: Viewport Size Mismatch: Drawable W:3024.000000 H:1900.000000, Viewport W:2104 H:1434
[2026.09.04-00.41.17:939][846]LogMetal: Display: Viewport Size Mismatch: Drawable W:3024.000000 H:1900.000000, Texture W:1900 H:1900, Viewport W:2104.000000 H:1434.000000, layer frame W:1512.000000, H:950.000000
[2026.09.04-00.41.17:985][847]LogMotionWorldNetwork: Display: MotionWorld network observation sent: session=8D77D263F54B episode=7310 observation=23 state_sequence=100 simulation_time_s=5.689000 facing_yaw_deg=0.000000 previous_action_present=true previous_action_source=22.
[2026.09.04-00.41.17:985][847]LogMotionWorldBridge: Display: MotionWorld command echo: revision=29 frame=character_local resolved=true facing_yaw_deg=0.00 finite=true requested_frame=(100.00, 0.00, 0.00) submitted_world=(100.00, 0.00, 0.00) echoed_world=(100.00, 0.00, 0.00) match=true
[2026.09.04-00.41.17:988][847]LogMetal: Display: Viewport Size Mismatch: Drawable W:3024.000000 H:1900.000000, Viewport W:2104 H:1434
[2026.09.04-00.41.17:988][847]LogMetal: Display: Viewport Size Mismatch: Drawable W:3024.000000 H:1900.000000, Texture W:1900 H:1900, Viewport W:2104.000000 H:1434.000000, layer frame W:1512.000000, H:950.000000
[2026.09.04-00.41.17:989][847]LogMetal: Display: Viewport Size Mismatch: Drawable W:3024.000000 H:1900.000000, Viewport W:2104 H:1434
[2026.09.04-00.41.17:995][847]LogMetal: Display: Viewport Size Mismatch: Drawable W:3024.000000 H:1900.000000, Viewport W:2104 H:1434
[2026.09.04-00.41.17:995][847]LogMetal: Display: Viewport Size Mismatch: Drawable W:3024.000000 H:1900.000000, Texture W:1900 H:1900, Viewport W:2104.000000 H:1434.000000, layer frame W:1512.000000, H:950.000000
[2026.09.04-00.41.18:032][848]LogMotionWorldNetwork: Display: MotionWorld network action accepted: session=8D77D263F54B episode=7310 source_observation=23 desired_local_cm_per_sec=(100.000000, 0.000000) unreal_end_to_end_latency_ms=46.972167 current_identity_match=true before_deadline=true.
[2026.09.04-00.41.18:033][848]LogMetal: Display: Viewport Size Mismatch: Drawable W:3024.000000 H:1900.000000, Viewport W:2104 H:1434
[2026.09.04-00.41.18:033][848]LogMetal: Display: Viewport Size Mismatch: Drawable W:3024.000000 H:1900.000000, Texture W:1900 H:1900, Viewport W:2104.000000 H:1434.000000, layer frame W:1512.000000, H:950.000000
[2026.09.04-00.41.18:034][848]LogMetal: Display: Viewport Size Mismatch: Drawable W:3024.000000 H:1900.000000, Viewport W:2104 H:1434
[2026.09.04-00.41.18:034][848]LogMetal: Display: Viewport Size Mismatch: Drawable W:3024.000000 H:1900.000000, Viewport W:2104 H:1434
[2026.09.04-00.41.18:034][848]LogMetal: Display: Viewport Size Mismatch: Drawable W:3024.000000 H:1900.000000, Texture W:1900 H:1900, Viewport W:2104.000000 H:1434.000000, layer frame W:1512.000000, H:950.000000
[2026.09.04-00.41.18:093][849]LogMotionWorldNetwork: Display: MotionWorld network observation sent: session=8D77D263F54B episode=7310 observation=24 state_sequence=102 simulation_time_s=5.799000 facing_yaw_deg=0.000000 previous_action_present=true previous_action_source=23.
[2026.09.04-00.41.18:093][849]LogMotionWorldBridge: Display: MotionWorld command echo: revision=30 frame=character_local resolved=true facing_yaw_deg=0.00 finite=true requested_frame=(100.00, 0.00, 0.00) submitted_world=(100.00, 0.00, 0.00) echoed_world=(100.00, 0.00, 0.00) match=true
[2026.09.04-00.41.18:110][849]LogMetal: Display: Viewport Size Mismatch: Drawable W:3024.000000 H:1900.000000, Viewport W:2104 H:1434
[2026.09.04-00.41.18:110][849]LogMetal: Display: Viewport Size Mismatch: Drawable W:3024.000000 H:1900.000000, Texture W:1900 H:1900, Viewport W:2104.000000 H:1434.000000, layer frame W:1512.000000, H:950.000000
[2026.09.04-00.41.18:112][849]LogMetal: Display: Viewport Size Mismatch: Drawable W:3024.000000 H:1900.000000, Viewport W:2104 H:1434
[2026.09.04-00.41.18:112][849]LogMetal: Display: Viewport Size Mismatch: Drawable W:3024.000000 H:1900.000000, Viewport W:2104 H:1434
[2026.09.04-00.41.18:112][849]LogMetal: Display: Viewport Size Mismatch: Drawable W:3024.000000 H:1900.000000, Texture W:1900 H:1900, Viewport W:2104.000000 H:1434.000000, layer frame W:1512.000000, H:950.000000
[2026.09.04-00.41.18:143][850]LogMotionWorldNetwork: Display: MotionWorld network action accepted: session=8D77D263F54B episode=7310 source_observation=24 desired_local_cm_per_sec=(100.000000, 0.000000) unreal_end_to_end_latency_ms=49.777709 current_identity_match=true before_deadline=true.
[2026.09.04-00.41.18:151][850]LogMetal: Display: Viewport Size Mismatch: Drawable W:3024.000000 H:1900.000000, Viewport W:2104 H:1434
[2026.09.04-00.41.18:151][850]LogMetal: Display: Viewport Size Mismatch: Drawable W:3024.000000 H:1900.000000, Texture W:1900 H:1900, Viewport W:2104.000000 H:1434.000000, layer frame W:1512.000000, H:950.000000
[2026.09.04-00.41.18:153][850]LogMetal: Display: Viewport Size Mismatch: Drawable W:3024.000000 H:1900.000000, Viewport W:2104 H:1434
[2026.09.04-00.41.18:153][850]LogMetal: Display: Viewport Size Mismatch: Drawable W:3024.000000 H:1900.000000, Viewport W:2104 H:1434
[2026.09.04-00.41.18:153][850]LogMetal: Display: Viewport Size Mismatch: Drawable W:3024.000000 H:1900.000000, Texture W:1900 H:1900, Viewport W:2104.000000 H:1434.000000, layer frame W:1512.000000, H:950.000000
[2026.09.04-00.41.18:208][851]LogMotionWorldNetwork: Display: MotionWorld network observation sent: session=8D77D263F54B episode=7310 observation=25 state_sequence=104 simulation_time_s=5.911000 facing_yaw_deg=0.000000 previous_action_present=true previous_action_source=24.
[2026.09.04-00.41.18:208][851]LogMotionWorldBridge: Display: MotionWorld command echo: revision=31 frame=character_local resolved=true facing_yaw_deg=0.00 finite=true requested_frame=(100.00, 0.00, 0.00) submitted_world=(100.00, 0.00, 0.00) echoed_world=(100.00, 0.00, 0.00) match=true
[2026.09.04-00.41.18:209][851]LogMetal: Display: Viewport Size Mismatch: Drawable W:3024.000000 H:1900.000000, Viewport W:2104 H:1434
[2026.09.04-00.41.18:209][851]LogMetal: Display: Viewport Size Mismatch: Drawable W:3024.000000 H:1900.000000, Texture W:1900 H:1900, Viewport W:2104.000000 H:1434.000000, layer frame W:1512.000000, H:950.000000
[2026.09.04-00.41.18:210][851]LogMetal: Display: Viewport Size Mismatch: Drawable W:3024.000000 H:1900.000000, Viewport W:2104 H:1434
[2026.09.04-00.41.18:210][851]LogMetal: Display: Viewport Size Mismatch: Drawable W:3024.000000 H:1900.000000, Viewport W:2104 H:1434
[2026.09.04-00.41.18:210][851]LogMetal: Display: Viewport Size Mismatch: Drawable W:3024.000000 H:1900.000000, Texture W:1900 H:1900, Viewport W:2104.000000 H:1434.000000, layer frame W:1512.000000, H:950.000000
[2026.09.04-00.41.18:255][852]LogMotionWorldNetwork: Display: MotionWorld network observation sent: session=8D77D263F54B episode=7310 observation=26 state_sequence=105 simulation_time_s=5.958000 facing_yaw_deg=0.000000 previous_action_present=true previous_action_source=24.
[2026.09.04-00.41.18:255][852]LogMotionWorldBridge: Display: MotionWorld command echo: revision=32 frame=character_local resolved=true facing_yaw_deg=0.00 finite=true requested_frame=(100.00, 0.00, 0.00) submitted_world=(100.00, 0.00, 0.00) echoed_world=(100.00, 0.00, 0.00) match=true
[2026.09.04-00.41.18:255][852]LogMetal: Display: Viewport Size Mismatch: Drawable W:3024.000000 H:1900.000000, Viewport W:2104 H:1434
[2026.09.04-00.41.18:255][852]LogMetal: Display: Viewport Size Mismatch: Drawable W:3024.000000 H:1900.000000, Texture W:1900 H:1900, Viewport W:2104.000000 H:1434.000000, layer frame W:1512.000000, H:950.000000
[2026.09.04-00.41.18:256][852]LogMetal: Display: Viewport Size Mismatch: Drawable W:3024.000000 H:1900.000000, Viewport W:2104 H:1434
[2026.09.04-00.41.18:261][852]LogMetal: Display: Viewport Size Mismatch: Drawable W:3024.000000 H:1900.000000, Viewport W:2104 H:1434
[2026.09.04-00.41.18:261][852]LogMetal: Display: Viewport Size Mismatch: Drawable W:3024.000000 H:1900.000000, Texture W:1900 H:1900, Viewport W:2104.000000 H:1434.000000, layer frame W:1512.000000, H:950.000000
[2026.09.04-00.41.18:301][853]LogMotionWorldNetwork: Display: MotionWorld network action accepted: session=8D77D263F54B episode=7310 source_observation=26 desired_local_cm_per_sec=(100.000000, 0.000000) unreal_end_to_end_latency_ms=46.364583 current_identity_match=true before_deadline=true.
[2026.09.04-00.41.18:302][853]LogMetal: Display: Viewport Size Mismatch: Drawable W:3024.000000 H:1900.000000, Viewport W:2104 H:1434
[2026.09.04-00.41.18:302][853]LogMetal: Display: Viewport Size Mismatch: Drawable W:3024.000000 H:1900.000000, Texture W:1900 H:1900, Viewport W:2104.000000 H:1434.000000, layer frame W:1512.000000, H:950.000000
[2026.09.04-00.41.18:306][853]LogMetal: Display: Viewport Size Mismatch: Drawable W:3024.000000 H:1900.000000, Viewport W:2104 H:1434
[2026.09.04-00.41.18:306][853]LogMetal: Display: Viewport Size Mismatch: Drawable W:3024.000000 H:1900.000000, Viewport W:2104 H:1434
[2026.09.04-00.41.18:306][853]LogMetal: Display: Viewport Size Mismatch: Drawable W:3024.000000 H:1900.000000, Texture W:1900 H:1900, Viewport W:2104.000000 H:1434.000000, layer frame W:1512.000000, H:950.000000
[2026.09.04-00.41.18:354][854]LogMotionWorldNetwork: Display: MotionWorld network observation sent: session=8D77D263F54B episode=7310 observation=27 state_sequence=107 simulation_time_s=6.057000 facing_yaw_deg=0.000000 previous_action_present=true previous_action_source=26.
[2026.09.04-00.41.18:354][854]LogMotionWorldBridge: Display: MotionWorld command echo: revision=33 frame=character_local resolved=true facing_yaw_deg=0.00 finite=true requested_frame=(100.00, 0.00, 0.00) submitted_world=(100.00, 0.00, 0.00) echoed_world=(100.00, 0.00, 0.00) match=true
[2026.09.04-00.41.18:358][854]LogMetal: Display: Viewport Size Mismatch: Drawable W:3024.000000 H:1900.000000, Viewport W:2104 H:1434
[2026.09.04-00.41.18:358][854]LogMetal: Display: Viewport Size Mismatch: Drawable W:3024.000000 H:1900.000000, Texture W:1900 H:1900, Viewport W:2104.000000 H:1434.000000, layer frame W:1512.000000, H:950.000000
[2026.09.04-00.41.18:359][854]LogMetal: Display: Viewport Size Mismatch: Drawable W:3024.000000 H:1900.000000, Viewport W:2104 H:1434
[2026.09.04-00.41.18:361][854]LogMetal: Display: Viewport Size Mismatch: Drawable W:3024.000000 H:1900.000000, Viewport W:2104 H:1434
[2026.09.04-00.41.18:361][854]LogMetal: Display: Viewport Size Mismatch: Drawable W:3024.000000 H:1900.000000, Texture W:1900 H:1900, Viewport W:2104.000000 H:1434.000000, layer frame W:1512.000000, H:950.000000
[2026.09.04-00.41.18:435][855]LogMotionWorldNetwork: Display: MotionWorld network action accepted: session=8D77D263F54B episode=7310 source_observation=27 desired_local_cm_per_sec=(100.000000, 0.000000) unreal_end_to_end_latency_ms=81.243087 current_identity_match=true before_deadline=true.
[2026.09.04-00.41.18:440][855]LogMetal: Display: Viewport Size Mismatch: Drawable W:3024.000000 H:1900.000000, Viewport W:2104 H:1434
[2026.09.04-00.41.18:440][855]LogMetal: Display: Viewport Size Mismatch: Drawable W:3024.000000 H:1900.000000, Texture W:1900 H:1900, Viewport W:2104.000000 H:1434.000000, layer frame W:1512.000000, H:950.000000
[2026.09.04-00.41.18:441][855]LogMetal: Display: Viewport Size Mismatch: Drawable W:3024.000000 H:1900.000000, Viewport W:2104 H:1434
[2026.09.04-00.41.18:441][855]LogMetal: Display: Viewport Size Mismatch: Drawable W:3024.000000 H:1900.000000, Viewport W:2104 H:1434
[2026.09.04-00.41.18:441][855]LogMetal: Display: Viewport Size Mismatch: Drawable W:3024.000000 H:1900.000000, Texture W:1900 H:1900, Viewport W:2104.000000 H:1434.000000, layer frame W:1512.000000, H:950.000000
[2026.09.04-00.41.18:500][856]LogMotionWorldNetwork: Display: MotionWorld network observation sent: session=8D77D263F54B episode=7310 observation=28 state_sequence=109 simulation_time_s=6.204000 facing_yaw_deg=0.000000 previous_action_present=true previous_action_source=27.
[2026.09.04-00.41.18:500][856]LogMotionWorldBridge: Display: MotionWorld command echo: revision=34 frame=character_local resolved=true facing_yaw_deg=0.00 finite=true requested_frame=(100.00, 0.00, 0.00) submitted_world=(100.00, 0.00, 0.00) echoed_world=(100.00, 0.00, 0.00) match=true
[2026.09.04-00.41.18:505][856]LogMetal: Display: Viewport Size Mismatch: Drawable W:3024.000000 H:1900.000000, Viewport W:2104 H:1434
[2026.09.04-00.41.18:505][856]LogMetal: Display: Viewport Size Mismatch: Drawable W:3024.000000 H:1900.000000, Texture W:1900 H:1900, Viewport W:2104.000000 H:1434.000000, layer frame W:1512.000000, H:950.000000
[2026.09.04-00.41.18:505][856]LogMetal: Display: Viewport Size Mismatch: Drawable W:3024.000000 H:1900.000000, Viewport W:2104 H:1434
[2026.09.04-00.41.18:505][856]LogMetal: Display: Viewport Size Mismatch: Drawable W:3024.000000 H:1900.000000, Viewport W:2104 H:1434
[2026.09.04-00.41.18:505][856]LogMetal: Display: Viewport Size Mismatch: Drawable W:3024.000000 H:1900.000000, Texture W:1900 H:1900, Viewport W:2104.000000 H:1434.000000, layer frame W:1512.000000, H:950.000000
[2026.09.04-00.41.18:572][857]LogMotionWorldNetwork: Display: MotionWorld network observation sent: session=8D77D263F54B episode=7310 observation=29 state_sequence=110 simulation_time_s=6.275000 facing_yaw_deg=0.000000 previous_action_present=true previous_action_source=27.
[2026.09.04-00.41.18:572][857]LogMotionWorldBridge: Display: MotionWorld command echo: revision=35 frame=character_local resolved=true facing_yaw_deg=0.00 finite=true requested_frame=(100.00, 0.00, 0.00) submitted_world=(100.00, 0.00, 0.00) echoed_world=(100.00, 0.00, 0.00) match=true
[2026.09.04-00.41.18:572][857]LogMetal: Display: Viewport Size Mismatch: Drawable W:3024.000000 H:1900.000000, Viewport W:2104 H:1434
[2026.09.04-00.41.18:573][857]LogMetal: Display: Viewport Size Mismatch: Drawable W:3024.000000 H:1900.000000, Texture W:1900 H:1900, Viewport W:2104.000000 H:1434.000000, layer frame W:1512.000000, H:950.000000
[2026.09.04-00.41.18:573][857]LogMetal: Display: Viewport Size Mismatch: Drawable W:3024.000000 H:1900.000000, Viewport W:2104 H:1434
[2026.09.04-00.41.18:573][857]LogMetal: Display: Viewport Size Mismatch: Drawable W:3024.000000 H:1900.000000, Viewport W:2104 H:1434
[2026.09.04-00.41.18:573][857]LogMetal: Display: Viewport Size Mismatch: Drawable W:3024.000000 H:1900.000000, Texture W:1900 H:1900, Viewport W:2104.000000 H:1434.000000, layer frame W:1512.000000, H:950.000000
[2026.09.04-00.41.18:634][858]LogMotionWorldNetwork: Display: MotionWorld network action accepted: session=8D77D263F54B episode=7310 source_observation=29 desired_local_cm_per_sec=(100.000000, 0.000000) unreal_end_to_end_latency_ms=62.654540 current_identity_match=true before_deadline=true.
[2026.09.04-00.41.18:635][858]LogMetal: Display: Viewport Size Mismatch: Drawable W:3024.000000 H:1900.000000, Viewport W:2104 H:1434
[2026.09.04-00.41.18:635][858]LogMetal: Display: Viewport Size Mismatch: Drawable W:3024.000000 H:1900.000000, Texture W:1900 H:1900, Viewport W:2104.000000 H:1434.000000, layer frame W:1512.000000, H:950.000000
[2026.09.04-00.41.18:636][858]LogMetal: Display: Viewport Size Mismatch: Drawable W:3024.000000 H:1900.000000, Viewport W:2104 H:1434
[2026.09.04-00.41.18:636][858]LogMetal: Display: Viewport Size Mismatch: Drawable W:3024.000000 H:1900.000000, Viewport W:2104 H:1434
[2026.09.04-00.41.18:637][858]LogMetal: Display: Viewport Size Mismatch: Drawable W:3024.000000 H:1900.000000, Texture W:1900 H:1900, Viewport W:2104.000000 H:1434.000000, layer frame W:1512.000000, H:950.000000
[2026.09.04-00.41.18:691][859]LogMotionWorldNetwork: Display: MotionWorld network observation sent: session=8D77D263F54B episode=7310 observation=30 state_sequence=112 simulation_time_s=6.397000 facing_yaw_deg=0.000000 previous_action_present=true previous_action_source=29.
[2026.09.04-00.41.18:691][859]LogMotionWorldBridge: Display: MotionWorld command echo: revision=36 frame=character_local resolved=true facing_yaw_deg=0.00 finite=true requested_frame=(100.00, 0.00, 0.00) submitted_world=(100.00, 0.00, 0.00) echoed_world=(100.00, 0.00, 0.00) match=true
[2026.09.04-00.41.18:692][859]LogMetal: Display: Viewport Size Mismatch: Drawable W:3024.000000 H:1900.000000, Viewport W:2104 H:1434
[2026.09.04-00.41.18:693][859]LogMetal: Display: Viewport Size Mismatch: Drawable W:3024.000000 H:1900.000000, Texture W:1900 H:1900, Viewport W:2104.000000 H:1434.000000, layer frame W:1512.000000, H:950.000000
[2026.09.04-00.41.18:693][859]LogMetal: Display: Viewport Size Mismatch: Drawable W:3024.000000 H:1900.000000, Viewport W:2104 H:1434
[2026.09.04-00.41.18:694][859]LogMetal: Display: Viewport Size Mismatch: Drawable W:3024.000000 H:1900.000000, Viewport W:2104 H:1434
[2026.09.04-00.41.18:694][859]LogMetal: Display: Viewport Size Mismatch: Drawable W:3024.000000 H:1900.000000, Texture W:1900 H:1900, Viewport W:2104.000000 H:1434.000000, layer frame W:1512.000000, H:950.000000
[2026.09.04-00.41.18:739][859]LogMetal: Display: Viewport Size Mismatch: Drawable W:3024.000000 H:1900.000000, Viewport W:2104 H:1434
[2026.09.04-00.41.18:739][859]LogMetal: Display: Viewport Size Mismatch: Drawable W:3024.000000 H:1900.000000, Texture W:1900 H:1900, Viewport W:2104.000000 H:1434.000000, layer frame W:1512.000000, H:950.000000
[2026.09.04-00.41.18:740][859]LogMetal: Display: Viewport Size Mismatch: Drawable W:3024.000000 H:1900.000000, Viewport W:2104 H:1434
[2026.09.04-00.41.18:756][860]LogMotionWorldNetwork: Display: MotionWorld network observation sent: session=8D77D263F54B episode=7310 observation=31 state_sequence=113 simulation_time_s=6.458000 facing_yaw_deg=0.000000 previous_action_present=true previous_action_source=29.
[2026.09.04-00.41.18:756][860]LogMotionWorldBridge: Display: MotionWorld command echo: revision=37 frame=character_local resolved=true facing_yaw_deg=0.00 finite=true requested_frame=(100.00, 0.00, 0.00) submitted_world=(100.00, 0.00, 0.00) echoed_world=(100.00, 0.00, 0.00) match=true
[2026.09.04-00.41.18:761][860]LogMetal: Display: Viewport Size Mismatch: Drawable W:3024.000000 H:1900.000000, Viewport W:2104 H:1434
[2026.09.04-00.41.18:761][860]LogMetal: Display: Viewport Size Mismatch: Drawable W:3024.000000 H:1900.000000, Texture W:1900 H:1900, Viewport W:2104.000000 H:1434.000000, layer frame W:1512.000000, H:950.000000
[2026.09.04-00.41.18:794][861]LogMotionWorldNetwork: Display: MotionWorld network action accepted: session=8D77D263F54B episode=7310 source_observation=31 desired_local_cm_per_sec=(100.000000, 0.000000) unreal_end_to_end_latency_ms=38.845334 current_identity_match=true before_deadline=true.
[2026.09.04-00.41.18:795][861]LogMetal: Display: Viewport Size Mismatch: Drawable W:3024.000000 H:1900.000000, Viewport W:2104 H:1434
[2026.09.04-00.41.18:796][861]LogMetal: Display: Viewport Size Mismatch: Drawable W:3024.000000 H:1900.000000, Texture W:1900 H:1900, Viewport W:2104.000000 H:1434.000000, layer frame W:1512.000000, H:950.000000
[2026.09.04-00.41.18:797][861]LogMetal: Display: Viewport Size Mismatch: Drawable W:3024.000000 H:1900.000000, Viewport W:2104 H:1434
[2026.09.04-00.41.18:797][861]LogMetal: Display: Viewport Size Mismatch: Drawable W:3024.000000 H:1900.000000, Viewport W:2104 H:1434
[2026.09.04-00.41.18:797][861]LogMetal: Display: Viewport Size Mismatch: Drawable W:3024.000000 H:1900.000000, Texture W:1900 H:1900, Viewport W:2104.000000 H:1434.000000, layer frame W:1512.000000, H:950.000000
[2026.09.04-00.41.18:862][862]LogMotionWorldNetwork: Display: MotionWorld network observation sent: session=8D77D263F54B episode=7310 observation=32 state_sequence=115 simulation_time_s=6.566000 facing_yaw_deg=0.000000 previous_action_present=true previous_action_source=31.
[2026.09.04-00.41.18:862][862]LogMotionWorldBridge: Display: MotionWorld command echo: revision=38 frame=character_local resolved=true facing_yaw_deg=0.00 finite=true requested_frame=(100.00, 0.00, 0.00) submitted_world=(100.00, 0.00, 0.00) echoed_world=(100.00, 0.00, 0.00) match=true
[2026.09.04-00.41.18:863][862]LogMetal: Display: Viewport Size Mismatch: Drawable W:3024.000000 H:1900.000000, Viewport W:2104 H:1434
[2026.09.04-00.41.18:863][862]LogMetal: Display: Viewport Size Mismatch: Drawable W:3024.000000 H:1900.000000, Texture W:1900 H:1900, Viewport W:2104.000000 H:1434.000000, layer frame W:1512.000000, H:950.000000
[2026.09.04-00.41.18:864][862]LogMetal: Display: Viewport Size Mismatch: Drawable W:3024.000000 H:1900.000000, Viewport W:2104 H:1434
[2026.09.04-00.41.18:864][862]LogMetal: Display: Viewport Size Mismatch: Drawable W:3024.000000 H:1900.000000, Viewport W:2104 H:1434
[2026.09.04-00.41.18:864][862]LogMetal: Display: Viewport Size Mismatch: Drawable W:3024.000000 H:1900.000000, Texture W:1900 H:1900, Viewport W:2104.000000 H:1434.000000, layer frame W:1512.000000, H:950.000000
[2026.09.04-00.41.18:927][863]LogMotionWorldNetwork: Display: MotionWorld network action accepted: session=8D77D263F54B episode=7310 source_observation=32 desired_local_cm_per_sec=(100.000000, 0.000000) unreal_end_to_end_latency_ms=65.736253 current_identity_match=true before_deadline=true.
[2026.09.04-00.41.18:931][863]LogMetal: Display: Viewport Size Mismatch: Drawable W:3024.000000 H:1900.000000, Viewport W:2104 H:1434
[2026.09.04-00.41.18:931][863]LogMetal: Display: Viewport Size Mismatch: Drawable W:3024.000000 H:1900.000000, Texture W:1900 H:1900, Viewport W:2104.000000 H:1434.000000, layer frame W:1512.000000, H:950.000000
[2026.09.04-00.41.18:933][863]LogMetal: Display: Viewport Size Mismatch: Drawable W:3024.000000 H:1900.000000, Viewport W:2104 H:1434
[2026.09.04-00.41.18:933][863]LogMetal: Display: Viewport Size Mismatch: Drawable W:3024.000000 H:1900.000000, Viewport W:2104 H:1434
[2026.09.04-00.41.18:933][863]LogMetal: Display: Viewport Size Mismatch: Drawable W:3024.000000 H:1900.000000, Texture W:1900 H:1900, Viewport W:2104.000000 H:1434.000000, layer frame W:1512.000000, H:950.000000
[2026.09.04-00.41.18:976][864]LogMotionWorldNetwork: Display: MotionWorld network observation sent: session=8D77D263F54B episode=7310 observation=33 state_sequence=117 simulation_time_s=6.680000 facing_yaw_deg=0.000000 previous_action_present=true previous_action_source=32.
[2026.09.04-00.41.18:976][864]LogMotionWorldBridge: Display: MotionWorld command echo: revision=39 frame=character_local resolved=true facing_yaw_deg=0.00 finite=true requested_frame=(100.00, 0.00, 0.00) submitted_world=(100.00, 0.00, 0.00) echoed_world=(100.00, 0.00, 0.00) match=true
[2026.09.04-00.41.18:977][864]LogMetal: Display: Viewport Size Mismatch: Drawable W:3024.000000 H:1900.000000, Viewport W:2104 H:1434
[2026.09.04-00.41.18:977][864]LogMetal: Display: Viewport Size Mismatch: Drawable W:3024.000000 H:1900.000000, Texture W:1900 H:1900, Viewport W:2104.000000 H:1434.000000, layer frame W:1512.000000, H:950.000000
[2026.09.04-00.41.18:977][864]LogMetal: Display: Viewport Size Mismatch: Drawable W:3024.000000 H:1900.000000, Viewport W:2104 H:1434
[2026.09.04-00.41.18:977][864]LogMetal: Display: Viewport Size Mismatch: Drawable W:3024.000000 H:1900.000000, Viewport W:2104 H:1434
[2026.09.04-00.41.18:977][864]LogMetal: Display: Viewport Size Mismatch: Drawable W:3024.000000 H:1900.000000, Texture W:1900 H:1900, Viewport W:2104.000000 H:1434.000000, layer frame W:1512.000000, H:950.000000
[2026.09.04-00.41.19:033][865]LogMotionWorldNetwork: Display: MotionWorld network action accepted: session=8D77D263F54B episode=7310 source_observation=33 desired_local_cm_per_sec=(100.000000, 0.000000) unreal_end_to_end_latency_ms=58.602583 current_identity_match=true before_deadline=true.
[2026.09.04-00.41.19:035][865]LogMetal: Display: Viewport Size Mismatch: Drawable W:3024.000000 H:1900.000000, Viewport W:2104 H:1434
[2026.09.04-00.41.19:035][865]LogMetal: Display: Viewport Size Mismatch: Drawable W:3024.000000 H:1900.000000, Texture W:1900 H:1900, Viewport W:2104.000000 H:1434.000000, layer frame W:1512.000000, H:950.000000
[2026.09.04-00.41.19:035][865]LogMetal: Display: Viewport Size Mismatch: Drawable W:3024.000000 H:1900.000000, Viewport W:2104 H:1434
[2026.09.04-00.41.19:035][865]LogMetal: Display: Viewport Size Mismatch: Drawable W:3024.000000 H:1900.000000, Viewport W:2104 H:1434
[2026.09.04-00.41.19:035][865]LogMetal: Display: Viewport Size Mismatch: Drawable W:3024.000000 H:1900.000000, Texture W:1900 H:1900, Viewport W:2104.000000 H:1434.000000, layer frame W:1512.000000, H:950.000000
[2026.09.04-00.41.19:095][866]LogMotionWorldNetwork: Display: MotionWorld network observation sent: session=8D77D263F54B episode=7310 observation=34 state_sequence=119 simulation_time_s=6.800000 facing_yaw_deg=0.000000 previous_action_present=true previous_action_source=33.
[2026.09.04-00.41.19:095][866]LogMotionWorldBridge: Display: MotionWorld command echo: revision=40 frame=character_local resolved=true facing_yaw_deg=0.00 finite=true requested_frame=(100.00, 0.00, 0.00) submitted_world=(100.00, 0.00, 0.00) echoed_world=(100.00, 0.00, 0.00) match=true
[2026.09.04-00.41.19:097][866]LogMetal: Display: Viewport Size Mismatch: Drawable W:3024.000000 H:1900.000000, Viewport W:2104 H:1434
[2026.09.04-00.41.19:097][866]LogMetal: Display: Viewport Size Mismatch: Drawable W:3024.000000 H:1900.000000, Texture W:1900 H:1900, Viewport W:2104.000000 H:1434.000000, layer frame W:1512.000000, H:950.000000
[2026.09.04-00.41.19:099][866]LogMetal: Display: Viewport Size Mismatch: Drawable W:3024.000000 H:1900.000000, Viewport W:2104 H:1434
[2026.09.04-00.41.19:099][866]LogMetal: Display: Viewport Size Mismatch: Drawable W:3024.000000 H:1900.000000, Viewport W:2104 H:1434
[2026.09.04-00.41.19:099][866]LogMetal: Display: Viewport Size Mismatch: Drawable W:3024.000000 H:1900.000000, Texture W:1900 H:1900, Viewport W:2104.000000 H:1434.000000, layer frame W:1512.000000, H:950.000000
[2026.09.04-00.41.19:145][867]LogMotionWorldBridge: Display: MotionWorld state sample: protocol=1 sequence=120 valid=true mover_step_frame=121 sim_time_s=6.851000 step_s=0.051000 resim=false mode=Walking position_world_cm=(-470.94, 0.00, 88.27) velocity_world_cm_per_sec=(100.00, 0.00, 0.00) velocity_local_planar_cm_per_sec=(100.00, 0.00, 0.00) facing_yaw_deg=0.00 facing_unit_world=(1.000000, 0.000000) angular_velocity_world_deg_per_sec=(0.00, 0.00, 0.00)
[2026.09.04-00.41.19:148][867]LogMotionWorldBridge: Display: MotionWorld transition recorded: episode=7310 transition_sequence=59 previous_state_sequence=119 next_state_sequence=120 delta_s=0.051000 action_world_cm_per_sec=(100.00, 0.00, 0.00) action_local_cm_per_sec=(100.00, 0.00, 0.00) automated=true recorded=60 rejected=0.
[2026.09.04-00.41.19:148][867]LogMetal: Display: Viewport Size Mismatch: Drawable W:3024.000000 H:1900.000000, Viewport W:2104 H:1434
[2026.09.04-00.41.19:148][867]LogMetal: Display: Viewport Size Mismatch: Drawable W:3024.000000 H:1900.000000, Texture W:1900 H:1900, Viewport W:2104.000000 H:1434.000000, layer frame W:1512.000000, H:950.000000
[2026.09.04-00.41.19:148][867]LogMetal: Display: Viewport Size Mismatch: Drawable W:3024.000000 H:1900.000000, Viewport W:2104 H:1434
[2026.09.04-00.41.19:148][867]LogMetal: Display: Viewport Size Mismatch: Drawable W:3024.000000 H:1900.000000, Viewport W:2104 H:1434
[2026.09.04-00.41.19:148][867]LogMetal: Display: Viewport Size Mismatch: Drawable W:3024.000000 H:1900.000000, Texture W:1900 H:1900, Viewport W:2104.000000 H:1434.000000, layer frame W:1512.000000, H:950.000000
[2026.09.04-00.41.19:149][867]LogMotionWorldNetwork: Display: MotionWorld network action accepted: session=8D77D263F54B episode=7310 source_observation=34 desired_local_cm_per_sec=(100.000000, 0.000000) unreal_end_to_end_latency_ms=54.341208 current_identity_match=true before_deadline=true.
[2026.09.04-00.41.19:202][868]LogMotionWorldNetwork: Display: MotionWorld network observation sent: session=8D77D263F54B episode=7310 observation=35 state_sequence=121 simulation_time_s=6.908000 facing_yaw_deg=0.000000 previous_action_present=true previous_action_source=34.
[2026.09.04-00.41.19:202][868]LogMotionWorldBridge: Display: MotionWorld command echo: revision=41 frame=character_local resolved=true facing_yaw_deg=0.00 finite=true requested_frame=(100.00, 0.00, 0.00) submitted_world=(100.00, 0.00, 0.00) echoed_world=(100.00, 0.00, 0.00) match=true
[2026.09.04-00.41.19:204][868]LogMetal: Display: Viewport Size Mismatch: Drawable W:3024.000000 H:1900.000000, Viewport W:2104 H:1434
[2026.09.04-00.41.19:204][868]LogMetal: Display: Viewport Size Mismatch: Drawable W:3024.000000 H:1900.000000, Texture W:1900 H:1900, Viewport W:2104.000000 H:1434.000000, layer frame W:1512.000000, H:950.000000
[2026.09.04-00.41.19:204][868]LogMetal: Display: Viewport Size Mismatch: Drawable W:3024.000000 H:1900.000000, Viewport W:2104 H:1434
[2026.09.04-00.41.19:204][868]LogMetal: Display: Viewport Size Mismatch: Drawable W:3024.000000 H:1900.000000, Viewport W:2104 H:1434
[2026.09.04-00.41.19:204][868]LogMetal: Display: Viewport Size Mismatch: Drawable W:3024.000000 H:1900.000000, Texture W:1900 H:1900, Viewport W:2104.000000 H:1434.000000, layer frame W:1512.000000, H:950.000000
[2026.09.04-00.41.19:265][869]LogMotionWorldNetwork: Display: MotionWorld network observation sent: session=8D77D263F54B episode=7310 observation=36 state_sequence=122 simulation_time_s=6.969000 facing_yaw_deg=0.000000 previous_action_present=true previous_action_source=34.
[2026.09.04-00.41.19:265][869]LogMotionWorldBridge: Display: MotionWorld command echo: revision=42 frame=character_local resolved=true facing_yaw_deg=0.00 finite=true requested_frame=(100.00, 0.00, 0.00) submitted_world=(100.00, 0.00, 0.00) echoed_world=(100.00, 0.00, 0.00) match=true
[2026.09.04-00.41.19:270][869]LogMetal: Display: Viewport Size Mismatch: Drawable W:3024.000000 H:1900.000000, Viewport W:2104 H:1434
[2026.09.04-00.41.19:270][869]LogMetal: Display: Viewport Size Mismatch: Drawable W:3024.000000 H:1900.000000, Texture W:1900 H:1900, Viewport W:2104.000000 H:1434.000000, layer frame W:1512.000000, H:950.000000
[2026.09.04-00.41.19:271][869]LogMetal: Display: Viewport Size Mismatch: Drawable W:3024.000000 H:1900.000000, Viewport W:2104 H:1434
[2026.09.04-00.41.19:271][869]LogMetal: Display: Viewport Size Mismatch: Drawable W:3024.000000 H:1900.000000, Viewport W:2104 H:1434
[2026.09.04-00.41.19:271][869]LogMetal: Display: Viewport Size Mismatch: Drawable W:3024.000000 H:1900.000000, Texture W:1900 H:1900, Viewport W:2104.000000 H:1434.000000, layer frame W:1512.000000, H:950.000000
[2026.09.04-00.41.19:308][870]LogMotionWorldNetwork: Display: MotionWorld network action accepted: session=8D77D263F54B episode=7310 source_observation=36 desired_local_cm_per_sec=(100.000000, 0.000000) unreal_end_to_end_latency_ms=43.614835 current_identity_match=true before_deadline=true.
[2026.09.04-00.41.19:309][870]LogMetal: Display: Viewport Size Mismatch: Drawable W:3024.000000 H:1900.000000, Viewport W:2104 H:1434
[2026.09.04-00.41.19:309][870]LogMetal: Display: Viewport Size Mismatch: Drawable W:3024.000000 H:1900.000000, Texture W:1900 H:1900, Viewport W:2104.000000 H:1434.000000, layer frame W:1512.000000, H:950.000000
[2026.09.04-00.41.19:311][870]LogMetal: Display: Viewport Size Mismatch: Drawable W:3024.000000 H:1900.000000, Viewport W:2104 H:1434
[2026.09.04-00.41.19:311][870]LogMetal: Display: Viewport Size Mismatch: Drawable W:3024.000000 H:1900.000000, Viewport W:2104 H:1434
[2026.09.04-00.41.19:311][870]LogMetal: Display: Viewport Size Mismatch: Drawable W:3024.000000 H:1900.000000, Texture W:1900 H:1900, Viewport W:2104.000000 H:1434.000000, layer frame W:1512.000000, H:950.000000
[2026.09.04-00.41.19:360][871]LogMotionWorldNetwork: Display: MotionWorld network observation sent: session=8D77D263F54B episode=7310 observation=37 state_sequence=124 simulation_time_s=7.063000 facing_yaw_deg=0.000000 previous_action_present=true previous_action_source=36.
[2026.09.04-00.41.19:360][871]LogMotionWorldBridge: Display: MotionWorld command echo: revision=43 frame=character_local resolved=true facing_yaw_deg=0.00 finite=true requested_frame=(100.00, 0.00, 0.00) submitted_world=(100.00, 0.00, 0.00) echoed_world=(100.00, 0.00, 0.00) match=true
[2026.09.04-00.41.19:367][871]LogMetal: Display: Viewport Size Mismatch: Drawable W:3024.000000 H:1900.000000, Viewport W:2104 H:1434
[2026.09.04-00.41.19:367][871]LogMetal: Display: Viewport Size Mismatch: Drawable W:3024.000000 H:1900.000000, Texture W:1900 H:1900, Viewport W:2104.000000 H:1434.000000, layer frame W:1512.000000, H:950.000000
[2026.09.04-00.41.19:369][871]LogMetal: Display: Viewport Size Mismatch: Drawable W:3024.000000 H:1900.000000, Viewport W:2104 H:1434
[2026.09.04-00.41.19:369][871]LogMetal: Display: Viewport Size Mismatch: Drawable W:3024.000000 H:1900.000000, Viewport W:2104 H:1434
[2026.09.04-00.41.19:369][871]LogMetal: Display: Viewport Size Mismatch: Drawable W:3024.000000 H:1900.000000, Texture W:1900 H:1900, Viewport W:2104.000000 H:1434.000000, layer frame W:1512.000000, H:950.000000
[2026.09.04-00.41.19:426][872]LogMotionWorldNetwork: Display: MotionWorld network action accepted: session=8D77D263F54B episode=7310 source_observation=37 desired_local_cm_per_sec=(100.000000, 0.000000) unreal_end_to_end_latency_ms=66.554043 current_identity_match=true before_deadline=true.
[2026.09.04-00.41.19:427][872]LogMetal: Display: Viewport Size Mismatch: Drawable W:3024.000000 H:1900.000000, Viewport W:2104 H:1434
[2026.09.04-00.41.19:428][872]LogMetal: Display: Viewport Size Mismatch: Drawable W:3024.000000 H:1900.000000, Texture W:1900 H:1900, Viewport W:2104.000000 H:1434.000000, layer frame W:1512.000000, H:950.000000
[2026.09.04-00.41.19:429][872]LogMetal: Display: Viewport Size Mismatch: Drawable W:3024.000000 H:1900.000000, Viewport W:2104 H:1434
[2026.09.04-00.41.19:429][872]LogMetal: Display: Viewport Size Mismatch: Drawable W:3024.000000 H:1900.000000, Viewport W:2104 H:1434
[2026.09.04-00.41.19:429][872]LogMetal: Display: Viewport Size Mismatch: Drawable W:3024.000000 H:1900.000000, Texture W:1900 H:1900, Viewport W:2104.000000 H:1434.000000, layer frame W:1512.000000, H:950.000000
[2026.09.04-00.41.19:492][873]LogMotionWorldNetwork: Display: MotionWorld network observation sent: session=8D77D263F54B episode=7310 observation=38 state_sequence=126 simulation_time_s=7.196000 facing_yaw_deg=0.000000 previous_action_present=true previous_action_source=37.
[2026.09.04-00.41.19:492][873]LogMotionWorldBridge: Display: MotionWorld command echo: revision=44 frame=character_local resolved=true facing_yaw_deg=0.00 finite=true requested_frame=(100.00, 0.00, 0.00) submitted_world=(100.00, 0.00, 0.00) echoed_world=(100.00, 0.00, 0.00) match=true
[2026.09.04-00.41.19:493][873]LogMetal: Display: Viewport Size Mismatch: Drawable W:3024.000000 H:1900.000000, Viewport W:2104 H:1434
[2026.09.04-00.41.19:493][873]LogMetal: Display: Viewport Size Mismatch: Drawable W:3024.000000 H:1900.000000, Texture W:1900 H:1900, Viewport W:2104.000000 H:1434.000000, layer frame W:1512.000000, H:950.000000
[2026.09.04-00.41.19:494][873]LogMetal: Display: Viewport Size Mismatch: Drawable W:3024.000000 H:1900.000000, Viewport W:2104 H:1434
[2026.09.04-00.41.19:495][873]LogMetal: Display: Viewport Size Mismatch: Drawable W:3024.000000 H:1900.000000, Viewport W:2104 H:1434
[2026.09.04-00.41.19:495][873]LogMetal: Display: Viewport Size Mismatch: Drawable W:3024.000000 H:1900.000000, Texture W:1900 H:1900, Viewport W:2104.000000 H:1434.000000, layer frame W:1512.000000, H:950.000000
[2026.09.04-00.41.19:545][874]LogMotionWorldNetwork: Display: MotionWorld network action accepted: session=8D77D263F54B episode=7310 source_observation=38 desired_local_cm_per_sec=(100.000000, 0.000000) unreal_end_to_end_latency_ms=52.960750 current_identity_match=true before_deadline=true.
[2026.09.04-00.41.19:546][874]LogMetal: Display: Viewport Size Mismatch: Drawable W:3024.000000 H:1900.000000, Viewport W:2104 H:1434
[2026.09.04-00.41.19:546][874]LogMetal: Display: Viewport Size Mismatch: Drawable W:3024.000000 H:1900.000000, Texture W:1900 H:1900, Viewport W:2104.000000 H:1434.000000, layer frame W:1512.000000, H:950.000000
[2026.09.04-00.41.19:547][874]LogMetal: Display: Viewport Size Mismatch: Drawable W:3024.000000 H:1900.000000, Viewport W:2104 H:1434
[2026.09.04-00.41.19:561][874]LogMetal: Display: Viewport Size Mismatch: Drawable W:3024.000000 H:1900.000000, Viewport W:2104 H:1434
[2026.09.04-00.41.19:561][874]LogMetal: Display: Viewport Size Mismatch: Drawable W:3024.000000 H:1900.000000, Texture W:1900 H:1900, Viewport W:2104.000000 H:1434.000000, layer frame W:1512.000000, H:950.000000
[2026.09.04-00.41.19:599][875]LogMotionWorldNetwork: Display: MotionWorld network observation sent: session=8D77D263F54B episode=7310 observation=39 state_sequence=128 simulation_time_s=7.305000 facing_yaw_deg=0.000000 previous_action_present=true previous_action_source=38.
[2026.09.04-00.41.19:599][875]LogMotionWorldBridge: Display: MotionWorld command echo: revision=45 frame=character_local resolved=true facing_yaw_deg=0.00 finite=true requested_frame=(100.00, 0.00, 0.00) submitted_world=(100.00, 0.00, 0.00) echoed_world=(100.00, 0.00, 0.00) match=true
[2026.09.04-00.41.19:600][875]LogMetal: Display: Viewport Size Mismatch: Drawable W:3024.000000 H:1900.000000, Viewport W:2104 H:1434
[2026.09.04-00.41.19:600][875]LogMetal: Display: Viewport Size Mismatch: Drawable W:3024.000000 H:1900.000000, Texture W:1900 H:1900, Viewport W:2104.000000 H:1434.000000, layer frame W:1512.000000, H:950.000000
[2026.09.04-00.41.19:601][875]LogMetal: Display: Viewport Size Mismatch: Drawable W:3024.000000 H:1900.000000, Viewport W:2104 H:1434
[2026.09.04-00.41.19:601][875]LogMetal: Display: Viewport Size Mismatch: Drawable W:3024.000000 H:1900.000000, Viewport W:2104 H:1434
[2026.09.04-00.41.19:601][875]LogMetal: Display: Viewport Size Mismatch: Drawable W:3024.000000 H:1900.000000, Texture W:1900 H:1900, Viewport W:2104.000000 H:1434.000000, layer frame W:1512.000000, H:950.000000
[2026.09.04-00.41.19:666][876]LogMotionWorldNetwork: Display: MotionWorld network observation sent: session=8D77D263F54B episode=7310 observation=40 state_sequence=129 simulation_time_s=7.370000 facing_yaw_deg=0.000000 previous_action_present=true previous_action_source=38.
[2026.09.04-00.41.19:666][876]LogMotionWorldBridge: Display: MotionWorld command echo: revision=46 frame=character_local resolved=true facing_yaw_deg=0.00 finite=true requested_frame=(100.00, 0.00, 0.00) submitted_world=(100.00, 0.00, 0.00) echoed_world=(100.00, 0.00, 0.00) match=true
[2026.09.04-00.41.19:667][876]LogMetal: Display: Viewport Size Mismatch: Drawable W:3024.000000 H:1900.000000, Viewport W:2104 H:1434
[2026.09.04-00.41.19:667][876]LogMetal: Display: Viewport Size Mismatch: Drawable W:3024.000000 H:1900.000000, Texture W:1900 H:1900, Viewport W:2104.000000 H:1434.000000, layer frame W:1512.000000, H:950.000000
[2026.09.04-00.41.19:667][876]LogMetal: Display: Viewport Size Mismatch: Drawable W:3024.000000 H:1900.000000, Viewport W:2104 H:1434
[2026.09.04-00.41.19:668][876]LogMetal: Display: Viewport Size Mismatch: Drawable W:3024.000000 H:1900.000000, Viewport W:2104 H:1434
[2026.09.04-00.41.19:668][876]LogMetal: Display: Viewport Size Mismatch: Drawable W:3024.000000 H:1900.000000, Texture W:1900 H:1900, Viewport W:2104.000000 H:1434.000000, layer frame W:1512.000000, H:950.000000
[2026.09.04-00.41.19:717][877]LogMotionWorldNetwork: Display: MotionWorld network action accepted: session=8D77D263F54B episode=7310 source_observation=40 desired_local_cm_per_sec=(100.000000, 0.000000) unreal_end_to_end_latency_ms=50.854750 current_identity_match=true before_deadline=true.
[2026.09.04-00.41.19:717][877]LogMetal: Display: Viewport Size Mismatch: Drawable W:3024.000000 H:1900.000000, Viewport W:2104 H:1434
[2026.09.04-00.41.19:717][877]LogMetal: Display: Viewport Size Mismatch: Drawable W:3024.000000 H:1900.000000, Texture W:1900 H:1900, Viewport W:2104.000000 H:1434.000000, layer frame W:1512.000000, H:950.000000
[2026.09.04-00.41.19:718][877]LogMetal: Display: Viewport Size Mismatch: Drawable W:3024.000000 H:1900.000000, Viewport W:2104 H:1434
[2026.09.04-00.41.19:728][877]LogMetal: Display: Viewport Size Mismatch: Drawable W:3024.000000 H:1900.000000, Viewport W:2104 H:1434
[2026.09.04-00.41.19:728][877]LogMetal: Display: Viewport Size Mismatch: Drawable W:3024.000000 H:1900.000000, Texture W:1900 H:1900, Viewport W:2104.000000 H:1434.000000, layer frame W:1512.000000, H:950.000000
[2026.09.04-00.41.19:760][878]LogMotionWorldNetwork: Display: MotionWorld network observation sent: session=8D77D263F54B episode=7310 observation=41 state_sequence=131 simulation_time_s=7.467000 facing_yaw_deg=0.000000 previous_action_present=true previous_action_source=40.
[2026.09.04-00.41.19:760][878]LogMotionWorldBridge: Display: MotionWorld command echo: revision=47 frame=character_local resolved=true facing_yaw_deg=0.00 finite=true requested_frame=(100.00, 0.00, 0.00) submitted_world=(100.00, 0.00, 0.00) echoed_world=(100.00, 0.00, 0.00) match=true
[2026.09.04-00.41.19:762][878]LogMetal: Display: Viewport Size Mismatch: Drawable W:3024.000000 H:1900.000000, Viewport W:2104 H:1434
[2026.09.04-00.41.19:762][878]LogMetal: Display: Viewport Size Mismatch: Drawable W:3024.000000 H:1900.000000, Texture W:1900 H:1900, Viewport W:2104.000000 H:1434.000000, layer frame W:1512.000000, H:950.000000
[2026.09.04-00.41.19:763][878]LogMetal: Display: Viewport Size Mismatch: Drawable W:3024.000000 H:1900.000000, Viewport W:2104 H:1434
[2026.09.04-00.41.19:763][878]LogMetal: Display: Viewport Size Mismatch: Drawable W:3024.000000 H:1900.000000, Viewport W:2104 H:1434
[2026.09.04-00.41.19:763][878]LogMetal: Display: Viewport Size Mismatch: Drawable W:3024.000000 H:1900.000000, Texture W:1900 H:1900, Viewport W:2104.000000 H:1434.000000, layer frame W:1512.000000, H:950.000000
[2026.09.04-00.41.19:823][879]LogMetal: Display: Viewport Size Mismatch: Drawable W:3024.000000 H:1900.000000, Viewport W:2104 H:1434
[2026.09.04-00.41.19:823][879]LogMetal: Display: Viewport Size Mismatch: Drawable W:3024.000000 H:1900.000000, Texture W:1900 H:1900, Viewport W:2104.000000 H:1434.000000, layer frame W:1512.000000, H:950.000000
[2026.09.04-00.41.19:824][879]LogMetal: Display: Viewport Size Mismatch: Drawable W:3024.000000 H:1900.000000, Viewport W:2104 H:1434
[2026.09.04-00.41.19:824][879]LogMotionWorldNetwork: Display: MotionWorld network action accepted: session=8D77D263F54B episode=7310 source_observation=41 desired_local_cm_per_sec=(100.000000, 0.000000) unreal_end_to_end_latency_ms=63.861374 current_identity_match=true before_deadline=true.
[2026.09.04-00.41.19:828][879]LogMetal: Display: Viewport Size Mismatch: Drawable W:3024.000000 H:1900.000000, Viewport W:2104 H:1434
[2026.09.04-00.41.19:828][879]LogMetal: Display: Viewport Size Mismatch: Drawable W:3024.000000 H:1900.000000, Texture W:1900 H:1900, Viewport W:2104.000000 H:1434.000000, layer frame W:1512.000000, H:950.000000
[2026.09.04-00.41.19:891][880]LogMotionWorldNetwork: Display: MotionWorld network observation sent: session=8D77D263F54B episode=7310 observation=42 state_sequence=133 simulation_time_s=7.597000 facing_yaw_deg=0.000000 previous_action_present=true previous_action_source=41.
[2026.09.04-00.41.19:891][880]LogMotionWorldBridge: Display: MotionWorld command echo: revision=48 frame=character_local resolved=true facing_yaw_deg=0.00 finite=true requested_frame=(100.00, 0.00, 0.00) submitted_world=(100.00, 0.00, 0.00) echoed_world=(100.00, 0.00, 0.00) match=true
[2026.09.04-00.41.19:893][880]LogMetal: Display: Viewport Size Mismatch: Drawable W:3024.000000 H:1900.000000, Viewport W:2104 H:1434
[2026.09.04-00.41.19:893][880]LogMetal: Display: Viewport Size Mismatch: Drawable W:3024.000000 H:1900.000000, Texture W:1900 H:1900, Viewport W:2104.000000 H:1434.000000, layer frame W:1512.000000, H:950.000000
[2026.09.04-00.41.19:893][880]LogMetal: Display: Viewport Size Mismatch: Drawable W:3024.000000 H:1900.000000, Viewport W:2104 H:1434
[2026.09.04-00.41.19:895][880]LogMetal: Display: Viewport Size Mismatch: Drawable W:3024.000000 H:1900.000000, Viewport W:2104 H:1434
[2026.09.04-00.41.19:895][880]LogMetal: Display: Viewport Size Mismatch: Drawable W:3024.000000 H:1900.000000, Texture W:1900 H:1900, Viewport W:2104.000000 H:1434.000000, layer frame W:1512.000000, H:950.000000
[2026.09.04-00.41.19:936][881]LogMotionWorldNetwork: Display: MotionWorld network action accepted: session=8D77D263F54B episode=7310 source_observation=42 desired_local_cm_per_sec=(100.000000, 0.000000) unreal_end_to_end_latency_ms=45.073748 current_identity_match=true before_deadline=true.
[2026.09.04-00.41.19:939][881]LogMetal: Display: Viewport Size Mismatch: Drawable W:3024.000000 H:1900.000000, Viewport W:2104 H:1434
[2026.09.04-00.41.19:939][881]LogMetal: Display: Viewport Size Mismatch: Drawable W:3024.000000 H:1900.000000, Texture W:1900 H:1900, Viewport W:2104.000000 H:1434.000000, layer frame W:1512.000000, H:950.000000
[2026.09.04-00.41.19:939][881]LogMetal: Display: Viewport Size Mismatch: Drawable W:3024.000000 H:1900.000000, Viewport W:2104 H:1434
[2026.09.04-00.41.19:939][881]LogMetal: Display: Viewport Size Mismatch: Drawable W:3024.000000 H:1900.000000, Viewport W:2104 H:1434
[2026.09.04-00.41.19:939][881]LogMetal: Display: Viewport Size Mismatch: Drawable W:3024.000000 H:1900.000000, Texture W:1900 H:1900, Viewport W:2104.000000 H:1434.000000, layer frame W:1512.000000, H:950.000000
[2026.09.04-00.41.19:993][882]LogMotionWorldNetwork: Display: MotionWorld network observation sent: session=8D77D263F54B episode=7310 observation=43 state_sequence=135 simulation_time_s=7.699000 facing_yaw_deg=0.000000 previous_action_present=true previous_action_source=42.
[2026.09.04-00.41.19:993][882]LogMotionWorldBridge: Display: MotionWorld command echo: revision=49 frame=character_local resolved=true facing_yaw_deg=0.00 finite=true requested_frame=(100.00, 0.00, 0.00) submitted_world=(100.00, 0.00, 0.00) echoed_world=(100.00, 0.00, 0.00) match=true
[2026.09.04-00.41.19:995][882]LogMetal: Display: Viewport Size Mismatch: Drawable W:3024.000000 H:1900.000000, Viewport W:2104 H:1434
[2026.09.04-00.41.19:995][882]LogMetal: Display: Viewport Size Mismatch: Drawable W:3024.000000 H:1900.000000, Texture W:1900 H:1900, Viewport W:2104.000000 H:1434.000000, layer frame W:1512.000000, H:950.000000
[2026.09.04-00.41.19:996][882]LogMetal: Display: Viewport Size Mismatch: Drawable W:3024.000000 H:1900.000000, Viewport W:2104 H:1434
[2026.09.04-00.41.19:996][882]LogMetal: Display: Viewport Size Mismatch: Drawable W:3024.000000 H:1900.000000, Viewport W:2104 H:1434
[2026.09.04-00.41.19:996][882]LogMetal: Display: Viewport Size Mismatch: Drawable W:3024.000000 H:1900.000000, Texture W:1900 H:1900, Viewport W:2104.000000 H:1434.000000, layer frame W:1512.000000, H:950.000000
[2026.09.04-00.41.20:045][883]LogMotionWorldNetwork: Display: MotionWorld network action accepted: session=8D77D263F54B episode=7310 source_observation=43 desired_local_cm_per_sec=(100.000000, 0.000000) unreal_end_to_end_latency_ms=52.388128 current_identity_match=true before_deadline=true.
[2026.09.04-00.41.20:045][883]LogMetal: Display: Viewport Size Mismatch: Drawable W:3024.000000 H:1900.000000, Viewport W:2104 H:1434
[2026.09.04-00.41.20:046][883]LogMetal: Display: Viewport Size Mismatch: Drawable W:3024.000000 H:1900.000000, Texture W:1900 H:1900, Viewport W:2104.000000 H:1434.000000, layer frame W:1512.000000, H:950.000000
[2026.09.04-00.41.20:046][883]LogMetal: Display: Viewport Size Mismatch: Drawable W:3024.000000 H:1900.000000, Viewport W:2104 H:1434
[2026.09.04-00.41.20:046][883]LogMetal: Display: Viewport Size Mismatch: Drawable W:3024.000000 H:1900.000000, Viewport W:2104 H:1434
[2026.09.04-00.41.20:046][883]LogMetal: Display: Viewport Size Mismatch: Drawable W:3024.000000 H:1900.000000, Texture W:1900 H:1900, Viewport W:2104.000000 H:1434.000000, layer frame W:1512.000000, H:950.000000
[2026.09.04-00.41.20:110][884]LogMotionWorldNetwork: Display: MotionWorld network observation sent: session=8D77D263F54B episode=7310 observation=44 state_sequence=137 simulation_time_s=7.813000 facing_yaw_deg=0.000000 previous_action_present=true previous_action_source=43.
[2026.09.04-00.41.20:110][884]LogMotionWorldBridge: Display: MotionWorld command echo: revision=50 frame=character_local resolved=true facing_yaw_deg=0.00 finite=true requested_frame=(100.00, 0.00, 0.00) submitted_world=(100.00, 0.00, 0.00) echoed_world=(100.00, 0.00, 0.00) match=true
[2026.09.04-00.41.20:112][884]LogMetal: Display: Viewport Size Mismatch: Drawable W:3024.000000 H:1900.000000, Viewport W:2104 H:1434
[2026.09.04-00.41.20:112][884]LogMetal: Display: Viewport Size Mismatch: Drawable W:3024.000000 H:1900.000000, Texture W:1900 H:1900, Viewport W:2104.000000 H:1434.000000, layer frame W:1512.000000, H:950.000000
[2026.09.04-00.41.20:113][884]LogMetal: Display: Viewport Size Mismatch: Drawable W:3024.000000 H:1900.000000, Viewport W:2104 H:1434
[2026.09.04-00.41.20:113][884]LogMetal: Display: Viewport Size Mismatch: Drawable W:3024.000000 H:1900.000000, Viewport W:2104 H:1434
[2026.09.04-00.41.20:113][884]LogMetal: Display: Viewport Size Mismatch: Drawable W:3024.000000 H:1900.000000, Texture W:1900 H:1900, Viewport W:2104.000000 H:1434.000000, layer frame W:1512.000000, H:950.000000
[2026.09.04-00.41.20:171][885]LogMotionWorldNetwork: Display: MotionWorld network observation sent: session=8D77D263F54B episode=7310 observation=45 state_sequence=138 simulation_time_s=7.876000 facing_yaw_deg=0.000000 previous_action_present=true previous_action_source=43.
[2026.09.04-00.41.20:171][885]LogMotionWorldBridge: Display: MotionWorld command echo: revision=51 frame=character_local resolved=true facing_yaw_deg=0.00 finite=true requested_frame=(100.00, 0.00, 0.00) submitted_world=(100.00, 0.00, 0.00) echoed_world=(100.00, 0.00, 0.00) match=true
[2026.09.04-00.41.20:175][885]LogMetal: Display: Viewport Size Mismatch: Drawable W:3024.000000 H:1900.000000, Viewport W:2104 H:1434
[2026.09.04-00.41.20:175][885]LogMetal: Display: Viewport Size Mismatch: Drawable W:3024.000000 H:1900.000000, Texture W:1900 H:1900, Viewport W:2104.000000 H:1434.000000, layer frame W:1512.000000, H:950.000000
[2026.09.04-00.41.20:176][885]LogMetal: Display: Viewport Size Mismatch: Drawable W:3024.000000 H:1900.000000, Viewport W:2104 H:1434
[2026.09.04-00.41.20:176][885]LogMetal: Display: Viewport Size Mismatch: Drawable W:3024.000000 H:1900.000000, Viewport W:2104 H:1434
[2026.09.04-00.41.20:176][885]LogMetal: Display: Viewport Size Mismatch: Drawable W:3024.000000 H:1900.000000, Texture W:1900 H:1900, Viewport W:2104.000000 H:1434.000000, layer frame W:1512.000000, H:950.000000
[2026.09.04-00.41.20:214][886]LogMetal: Display: Viewport Size Mismatch: Drawable W:3024.000000 H:1900.000000, Viewport W:2104 H:1434
[2026.09.04-00.41.20:214][886]LogMetal: Display: Viewport Size Mismatch: Drawable W:3024.000000 H:1900.000000, Texture W:1900 H:1900, Viewport W:2104.000000 H:1434.000000, layer frame W:1512.000000, H:950.000000
[2026.09.04-00.41.20:216][886]LogMetal: Display: Viewport Size Mismatch: Drawable W:3024.000000 H:1900.000000, Viewport W:2104 H:1434
[2026.09.04-00.41.20:216][886]LogMotionWorldNetwork: Display: MotionWorld network action accepted: session=8D77D263F54B episode=7310 source_observation=45 desired_local_cm_per_sec=(100.000000, 0.000000) unreal_end_to_end_latency_ms=45.182582 current_identity_match=true before_deadline=true.
[2026.09.04-00.41.20:228][886]LogMetal: Display: Viewport Size Mismatch: Drawable W:3024.000000 H:1900.000000, Viewport W:2104 H:1434
[2026.09.04-00.41.20:228][886]LogMetal: Display: Viewport Size Mismatch: Drawable W:3024.000000 H:1900.000000, Texture W:1900 H:1900, Viewport W:2104.000000 H:1434.000000, layer frame W:1512.000000, H:950.000000
[2026.09.04-00.41.20:270][887]LogMotionWorldNetwork: Display: MotionWorld network observation sent: session=8D77D263F54B episode=7310 observation=46 state_sequence=140 simulation_time_s=7.976000 facing_yaw_deg=0.000000 previous_action_present=true previous_action_source=45.
[2026.09.04-00.41.20:270][887]LogMotionWorldBridge: Display: MotionWorld command echo: revision=52 frame=character_local resolved=true facing_yaw_deg=0.00 finite=true requested_frame=(100.00, 0.00, 0.00) submitted_world=(100.00, 0.00, 0.00) echoed_world=(100.00, 0.00, 0.00) match=true
[2026.09.04-00.41.20:280][887]LogMetal: Display: Viewport Size Mismatch: Drawable W:3024.000000 H:1900.000000, Viewport W:2104 H:1434
[2026.09.04-00.41.20:280][887]LogMetal: Display: Viewport Size Mismatch: Drawable W:3024.000000 H:1900.000000, Texture W:1900 H:1900, Viewport W:2104.000000 H:1434.000000, layer frame W:1512.000000, H:950.000000
[2026.09.04-00.41.20:281][887]LogMetal: Display: Viewport Size Mismatch: Drawable W:3024.000000 H:1900.000000, Viewport W:2104 H:1434
[2026.09.04-00.41.20:295][887]LogMetal: Display: Viewport Size Mismatch: Drawable W:3024.000000 H:1900.000000, Viewport W:2104 H:1434
[2026.09.04-00.41.20:295][887]LogMetal: Display: Viewport Size Mismatch: Drawable W:3024.000000 H:1900.000000, Texture W:1900 H:1900, Viewport W:2104.000000 H:1434.000000, layer frame W:1512.000000, H:950.000000
[2026.09.04-00.41.20:343][888]LogMotionWorldNetwork: Display: MotionWorld network action accepted: session=8D77D263F54B episode=7310 source_observation=46 desired_local_cm_per_sec=(100.000000, 0.000000) unreal_end_to_end_latency_ms=72.432544 current_identity_match=true before_deadline=true.
[2026.09.04-00.41.20:344][888]LogMetal: Display: Viewport Size Mismatch: Drawable W:3024.000000 H:1900.000000, Viewport W:2104 H:1434
[2026.09.04-00.41.20:344][888]LogMetal: Display: Viewport Size Mismatch: Drawable W:3024.000000 H:1900.000000, Texture W:1900 H:1900, Viewport W:2104.000000 H:1434.000000, layer frame W:1512.000000, H:950.000000
[2026.09.04-00.41.20:345][888]LogMetal: Display: Viewport Size Mismatch: Drawable W:3024.000000 H:1900.000000, Viewport W:2104 H:1434
[2026.09.04-00.41.20:345][888]LogMetal: Display: Viewport Size Mismatch: Drawable W:3024.000000 H:1900.000000, Viewport W:2104 H:1434
[2026.09.04-00.41.20:345][888]LogMetal: Display: Viewport Size Mismatch: Drawable W:3024.000000 H:1900.000000, Texture W:1900 H:1900, Viewport W:2104.000000 H:1434.000000, layer frame W:1512.000000, H:950.000000
[2026.09.04-00.41.20:396][889]LogMotionWorldNetwork: Display: MotionWorld network observation sent: session=8D77D263F54B episode=7310 observation=47 state_sequence=142 simulation_time_s=8.102000 facing_yaw_deg=0.000000 previous_action_present=true previous_action_source=46.
[2026.09.04-00.41.20:396][889]LogMotionWorldBridge: Display: MotionWorld command echo: revision=53 frame=character_local resolved=true facing_yaw_deg=0.00 finite=true requested_frame=(100.00, 0.00, 0.00) submitted_world=(100.00, 0.00, 0.00) echoed_world=(100.00, 0.00, 0.00) match=true
[2026.09.04-00.41.20:400][889]LogMetal: Display: Viewport Size Mismatch: Drawable W:3024.000000 H:1900.000000, Viewport W:2104 H:1434
[2026.09.04-00.41.20:400][889]LogMetal: Display: Viewport Size Mismatch: Drawable W:3024.000000 H:1900.000000, Texture W:1900 H:1900, Viewport W:2104.000000 H:1434.000000, layer frame W:1512.000000, H:950.000000
[2026.09.04-00.41.20:401][889]LogMetal: Display: Viewport Size Mismatch: Drawable W:3024.000000 H:1900.000000, Viewport W:2104 H:1434
[2026.09.04-00.41.20:401][889]LogMetal: Display: Viewport Size Mismatch: Drawable W:3024.000000 H:1900.000000, Viewport W:2104 H:1434
[2026.09.04-00.41.20:401][889]LogMetal: Display: Viewport Size Mismatch: Drawable W:3024.000000 H:1900.000000, Texture W:1900 H:1900, Viewport W:2104.000000 H:1434.000000, layer frame W:1512.000000, H:950.000000
[2026.09.04-00.41.20:461][890]LogMotionWorldNetwork: Display: MotionWorld network observation sent: session=8D77D263F54B episode=7310 observation=48 state_sequence=143 simulation_time_s=8.167000 facing_yaw_deg=0.000000 previous_action_present=true previous_action_source=46.
[2026.09.04-00.41.20:462][890]LogMotionWorldBridge: Display: MotionWorld command echo: revision=54 frame=character_local resolved=true facing_yaw_deg=0.00 finite=true requested_frame=(100.00, 0.00, 0.00) submitted_world=(100.00, 0.00, 0.00) echoed_world=(100.00, 0.00, 0.00) match=true
[2026.09.04-00.41.20:465][890]LogMetal: Display: Viewport Size Mismatch: Drawable W:3024.000000 H:1900.000000, Viewport W:2104 H:1434
[2026.09.04-00.41.20:465][890]LogMetal: Display: Viewport Size Mismatch: Drawable W:3024.000000 H:1900.000000, Texture W:1900 H:1900, Viewport W:2104.000000 H:1434.000000, layer frame W:1512.000000, H:950.000000
[2026.09.04-00.41.20:466][890]LogMetal: Display: Viewport Size Mismatch: Drawable W:3024.000000 H:1900.000000, Viewport W:2104 H:1434
[2026.09.04-00.41.20:466][890]LogMetal: Display: Viewport Size Mismatch: Drawable W:3024.000000 H:1900.000000, Viewport W:2104 H:1434
[2026.09.04-00.41.20:466][890]LogMetal: Display: Viewport Size Mismatch: Drawable W:3024.000000 H:1900.000000, Texture W:1900 H:1900, Viewport W:2104.000000 H:1434.000000, layer frame W:1512.000000, H:950.000000
[2026.09.04-00.41.20:506][891]LogMotionWorldNetwork: Display: MotionWorld network action accepted: session=8D77D263F54B episode=7310 source_observation=48 desired_local_cm_per_sec=(100.000000, 0.000000) unreal_end_to_end_latency_ms=44.395626 current_identity_match=true before_deadline=true.
[2026.09.04-00.41.20:507][891]LogMetal: Display: Viewport Size Mismatch: Drawable W:3024.000000 H:1900.000000, Viewport W:2104 H:1434
[2026.09.04-00.41.20:507][891]LogMetal: Display: Viewport Size Mismatch: Drawable W:3024.000000 H:1900.000000, Texture W:1900 H:1900, Viewport W:2104.000000 H:1434.000000, layer frame W:1512.000000, H:950.000000
[2026.09.04-00.41.20:509][891]LogMetal: Display: Viewport Size Mismatch: Drawable W:3024.000000 H:1900.000000, Viewport W:2104 H:1434
[2026.09.04-00.41.20:528][891]LogMetal: Display: Viewport Size Mismatch: Drawable W:3024.000000 H:1900.000000, Viewport W:2104 H:1434
[2026.09.04-00.41.20:528][891]LogMetal: Display: Viewport Size Mismatch: Drawable W:3024.000000 H:1900.000000, Texture W:1900 H:1900, Viewport W:2104.000000 H:1434.000000, layer frame W:1512.000000, H:950.000000
[2026.09.04-00.41.20:561][892]LogMotionWorldNetwork: Display: MotionWorld network observation sent: session=8D77D263F54B episode=7310 observation=49 state_sequence=145 simulation_time_s=8.267000 facing_yaw_deg=0.000000 previous_action_present=true previous_action_source=48.
[2026.09.04-00.41.20:561][892]LogMotionWorldBridge: Display: MotionWorld command echo: revision=55 frame=character_local resolved=true facing_yaw_deg=0.00 finite=true requested_frame=(100.00, 0.00, 0.00) submitted_world=(100.00, 0.00, 0.00) echoed_world=(100.00, 0.00, 0.00) match=true
[2026.09.04-00.41.20:564][892]LogMetal: Display: Viewport Size Mismatch: Drawable W:3024.000000 H:1900.000000, Viewport W:2104 H:1434
[2026.09.04-00.41.20:564][892]LogMetal: Display: Viewport Size Mismatch: Drawable W:3024.000000 H:1900.000000, Texture W:1900 H:1900, Viewport W:2104.000000 H:1434.000000, layer frame W:1512.000000, H:950.000000
[2026.09.04-00.41.20:565][892]LogMetal: Display: Viewport Size Mismatch: Drawable W:3024.000000 H:1900.000000, Viewport W:2104 H:1434
[2026.09.04-00.41.20:565][892]LogMetal: Display: Viewport Size Mismatch: Drawable W:3024.000000 H:1900.000000, Viewport W:2104 H:1434
[2026.09.04-00.41.20:565][892]LogMetal: Display: Viewport Size Mismatch: Drawable W:3024.000000 H:1900.000000, Texture W:1900 H:1900, Viewport W:2104.000000 H:1434.000000, layer frame W:1512.000000, H:950.000000
[2026.09.04-00.41.20:609][893]LogMotionWorldNetwork: Display: MotionWorld network action accepted: session=8D77D263F54B episode=7310 source_observation=49 desired_local_cm_per_sec=(100.000000, 0.000000) unreal_end_to_end_latency_ms=48.323415 current_identity_match=true before_deadline=true.
[2026.09.04-00.41.20:611][893]LogMetal: Display: Viewport Size Mismatch: Drawable W:3024.000000 H:1900.000000, Viewport W:2104 H:1434
[2026.09.04-00.41.20:611][893]LogMetal: Display: Viewport Size Mismatch: Drawable W:3024.000000 H:1900.000000, Texture W:1900 H:1900, Viewport W:2104.000000 H:1434.000000, layer frame W:1512.000000, H:950.000000
[2026.09.04-00.41.20:612][893]LogMetal: Display: Viewport Size Mismatch: Drawable W:3024.000000 H:1900.000000, Viewport W:2104 H:1434
[2026.09.04-00.41.20:628][893]LogMetal: Display: Viewport Size Mismatch: Drawable W:3024.000000 H:1900.000000, Viewport W:2104 H:1434
[2026.09.04-00.41.20:628][893]LogMetal: Display: Viewport Size Mismatch: Drawable W:3024.000000 H:1900.000000, Texture W:1900 H:1900, Viewport W:2104.000000 H:1434.000000, layer frame W:1512.000000, H:950.000000
[2026.09.04-00.41.20:663][894]LogMotionWorldNetwork: Display: MotionWorld network observation sent: session=8D77D263F54B episode=7310 observation=50 state_sequence=147 simulation_time_s=8.368000 facing_yaw_deg=0.000000 previous_action_present=true previous_action_source=49.
[2026.09.04-00.41.20:663][894]LogMotionWorldBridge: Display: MotionWorld command echo: revision=56 frame=character_local resolved=true facing_yaw_deg=0.00 finite=true requested_frame=(100.00, 0.00, 0.00) submitted_world=(100.00, 0.00, 0.00) echoed_world=(100.00, 0.00, 0.00) match=true
[2026.09.04-00.41.20:664][894]LogMetal: Display: Viewport Size Mismatch: Drawable W:3024.000000 H:1900.000000, Viewport W:2104 H:1434
[2026.09.04-00.41.20:664][894]LogMetal: Display: Viewport Size Mismatch: Drawable W:3024.000000 H:1900.000000, Texture W:1900 H:1900, Viewport W:2104.000000 H:1434.000000, layer frame W:1512.000000, H:950.000000
[2026.09.04-00.41.20:664][894]LogMetal: Display: Viewport Size Mismatch: Drawable W:3024.000000 H:1900.000000, Viewport W:2104 H:1434
[2026.09.04-00.41.20:665][894]LogMetal: Display: Viewport Size Mismatch: Drawable W:3024.000000 H:1900.000000, Viewport W:2104 H:1434
[2026.09.04-00.41.20:665][894]LogMetal: Display: Viewport Size Mismatch: Drawable W:3024.000000 H:1900.000000, Texture W:1900 H:1900, Viewport W:2104.000000 H:1434.000000, layer frame W:1512.000000, H:950.000000
[2026.09.04-00.41.20:729][895]LogMotionWorldNetwork: Display: MotionWorld network action accepted: session=8D77D263F54B episode=7310 source_observation=50 desired_local_cm_per_sec=(100.000000, 0.000000) unreal_end_to_end_latency_ms=66.309042 current_identity_match=true before_deadline=true.
[2026.09.04-00.41.20:730][895]LogMetal: Display: Viewport Size Mismatch: Drawable W:3024.000000 H:1900.000000, Viewport W:2104 H:1434
[2026.09.04-00.41.20:730][895]LogMetal: Display: Viewport Size Mismatch: Drawable W:3024.000000 H:1900.000000, Texture W:1900 H:1900, Viewport W:2104.000000 H:1434.000000, layer frame W:1512.000000, H:950.000000
[2026.09.04-00.41.20:730][895]LogMetal: Display: Viewport Size Mismatch: Drawable W:3024.000000 H:1900.000000, Viewport W:2104 H:1434
[2026.09.04-00.41.20:730][895]LogMetal: Display: Viewport Size Mismatch: Drawable W:3024.000000 H:1900.000000, Viewport W:2104 H:1434
[2026.09.04-00.41.20:730][895]LogMetal: Display: Viewport Size Mismatch: Drawable W:3024.000000 H:1900.000000, Texture W:1900 H:1900, Viewport W:2104.000000 H:1434.000000, layer frame W:1512.000000, H:950.000000
[2026.09.04-00.41.20:774][896]LogMetal: Display: Viewport Size Mismatch: Drawable W:3024.000000 H:1900.000000, Viewport W:2104 H:1434
[2026.09.04-00.41.20:774][896]LogMetal: Display: Viewport Size Mismatch: Drawable W:3024.000000 H:1900.000000, Texture W:1900 H:1900, Viewport W:2104.000000 H:1434.000000, layer frame W:1512.000000, H:950.000000
[2026.09.04-00.41.20:775][896]LogMotionWorldNetwork: Display: MotionWorld network observation sent: session=8D77D263F54B episode=7310 observation=51 state_sequence=149 simulation_time_s=8.476000 facing_yaw_deg=0.000000 previous_action_present=true previous_action_source=50.
[2026.09.04-00.41.20:775][896]LogMotionWorldBridge: Display: MotionWorld command echo: revision=57 frame=character_local resolved=true facing_yaw_deg=0.00 finite=true requested_frame=(100.00, 0.00, 0.00) submitted_world=(100.00, 0.00, 0.00) echoed_world=(100.00, 0.00, 0.00) match=true
[2026.09.04-00.41.20:776][896]LogMetal: Display: Viewport Size Mismatch: Drawable W:3024.000000 H:1900.000000, Viewport W:2104 H:1434
[2026.09.04-00.41.20:776][896]LogMetal: Display: Viewport Size Mismatch: Drawable W:3024.000000 H:1900.000000, Viewport W:2104 H:1434
[2026.09.04-00.41.20:776][896]LogMetal: Display: Viewport Size Mismatch: Drawable W:3024.000000 H:1900.000000, Texture W:1900 H:1900, Viewport W:2104.000000 H:1434.000000, layer frame W:1512.000000, H:950.000000
[2026.09.04-00.41.20:840][897]LogMotionWorldNetwork: Display: MotionWorld network action accepted: session=8D77D263F54B episode=7310 source_observation=51 desired_local_cm_per_sec=(100.000000, 0.000000) unreal_end_to_end_latency_ms=64.953208 current_identity_match=true before_deadline=true.
[2026.09.04-00.41.20:845][897]LogMetal: Display: Viewport Size Mismatch: Drawable W:3024.000000 H:1900.000000, Viewport W:2104 H:1434
[2026.09.04-00.41.20:846][897]LogMetal: Display: Viewport Size Mismatch: Drawable W:3024.000000 H:1900.000000, Texture W:1900 H:1900, Viewport W:2104.000000 H:1434.000000, layer frame W:1512.000000, H:950.000000
[2026.09.04-00.41.20:847][897]LogMetal: Display: Viewport Size Mismatch: Drawable W:3024.000000 H:1900.000000, Viewport W:2104 H:1434
[2026.09.04-00.41.20:847][897]LogMetal: Display: Viewport Size Mismatch: Drawable W:3024.000000 H:1900.000000, Viewport W:2104 H:1434
[2026.09.04-00.41.20:847][897]LogMetal: Display: Viewport Size Mismatch: Drawable W:3024.000000 H:1900.000000, Texture W:1900 H:1900, Viewport W:2104.000000 H:1434.000000, layer frame W:1512.000000, H:950.000000
[2026.09.04-00.41.20:900][898]LogMotionWorldBridge: Display: MotionWorld episode stopped: episode=7310 observed=91 attempted=90 recorded=90 rejected=0 rejected_seeds=0 capacity_drops=0.
[2026.09.04-00.41.20:901][898]LogMotionWorldNetwork: Display: MotionWorld network reset boundary: session=8D77D263F54B old_episode=7310 outstanding_observation=51 action_state_cleared=true.
[2026.09.04-00.41.20:901][898]LogMotionWorldBridge: Display: MotionWorld reset queued: episode=7311 request_state_sequence=151 request_mover_frame=152 before_position_world_cm=(-295.74, 0.00, 88.27) distance_from_anchor_cm=504.260 target_position_world_cm=(-800.00, 0.00, 90.00) target_yaw_deg=0.00 target_mode=Walking; recorder stopped and reset frame forced to zero input.
[2026.09.04-00.41.20:901][898]LogMotionWorldBridge: Display: MotionWorld command echo: revision=60 frame=character_local resolved=true facing_yaw_deg=0.00 finite=true requested_frame=(100.00, 0.00, 0.00) submitted_world=(100.00, 0.00, 0.00) echoed_world=(100.00, 0.00, 0.00) match=true
[2026.09.04-00.41.20:909][898]LogMetal: Display: Viewport Size Mismatch: Drawable W:3024.000000 H:1900.000000, Viewport W:2104 H:1434
[2026.09.04-00.41.20:909][898]LogMetal: Display: Viewport Size Mismatch: Drawable W:3024.000000 H:1900.000000, Texture W:1900 H:1900, Viewport W:2104.000000 H:1434.000000, layer frame W:1512.000000, H:950.000000
[2026.09.04-00.41.20:910][898]LogMetal: Display: Viewport Size Mismatch: Drawable W:3024.000000 H:1900.000000, Viewport W:2104 H:1434
[2026.09.04-00.41.20:910][898]LogMetal: Display: Viewport Size Mismatch: Drawable W:3024.000000 H:1900.000000, Viewport W:2104 H:1434
[2026.09.04-00.41.20:910][898]LogMetal: Display: Viewport Size Mismatch: Drawable W:3024.000000 H:1900.000000, Texture W:1900 H:1900, Viewport W:2104.000000 H:1434.000000, layer frame W:1512.000000, H:950.000000
[2026.09.04-00.41.20:951][899]LogMotionWorldBridge: Display: MotionWorld episode started: episode=7311 capacity=4096; awaiting seed state.
[2026.09.04-00.41.20:951][899]LogMotionWorldNetwork: Display: MotionWorld network episode started: session=8D77D263F54B episode=7311 first_observation_sequence=0 applied_local_cm_per_sec=(0.00, 0.00) prior_state_cleared=true.
[2026.09.04-00.41.20:951][899]LogMotionWorldBridge: Display: MotionWorld reset verified: episode=7311 attempts=1 state_sequence=152 mover_frame=153 position_world_cm=(-800.00, 0.00, 90.00) yaw_deg=0.00 mode=Walking position_error_cm=0.000 facing_error_deg=0.000 linear_speed_cm_per_sec=0.000 angular_speed_deg_per_sec=0.000; new episode may seed this state.
[2026.09.04-00.41.20:951][899]LogMotionWorldNetwork: Display: MotionWorld network observation sent: session=8D77D263F54B episode=7311 observation=0 state_sequence=152 simulation_time_s=8.653000 facing_yaw_deg=0.000000 previous_action_present=false previous_action_source=-1.
[2026.09.04-00.41.20:951][899]LogMotionWorldBridge: Display: MotionWorld episode seeded: episode=7311 state_sequence=152 mover_step_frame=153 sim_time_s=8.653000.
[2026.09.04-00.41.20:952][899]LogMetal: Display: Viewport Size Mismatch: Drawable W:3024.000000 H:1900.000000, Viewport W:2104 H:1434
[2026.09.04-00.41.20:952][899]LogMetal: Display: Viewport Size Mismatch: Drawable W:3024.000000 H:1900.000000, Texture W:1900 H:1900, Viewport W:2104.000000 H:1434.000000, layer frame W:1512.000000, H:950.000000
[2026.09.04-00.41.20:953][899]LogMetal: Display: Viewport Size Mismatch: Drawable W:3024.000000 H:1900.000000, Viewport W:2104 H:1434
[2026.09.04-00.41.20:953][899]LogMetal: Display: Viewport Size Mismatch: Drawable W:3024.000000 H:1900.000000, Viewport W:2104 H:1434
[2026.09.04-00.41.20:953][899]LogMetal: Display: Viewport Size Mismatch: Drawable W:3024.000000 H:1900.000000, Texture W:1900 H:1900, Viewport W:2104.000000 H:1434.000000, layer frame W:1512.000000, H:950.000000
[2026.09.04-00.41.21:003][900]LogMotionWorldBridge: Display: MotionWorld transition recorded: episode=7311 transition_sequence=0 previous_state_sequence=152 next_state_sequence=153 delta_s=0.053000 action_world_cm_per_sec=(0.00, 0.00, 0.00) action_local_cm_per_sec=(0.00, 0.00, 0.00) automated=true recorded=1 rejected=0.
[2026.09.04-00.41.21:003][900]LogMotionWorldBridge: Display: MotionWorld command echo: revision=62 frame=character_local resolved=true facing_yaw_deg=0.00 finite=true requested_frame=(0.00, 0.00, 0.00) submitted_world=(0.00, 0.00, 0.00) echoed_world=(0.00, 0.00, 0.00) match=true
[2026.09.04-00.41.21:005][900]LogMotionWorldNetwork: Display: MotionWorld network action accepted: session=8D77D263F54B episode=7311 source_observation=0 desired_local_cm_per_sec=(100.000000, 0.000000) unreal_end_to_end_latency_ms=53.146709 current_identity_match=true before_deadline=true.
[2026.09.04-00.41.21:005][900]LogMetal: Display: Viewport Size Mismatch: Drawable W:3024.000000 H:1900.000000, Viewport W:2104 H:1434
[2026.09.04-00.41.21:005][900]LogMetal: Display: Viewport Size Mismatch: Drawable W:3024.000000 H:1900.000000, Texture W:1900 H:1900, Viewport W:2104.000000 H:1434.000000, layer frame W:1512.000000, H:950.000000
[2026.09.04-00.41.21:006][900]LogMetal: Display: Viewport Size Mismatch: Drawable W:3024.000000 H:1900.000000, Viewport W:2104 H:1434
[2026.09.04-00.41.21:006][900]LogMetal: Display: Viewport Size Mismatch: Drawable W:3024.000000 H:1900.000000, Viewport W:2104 H:1434
[2026.09.04-00.41.21:006][900]LogMetal: Display: Viewport Size Mismatch: Drawable W:3024.000000 H:1900.000000, Texture W:1900 H:1900, Viewport W:2104.000000 H:1434.000000, layer frame W:1512.000000, H:950.000000
[2026.09.04-00.41.21:044][901]LogMotionWorldBridge: Display: MotionWorld command echo: revision=63 frame=character_local resolved=true facing_yaw_deg=0.00 finite=true requested_frame=(100.00, 0.00, 0.00) submitted_world=(100.00, 0.00, 0.00) echoed_world=(100.00, 0.00, 0.00) match=true
[2026.09.04-00.41.21:048][901]LogMetal: Display: Viewport Size Mismatch: Drawable W:3024.000000 H:1900.000000, Viewport W:2104 H:1434
[2026.09.04-00.41.21:048][901]LogMetal: Display: Viewport Size Mismatch: Drawable W:3024.000000 H:1900.000000, Texture W:1900 H:1900, Viewport W:2104.000000 H:1434.000000, layer frame W:1512.000000, H:950.000000
[2026.09.04-00.41.21:049][901]LogMetal: Display: Viewport Size Mismatch: Drawable W:3024.000000 H:1900.000000, Viewport W:2104 H:1434
[2026.09.04-00.41.21:061][901]LogMetal: Display: Viewport Size Mismatch: Drawable W:3024.000000 H:1900.000000, Viewport W:2104 H:1434
[2026.09.04-00.41.21:061][901]LogMetal: Display: Viewport Size Mismatch: Drawable W:3024.000000 H:1900.000000, Texture W:1900 H:1900, Viewport W:2104.000000 H:1434.000000, layer frame W:1512.000000, H:950.000000
[2026.09.04-00.41.21:118][902]LogMotionWorldNetwork: Display: MotionWorld network observation sent: session=8D77D263F54B episode=7311 observation=1 state_sequence=155 simulation_time_s=8.825000 facing_yaw_deg=0.000000 previous_action_present=true previous_action_source=0.
[2026.09.04-00.41.21:120][902]LogMetal: Display: Viewport Size Mismatch: Drawable W:3024.000000 H:1900.000000, Viewport W:2104 H:1434
[2026.09.04-00.41.21:120][902]LogMetal: Display: Viewport Size Mismatch: Drawable W:3024.000000 H:1900.000000, Texture W:1900 H:1900, Viewport W:2104.000000 H:1434.000000, layer frame W:1512.000000, H:950.000000
[2026.09.04-00.41.21:121][902]LogMetal: Display: Viewport Size Mismatch: Drawable W:3024.000000 H:1900.000000, Viewport W:2104 H:1434
[2026.09.04-00.41.21:128][902]LogMetal: Display: Viewport Size Mismatch: Drawable W:3024.000000 H:1900.000000, Viewport W:2104 H:1434
[2026.09.04-00.41.21:128][902]LogMetal: Display: Viewport Size Mismatch: Drawable W:3024.000000 H:1900.000000, Texture W:1900 H:1900, Viewport W:2104.000000 H:1434.000000, layer frame W:1512.000000, H:950.000000
[2026.09.04-00.41.21:174][903]LogMotionWorldNetwork: Display: MotionWorld network observation sent: session=8D77D263F54B episode=7311 observation=2 state_sequence=156 simulation_time_s=8.878000 facing_yaw_deg=0.000000 previous_action_present=true previous_action_source=0.
[2026.09.04-00.41.21:174][903]LogMotionWorldBridge: Display: MotionWorld command echo: revision=64 frame=character_local resolved=true facing_yaw_deg=0.00 finite=true requested_frame=(100.00, 0.00, 0.00) submitted_world=(100.00, 0.00, 0.00) echoed_world=(100.00, 0.00, 0.00) match=true
[2026.09.04-00.41.21:176][903]LogMetal: Display: Viewport Size Mismatch: Drawable W:3024.000000 H:1900.000000, Viewport W:2104 H:1434
[2026.09.04-00.41.21:176][903]LogMetal: Display: Viewport Size Mismatch: Drawable W:3024.000000 H:1900.000000, Texture W:1900 H:1900, Viewport W:2104.000000 H:1434.000000, layer frame W:1512.000000, H:950.000000
[2026.09.04-00.41.21:177][903]LogMetal: Display: Viewport Size Mismatch: Drawable W:3024.000000 H:1900.000000, Viewport W:2104 H:1434
[2026.09.04-00.41.21:177][903]LogMetal: Display: Viewport Size Mismatch: Drawable W:3024.000000 H:1900.000000, Viewport W:2104 H:1434
[2026.09.04-00.41.21:177][903]LogMetal: Display: Viewport Size Mismatch: Drawable W:3024.000000 H:1900.000000, Texture W:1900 H:1900, Viewport W:2104.000000 H:1434.000000, layer frame W:1512.000000, H:950.000000
[2026.09.04-00.41.21:216][904]LogMotionWorldNetwork: Display: MotionWorld network action accepted: session=8D77D263F54B episode=7311 source_observation=2 desired_local_cm_per_sec=(100.000000, 0.000000) unreal_end_to_end_latency_ms=42.578418 current_identity_match=true before_deadline=true.
[2026.09.04-00.41.21:217][904]LogMetal: Display: Viewport Size Mismatch: Drawable W:3024.000000 H:1900.000000, Viewport W:2104 H:1434
[2026.09.04-00.41.21:217][904]LogMetal: Display: Viewport Size Mismatch: Drawable W:3024.000000 H:1900.000000, Texture W:1900 H:1900, Viewport W:2104.000000 H:1434.000000, layer frame W:1512.000000, H:950.000000
[2026.09.04-00.41.21:217][904]LogMetal: Display: Viewport Size Mismatch: Drawable W:3024.000000 H:1900.000000, Viewport W:2104 H:1434
[2026.09.04-00.41.21:228][904]LogMetal: Display: Viewport Size Mismatch: Drawable W:3024.000000 H:1900.000000, Viewport W:2104 H:1434
[2026.09.04-00.41.21:228][904]LogMetal: Display: Viewport Size Mismatch: Drawable W:3024.000000 H:1900.000000, Texture W:1900 H:1900, Viewport W:2104.000000 H:1434.000000, layer frame W:1512.000000, H:950.000000
[2026.09.04-00.41.21:270][905]LogMotionWorldNetwork: Display: MotionWorld network observation sent: session=8D77D263F54B episode=7311 observation=3 state_sequence=158 simulation_time_s=8.977000 facing_yaw_deg=0.000000 previous_action_present=true previous_action_source=2.
[2026.09.04-00.41.21:270][905]LogMotionWorldBridge: Display: MotionWorld command echo: revision=65 frame=character_local resolved=true facing_yaw_deg=0.00 finite=true requested_frame=(100.00, 0.00, 0.00) submitted_world=(100.00, 0.00, 0.00) echoed_world=(100.00, 0.00, 0.00) match=true
[2026.09.04-00.41.21:275][905]LogMetal: Display: Viewport Size Mismatch: Drawable W:3024.000000 H:1900.000000, Viewport W:2104 H:1434
[2026.09.04-00.41.21:275][905]LogMetal: Display: Viewport Size Mismatch: Drawable W:3024.000000 H:1900.000000, Texture W:1900 H:1900, Viewport W:2104.000000 H:1434.000000, layer frame W:1512.000000, H:950.000000
[2026.09.04-00.41.21:276][905]LogMetal: Display: Viewport Size Mismatch: Drawable W:3024.000000 H:1900.000000, Viewport W:2104 H:1434
[2026.09.04-00.41.21:294][905]LogMetal: Display: Viewport Size Mismatch: Drawable W:3024.000000 H:1900.000000, Viewport W:2104 H:1434
[2026.09.04-00.41.21:294][905]LogMetal: Display: Viewport Size Mismatch: Drawable W:3024.000000 H:1900.000000, Texture W:1900 H:1900, Viewport W:2104.000000 H:1434.000000, layer frame W:1512.000000, H:950.000000
[2026.09.04-00.41.21:322][906]LogMetal: Display: Viewport Size Mismatch: Drawable W:3024.000000 H:1900.000000, Viewport W:2104 H:1434
[2026.09.04-00.41.21:322][906]LogMetal: Display: Viewport Size Mismatch: Drawable W:3024.000000 H:1900.000000, Texture W:1900 H:1900, Viewport W:2104.000000 H:1434.000000, layer frame W:1512.000000, H:950.000000
[2026.09.04-00.41.21:322][906]LogMotionWorldNetwork: Display: MotionWorld network action accepted: session=8D77D263F54B episode=7311 source_observation=3 desired_local_cm_per_sec=(100.000000, 0.000000) unreal_end_to_end_latency_ms=52.198168 current_identity_match=true before_deadline=true.
[2026.09.04-00.41.21:323][906]LogMetal: Display: Viewport Size Mismatch: Drawable W:3024.000000 H:1900.000000, Viewport W:2104 H:1434
[2026.09.04-00.41.21:328][906]LogMetal: Display: Viewport Size Mismatch: Drawable W:3024.000000 H:1900.000000, Viewport W:2104 H:1434
[2026.09.04-00.41.21:328][906]LogMetal: Display: Viewport Size Mismatch: Drawable W:3024.000000 H:1900.000000, Texture W:1900 H:1900, Viewport W:2104.000000 H:1434.000000, layer frame W:1512.000000, H:950.000000
[2026.09.04-00.41.21:375][907]LogMotionWorldNetwork: Display: MotionWorld network observation sent: session=8D77D263F54B episode=7311 observation=4 state_sequence=160 simulation_time_s=9.080000 facing_yaw_deg=0.000000 previous_action_present=true previous_action_source=3.
[2026.09.04-00.41.21:375][907]LogMotionWorldBridge: Display: MotionWorld command echo: revision=66 frame=character_local resolved=true facing_yaw_deg=0.00 finite=true requested_frame=(100.00, 0.00, 0.00) submitted_world=(100.00, 0.00, 0.00) echoed_world=(100.00, 0.00, 0.00) match=true
[2026.09.04-00.41.21:377][907]LogMetal: Display: Viewport Size Mismatch: Drawable W:3024.000000 H:1900.000000, Viewport W:2104 H:1434
[2026.09.04-00.41.21:377][907]LogMetal: Display: Viewport Size Mismatch: Drawable W:3024.000000 H:1900.000000, Texture W:1900 H:1900, Viewport W:2104.000000 H:1434.000000, layer frame W:1512.000000, H:950.000000
[2026.09.04-00.41.21:378][907]LogMetal: Display: Viewport Size Mismatch: Drawable W:3024.000000 H:1900.000000, Viewport W:2104 H:1434
[2026.09.04-00.41.21:378][907]LogMetal: Display: Viewport Size Mismatch: Drawable W:3024.000000 H:1900.000000, Viewport W:2104 H:1434
[2026.09.04-00.41.21:378][907]LogMetal: Display: Viewport Size Mismatch: Drawable W:3024.000000 H:1900.000000, Texture W:1900 H:1900, Viewport W:2104.000000 H:1434.000000, layer frame W:1512.000000, H:950.000000
[2026.09.04-00.41.21:432][908]LogMotionWorldNetwork: Display: MotionWorld network action accepted: session=8D77D263F54B episode=7311 source_observation=4 desired_local_cm_per_sec=(100.000000, 0.000000) unreal_end_to_end_latency_ms=57.410292 current_identity_match=true before_deadline=true.
[2026.09.04-00.41.21:437][908]LogMetal: Display: Viewport Size Mismatch: Drawable W:3024.000000 H:1900.000000, Viewport W:2104 H:1434
[2026.09.04-00.41.21:437][908]LogMetal: Display: Viewport Size Mismatch: Drawable W:3024.000000 H:1900.000000, Texture W:1900 H:1900, Viewport W:2104.000000 H:1434.000000, layer frame W:1512.000000, H:950.000000
[2026.09.04-00.41.21:438][908]LogMetal: Display: Viewport Size Mismatch: Drawable W:3024.000000 H:1900.000000, Viewport W:2104 H:1434
[2026.09.04-00.41.21:438][908]LogMetal: Display: Viewport Size Mismatch: Drawable W:3024.000000 H:1900.000000, Viewport W:2104 H:1434
[2026.09.04-00.41.21:438][908]LogMetal: Display: Viewport Size Mismatch: Drawable W:3024.000000 H:1900.000000, Texture W:1900 H:1900, Viewport W:2104.000000 H:1434.000000, layer frame W:1512.000000, H:950.000000
[2026.09.04-00.41.21:488][909]LogMotionWorldNetwork: Display: MotionWorld network observation sent: session=8D77D263F54B episode=7311 observation=5 state_sequence=162 simulation_time_s=9.193000 facing_yaw_deg=0.000000 previous_action_present=true previous_action_source=4.
[2026.09.04-00.41.21:488][909]LogMotionWorldBridge: Display: MotionWorld command echo: revision=67 frame=character_local resolved=true facing_yaw_deg=0.00 finite=true requested_frame=(100.00, 0.00, 0.00) submitted_world=(100.00, 0.00, 0.00) echoed_world=(100.00, 0.00, 0.00) match=true
[2026.09.04-00.41.21:489][909]LogMetal: Display: Viewport Size Mismatch: Drawable W:3024.000000 H:1900.000000, Viewport W:2104 H:1434
[2026.09.04-00.41.21:489][909]LogMetal: Display: Viewport Size Mismatch: Drawable W:3024.000000 H:1900.000000, Texture W:1900 H:1900, Viewport W:2104.000000 H:1434.000000, layer frame W:1512.000000, H:950.000000
[2026.09.04-00.41.21:490][909]LogMetal: Display: Viewport Size Mismatch: Drawable W:3024.000000 H:1900.000000, Viewport W:2104 H:1434
[2026.09.04-00.41.21:494][909]LogMetal: Display: Viewport Size Mismatch: Drawable W:3024.000000 H:1900.000000, Viewport W:2104 H:1434
[2026.09.04-00.41.21:494][909]LogMetal: Display: Viewport Size Mismatch: Drawable W:3024.000000 H:1900.000000, Texture W:1900 H:1900, Viewport W:2104.000000 H:1434.000000, layer frame W:1512.000000, H:950.000000
[2026.09.04-00.41.21:530][910]LogMotionWorldNetwork: Display: MotionWorld network action accepted: session=8D77D263F54B episode=7311 source_observation=5 desired_local_cm_per_sec=(100.000000, 0.000000) unreal_end_to_end_latency_ms=41.292291 current_identity_match=true before_deadline=true.
[2026.09.04-00.41.21:534][910]LogMetal: Display: Viewport Size Mismatch: Drawable W:3024.000000 H:1900.000000, Viewport W:2104 H:1434
[2026.09.04-00.41.21:534][910]LogMetal: Display: Viewport Size Mismatch: Drawable W:3024.000000 H:1900.000000, Texture W:1900 H:1900, Viewport W:2104.000000 H:1434.000000, layer frame W:1512.000000, H:950.000000
[2026.09.04-00.41.21:535][910]LogMetal: Display: Viewport Size Mismatch: Drawable W:3024.000000 H:1900.000000, Viewport W:2104 H:1434
[2026.09.04-00.41.21:535][910]LogMetal: Display: Viewport Size Mismatch: Drawable W:3024.000000 H:1900.000000, Viewport W:2104 H:1434
[2026.09.04-00.41.21:535][910]LogMetal: Display: Viewport Size Mismatch: Drawable W:3024.000000 H:1900.000000, Texture W:1900 H:1900, Viewport W:2104.000000 H:1434.000000, layer frame W:1512.000000, H:950.000000
[2026.09.04-00.41.21:577][911]LogMotionWorldNetwork: Display: MotionWorld network observation sent: session=8D77D263F54B episode=7311 observation=6 state_sequence=164 simulation_time_s=9.282000 facing_yaw_deg=0.000000 previous_action_present=true previous_action_source=5.
[2026.09.04-00.41.21:577][911]LogMotionWorldBridge: Display: MotionWorld command echo: revision=68 frame=character_local resolved=true facing_yaw_deg=0.00 finite=true requested_frame=(100.00, 0.00, 0.00) submitted_world=(100.00, 0.00, 0.00) echoed_world=(100.00, 0.00, 0.00) match=true
[2026.09.04-00.41.21:581][911]LogMetal: Display: Viewport Size Mismatch: Drawable W:3024.000000 H:1900.000000, Viewport W:2104 H:1434
[2026.09.04-00.41.21:581][911]LogMetal: Display: Viewport Size Mismatch: Drawable W:3024.000000 H:1900.000000, Texture W:1900 H:1900, Viewport W:2104.000000 H:1434.000000, layer frame W:1512.000000, H:950.000000
[2026.09.04-00.41.21:582][911]LogMetal: Display: Viewport Size Mismatch: Drawable W:3024.000000 H:1900.000000, Viewport W:2104 H:1434
[2026.09.04-00.41.21:594][911]LogMetal: Display: Viewport Size Mismatch: Drawable W:3024.000000 H:1900.000000, Viewport W:2104 H:1434
[2026.09.04-00.41.21:594][911]LogMetal: Display: Viewport Size Mismatch: Drawable W:3024.000000 H:1900.000000, Texture W:1900 H:1900, Viewport W:2104.000000 H:1434.000000, layer frame W:1512.000000, H:950.000000
[2026.09.04-00.41.21:631][912]LogMotionWorldNetwork: Display: MotionWorld network action accepted: session=8D77D263F54B episode=7311 source_observation=6 desired_local_cm_per_sec=(100.000000, 0.000000) unreal_end_to_end_latency_ms=54.512460 current_identity_match=true before_deadline=true.
[2026.09.04-00.41.21:634][912]LogMetal: Display: Viewport Size Mismatch: Drawable W:3024.000000 H:1900.000000, Viewport W:2104 H:1434
[2026.09.04-00.41.21:634][912]LogMetal: Display: Viewport Size Mismatch: Drawable W:3024.000000 H:1900.000000, Texture W:1900 H:1900, Viewport W:2104.000000 H:1434.000000, layer frame W:1512.000000, H:950.000000
[2026.09.04-00.41.21:634][912]LogMetal: Display: Viewport Size Mismatch: Drawable W:3024.000000 H:1900.000000, Viewport W:2104 H:1434
[2026.09.04-00.41.21:634][912]LogMetal: Display: Viewport Size Mismatch: Drawable W:3024.000000 H:1900.000000, Viewport W:2104 H:1434
[2026.09.04-00.41.21:634][912]LogMetal: Display: Viewport Size Mismatch: Drawable W:3024.000000 H:1900.000000, Texture W:1900 H:1900, Viewport W:2104.000000 H:1434.000000, layer frame W:1512.000000, H:950.000000
[2026.09.04-00.41.21:695][913]LogMotionWorldNetwork: Display: MotionWorld network observation sent: session=8D77D263F54B episode=7311 observation=7 state_sequence=166 simulation_time_s=9.399000 facing_yaw_deg=0.000000 previous_action_present=true previous_action_source=6.
[2026.09.04-00.41.21:695][913]LogMotionWorldBridge: Display: MotionWorld command echo: revision=69 frame=character_local resolved=true facing_yaw_deg=0.00 finite=true requested_frame=(100.00, 0.00, 0.00) submitted_world=(100.00, 0.00, 0.00) echoed_world=(100.00, 0.00, 0.00) match=true
[2026.09.04-00.41.21:699][913]LogMetal: Display: Viewport Size Mismatch: Drawable W:3024.000000 H:1900.000000, Viewport W:2104 H:1434
[2026.09.04-00.41.21:699][913]LogMetal: Display: Viewport Size Mismatch: Drawable W:3024.000000 H:1900.000000, Texture W:1900 H:1900, Viewport W:2104.000000 H:1434.000000, layer frame W:1512.000000, H:950.000000
[2026.09.04-00.41.21:700][913]LogMetal: Display: Viewport Size Mismatch: Drawable W:3024.000000 H:1900.000000, Viewport W:2104 H:1434
[2026.09.04-00.41.21:700][913]LogMetal: Display: Viewport Size Mismatch: Drawable W:3024.000000 H:1900.000000, Viewport W:2104 H:1434
[2026.09.04-00.41.21:700][913]LogMetal: Display: Viewport Size Mismatch: Drawable W:3024.000000 H:1900.000000, Texture W:1900 H:1900, Viewport W:2104.000000 H:1434.000000, layer frame W:1512.000000, H:950.000000
[2026.09.04-00.41.21:744][914]LogMotionWorldNetwork: Display: MotionWorld network action accepted: session=8D77D263F54B episode=7311 source_observation=7 desired_local_cm_per_sec=(100.000000, 0.000000) unreal_end_to_end_latency_ms=49.221624 current_identity_match=true before_deadline=true.
[2026.09.04-00.41.21:745][914]LogMetal: Display: Viewport Size Mismatch: Drawable W:3024.000000 H:1900.000000, Viewport W:2104 H:1434
[2026.09.04-00.41.21:745][914]LogMetal: Display: Viewport Size Mismatch: Drawable W:3024.000000 H:1900.000000, Texture W:1900 H:1900, Viewport W:2104.000000 H:1434.000000, layer frame W:1512.000000, H:950.000000
[2026.09.04-00.41.21:746][914]LogMetal: Display: Viewport Size Mismatch: Drawable W:3024.000000 H:1900.000000, Viewport W:2104 H:1434
[2026.09.04-00.41.21:761][914]LogMetal: Display: Viewport Size Mismatch: Drawable W:3024.000000 H:1900.000000, Viewport W:2104 H:1434
[2026.09.04-00.41.21:762][914]LogMetal: Display: Viewport Size Mismatch: Drawable W:3024.000000 H:1900.000000, Texture W:1900 H:1900, Viewport W:2104.000000 H:1434.000000, layer frame W:1512.000000, H:950.000000
[2026.09.04-00.41.21:793][915]LogMotionWorldNetwork: Display: MotionWorld network observation sent: session=8D77D263F54B episode=7311 observation=8 state_sequence=168 simulation_time_s=9.499000 facing_yaw_deg=0.000000 previous_action_present=true previous_action_source=7.
[2026.09.04-00.41.21:793][915]LogMotionWorldBridge: Display: MotionWorld command echo: revision=70 frame=character_local resolved=true facing_yaw_deg=0.00 finite=true requested_frame=(100.00, 0.00, 0.00) submitted_world=(100.00, 0.00, 0.00) echoed_world=(100.00, 0.00, 0.00) match=true
[2026.09.04-00.41.21:801][915]LogMetal: Display: Viewport Size Mismatch: Drawable W:3024.000000 H:1900.000000, Viewport W:2104 H:1434
[2026.09.04-00.41.21:801][915]LogMetal: Display: Viewport Size Mismatch: Drawable W:3024.000000 H:1900.000000, Texture W:1900 H:1900, Viewport W:2104.000000 H:1434.000000, layer frame W:1512.000000, H:950.000000
[2026.09.04-00.41.21:801][915]LogMetal: Display: Viewport Size Mismatch: Drawable W:3024.000000 H:1900.000000, Viewport W:2104 H:1434
[2026.09.04-00.41.21:801][915]LogMetal: Display: Viewport Size Mismatch: Drawable W:3024.000000 H:1900.000000, Viewport W:2104 H:1434
[2026.09.04-00.41.21:801][915]LogMetal: Display: Viewport Size Mismatch: Drawable W:3024.000000 H:1900.000000, Texture W:1900 H:1900, Viewport W:2104.000000 H:1434.000000, layer frame W:1512.000000, H:950.000000
[2026.09.04-00.41.21:840][916]LogMotionWorldNetwork: Display: MotionWorld network action accepted: session=8D77D263F54B episode=7311 source_observation=8 desired_local_cm_per_sec=(100.000000, 0.000000) unreal_end_to_end_latency_ms=47.341455 current_identity_match=true before_deadline=true.
[2026.09.04-00.41.21:843][916]LogMetal: Display: Viewport Size Mismatch: Drawable W:3024.000000 H:1900.000000, Viewport W:2104 H:1434
[2026.09.04-00.41.21:843][916]LogMetal: Display: Viewport Size Mismatch: Drawable W:3024.000000 H:1900.000000, Texture W:1900 H:1900, Viewport W:2104.000000 H:1434.000000, layer frame W:1512.000000, H:950.000000
[2026.09.04-00.41.21:844][916]LogMetal: Display: Viewport Size Mismatch: Drawable W:3024.000000 H:1900.000000, Viewport W:2104 H:1434
[2026.09.04-00.41.21:861][916]LogMetal: Display: Viewport Size Mismatch: Drawable W:3024.000000 H:1900.000000, Viewport W:2104 H:1434
[2026.09.04-00.41.21:861][916]LogMetal: Display: Viewport Size Mismatch: Drawable W:3024.000000 H:1900.000000, Texture W:1900 H:1900, Viewport W:2104.000000 H:1434.000000, layer frame W:1512.000000, H:950.000000
[2026.09.04-00.41.21:894][917]LogMotionWorldNetwork: Display: MotionWorld network observation sent: session=8D77D263F54B episode=7311 observation=9 state_sequence=170 simulation_time_s=9.600000 facing_yaw_deg=0.000000 previous_action_present=true previous_action_source=8.
[2026.09.04-00.41.21:894][917]LogMotionWorldBridge: Display: MotionWorld command echo: revision=71 frame=character_local resolved=true facing_yaw_deg=0.00 finite=true requested_frame=(100.00, 0.00, 0.00) submitted_world=(100.00, 0.00, 0.00) echoed_world=(100.00, 0.00, 0.00) match=true
[2026.09.04-00.41.21:896][917]LogMetal: Display: Viewport Size Mismatch: Drawable W:3024.000000 H:1900.000000, Viewport W:2104 H:1434
[2026.09.04-00.41.21:897][917]LogMetal: Display: Viewport Size Mismatch: Drawable W:3024.000000 H:1900.000000, Texture W:1900 H:1900, Viewport W:2104.000000 H:1434.000000, layer frame W:1512.000000, H:950.000000
[2026.09.04-00.41.21:897][917]LogMetal: Display: Viewport Size Mismatch: Drawable W:3024.000000 H:1900.000000, Viewport W:2104 H:1434
[2026.09.04-00.41.21:897][917]LogMetal: Display: Viewport Size Mismatch: Drawable W:3024.000000 H:1900.000000, Viewport W:2104 H:1434
[2026.09.04-00.41.21:897][917]LogMetal: Display: Viewport Size Mismatch: Drawable W:3024.000000 H:1900.000000, Texture W:1900 H:1900, Viewport W:2104.000000 H:1434.000000, layer frame W:1512.000000, H:950.000000
[2026.09.04-00.41.21:949][918]LogMotionWorldNetwork: Display: MotionWorld network observation sent: session=8D77D263F54B episode=7311 observation=10 state_sequence=171 simulation_time_s=9.654000 facing_yaw_deg=0.000000 previous_action_present=true previous_action_source=8.
[2026.09.04-00.41.21:949][918]LogMotionWorldBridge: Display: MotionWorld command echo: revision=72 frame=character_local resolved=true facing_yaw_deg=0.00 finite=true requested_frame=(100.00, 0.00, 0.00) submitted_world=(100.00, 0.00, 0.00) echoed_world=(100.00, 0.00, 0.00) match=true
[2026.09.04-00.41.21:950][918]LogMetal: Display: Viewport Size Mismatch: Drawable W:3024.000000 H:1900.000000, Viewport W:2104 H:1434
[2026.09.04-00.41.21:950][918]LogMetal: Display: Viewport Size Mismatch: Drawable W:3024.000000 H:1900.000000, Texture W:1900 H:1900, Viewport W:2104.000000 H:1434.000000, layer frame W:1512.000000, H:950.000000
[2026.09.04-00.41.21:951][918]LogMetal: Display: Viewport Size Mismatch: Drawable W:3024.000000 H:1900.000000, Viewport W:2104 H:1434
[2026.09.04-00.41.21:962][918]LogMetal: Display: Viewport Size Mismatch: Drawable W:3024.000000 H:1900.000000, Viewport W:2104 H:1434
[2026.09.04-00.41.21:962][918]LogMetal: Display: Viewport Size Mismatch: Drawable W:3024.000000 H:1900.000000, Texture W:1900 H:1900, Viewport W:2104.000000 H:1434.000000, layer frame W:1512.000000, H:950.000000
[2026.09.04-00.41.21:987][919]LogMetal: Display: Viewport Size Mismatch: Drawable W:3024.000000 H:1900.000000, Viewport W:2104 H:1434
[2026.09.04-00.41.21:987][919]LogMetal: Display: Viewport Size Mismatch: Drawable W:3024.000000 H:1900.000000, Texture W:1900 H:1900, Viewport W:2104.000000 H:1434.000000, layer frame W:1512.000000, H:950.000000
[2026.09.04-00.41.21:988][919]LogMotionWorldNetwork: Display: MotionWorld network action accepted: session=8D77D263F54B episode=7311 source_observation=10 desired_local_cm_per_sec=(100.000000, 0.000000) unreal_end_to_end_latency_ms=38.968917 current_identity_match=true before_deadline=true.
[2026.09.04-00.41.21:988][919]LogMetal: Display: Viewport Size Mismatch: Drawable W:3024.000000 H:1900.000000, Viewport W:2104 H:1434
[2026.09.04-00.41.22:003][919]LogMetal: Display: Viewport Size Mismatch: Drawable W:3024.000000 H:1900.000000, Viewport W:2104 H:1434
[2026.09.04-00.41.22:003][919]LogMetal: Display: Viewport Size Mismatch: Drawable W:3024.000000 H:1900.000000, Texture W:1900 H:1900, Viewport W:2104.000000 H:1434.000000, layer frame W:1512.000000, H:950.000000
[2026.09.04-00.41.22:032][920]LogMotionWorldBridge: Display: MotionWorld command echo: revision=73 frame=character_local resolved=true facing_yaw_deg=0.00 finite=true requested_frame=(100.00, 0.00, 0.00) submitted_world=(100.00, 0.00, 0.00) echoed_world=(100.00, 0.00, 0.00) match=true
[2026.09.04-00.41.22:034][920]LogMetal: Display: Viewport Size Mismatch: Drawable W:3024.000000 H:1900.000000, Viewport W:2104 H:1434
[2026.09.04-00.41.22:034][920]LogMetal: Display: Viewport Size Mismatch: Drawable W:3024.000000 H:1900.000000, Texture W:1900 H:1900, Viewport W:2104.000000 H:1434.000000, layer frame W:1512.000000, H:950.000000
[2026.09.04-00.41.22:035][920]LogMetal: Display: Viewport Size Mismatch: Drawable W:3024.000000 H:1900.000000, Viewport W:2104 H:1434
[2026.09.04-00.41.22:061][920]LogMetal: Display: Viewport Size Mismatch: Drawable W:3024.000000 H:1900.000000, Viewport W:2104 H:1434
[2026.09.04-00.41.22:061][920]LogMetal: Display: Viewport Size Mismatch: Drawable W:3024.000000 H:1900.000000, Texture W:1900 H:1900, Viewport W:2104.000000 H:1434.000000, layer frame W:1512.000000, H:950.000000
[2026.09.04-00.41.22:089][921]LogMotionWorldNetwork: Display: MotionWorld network observation sent: session=8D77D263F54B episode=7311 observation=11 state_sequence=174 simulation_time_s=9.794000 facing_yaw_deg=0.000000 previous_action_present=true previous_action_source=10.
[2026.09.04-00.41.22:090][921]LogMetal: Display: Viewport Size Mismatch: Drawable W:3024.000000 H:1900.000000, Viewport W:2104 H:1434
[2026.09.04-00.41.22:090][921]LogMetal: Display: Viewport Size Mismatch: Drawable W:3024.000000 H:1900.000000, Texture W:1900 H:1900, Viewport W:2104.000000 H:1434.000000, layer frame W:1512.000000, H:950.000000
[2026.09.04-00.41.22:090][921]LogMetal: Display: Viewport Size Mismatch: Drawable W:3024.000000 H:1900.000000, Viewport W:2104 H:1434
[2026.09.04-00.41.22:094][921]LogMetal: Display: Viewport Size Mismatch: Drawable W:3024.000000 H:1900.000000, Viewport W:2104 H:1434
[2026.09.04-00.41.22:094][921]LogMetal: Display: Viewport Size Mismatch: Drawable W:3024.000000 H:1900.000000, Texture W:1900 H:1900, Viewport W:2104.000000 H:1434.000000, layer frame W:1512.000000, H:950.000000
[2026.09.04-00.41.22:137][922]LogMotionWorldNetwork: Display: MotionWorld network action accepted: session=8D77D263F54B episode=7311 source_observation=11 desired_local_cm_per_sec=(100.000000, 0.000000) unreal_end_to_end_latency_ms=49.717333 current_identity_match=true before_deadline=true.
[2026.09.04-00.41.22:138][922]LogMetal: Display: Viewport Size Mismatch: Drawable W:3024.000000 H:1900.000000, Viewport W:2104 H:1434
[2026.09.04-00.41.22:138][922]LogMetal: Display: Viewport Size Mismatch: Drawable W:3024.000000 H:1900.000000, Texture W:1900 H:1900, Viewport W:2104.000000 H:1434.000000, layer frame W:1512.000000, H:950.000000
[2026.09.04-00.41.22:138][922]LogMetal: Display: Viewport Size Mismatch: Drawable W:3024.000000 H:1900.000000, Viewport W:2104 H:1434
[2026.09.04-00.41.22:139][922]LogMetal: Display: Viewport Size Mismatch: Drawable W:3024.000000 H:1900.000000, Viewport W:2104 H:1434
[2026.09.04-00.41.22:139][922]LogMetal: Display: Viewport Size Mismatch: Drawable W:3024.000000 H:1900.000000, Texture W:1900 H:1900, Viewport W:2104.000000 H:1434.000000, layer frame W:1512.000000, H:950.000000
[2026.09.04-00.41.22:184][923]LogMotionWorldNetwork: Display: MotionWorld network observation sent: session=8D77D263F54B episode=7311 observation=12 state_sequence=176 simulation_time_s=9.889000 facing_yaw_deg=0.000000 previous_action_present=true previous_action_source=11.
[2026.09.04-00.41.22:184][923]LogMotionWorldBridge: Display: MotionWorld command echo: revision=74 frame=character_local resolved=true facing_yaw_deg=0.00 finite=true requested_frame=(100.00, 0.00, 0.00) submitted_world=(100.00, 0.00, 0.00) echoed_world=(100.00, 0.00, 0.00) match=true
[2026.09.04-00.41.22:187][923]LogMetal: Display: Viewport Size Mismatch: Drawable W:3024.000000 H:1900.000000, Viewport W:2104 H:1434
[2026.09.04-00.41.22:187][923]LogMetal: Display: Viewport Size Mismatch: Drawable W:3024.000000 H:1900.000000, Texture W:1900 H:1900, Viewport W:2104.000000 H:1434.000000, layer frame W:1512.000000, H:950.000000
[2026.09.04-00.41.22:188][923]LogMetal: Display: Viewport Size Mismatch: Drawable W:3024.000000 H:1900.000000, Viewport W:2104 H:1434
[2026.09.04-00.41.22:194][923]LogMetal: Display: Viewport Size Mismatch: Drawable W:3024.000000 H:1900.000000, Viewport W:2104 H:1434
[2026.09.04-00.41.22:194][923]LogMetal: Display: Viewport Size Mismatch: Drawable W:3024.000000 H:1900.000000, Texture W:1900 H:1900, Viewport W:2104.000000 H:1434.000000, layer frame W:1512.000000, H:950.000000
[2026.09.04-00.41.22:243][924]LogMetal: Display: Viewport Size Mismatch: Drawable W:3024.000000 H:1900.000000, Viewport W:2104 H:1434
[2026.09.04-00.41.22:244][924]LogMetal: Display: Viewport Size Mismatch: Drawable W:3024.000000 H:1900.000000, Texture W:1900 H:1900, Viewport W:2104.000000 H:1434.000000, layer frame W:1512.000000, H:950.000000
[2026.09.04-00.41.22:244][924]LogMotionWorldNetwork: Display: MotionWorld network action accepted: session=8D77D263F54B episode=7311 source_observation=12 desired_local_cm_per_sec=(100.000000, 0.000000) unreal_end_to_end_latency_ms=60.638249 current_identity_match=true before_deadline=true.
[2026.09.04-00.41.22:245][924]LogMetal: Display: Viewport Size Mismatch: Drawable W:3024.000000 H:1900.000000, Viewport W:2104 H:1434
[2026.09.04-00.41.22:261][924]LogMetal: Display: Viewport Size Mismatch: Drawable W:3024.000000 H:1900.000000, Viewport W:2104 H:1434
[2026.09.04-00.41.22:261][924]LogMetal: Display: Viewport Size Mismatch: Drawable W:3024.000000 H:1900.000000, Texture W:1900 H:1900, Viewport W:2104.000000 H:1434.000000, layer frame W:1512.000000, H:950.000000
[2026.09.04-00.41.22:289][925]LogMotionWorldNetwork: Display: MotionWorld network observation sent: session=8D77D263F54B episode=7311 observation=13 state_sequence=178 simulation_time_s=9.994000 facing_yaw_deg=0.000000 previous_action_present=true previous_action_source=12.
[2026.09.04-00.41.22:290][925]LogMotionWorldBridge: Display: MotionWorld command echo: revision=75 frame=character_local resolved=true facing_yaw_deg=0.00 finite=true requested_frame=(100.00, 0.00, 0.00) submitted_world=(100.00, 0.00, 0.00) echoed_world=(100.00, 0.00, 0.00) match=true
[2026.09.04-00.41.22:292][925]LogMetal: Display: Viewport Size Mismatch: Drawable W:3024.000000 H:1900.000000, Viewport W:2104 H:1434
[2026.09.04-00.41.22:293][925]LogMetal: Display: Viewport Size Mismatch: Drawable W:3024.000000 H:1900.000000, Texture W:1900 H:1900, Viewport W:2104.000000 H:1434.000000, layer frame W:1512.000000, H:950.000000
[2026.09.04-00.41.22:293][925]LogMetal: Display: Viewport Size Mismatch: Drawable W:3024.000000 H:1900.000000, Viewport W:2104 H:1434
[2026.09.04-00.41.22:293][925]LogMetal: Display: Viewport Size Mismatch: Drawable W:3024.000000 H:1900.000000, Viewport W:2104 H:1434
[2026.09.04-00.41.22:293][925]LogMetal: Display: Viewport Size Mismatch: Drawable W:3024.000000 H:1900.000000, Texture W:1900 H:1900, Viewport W:2104.000000 H:1434.000000, layer frame W:1512.000000, H:950.000000
[2026.09.04-00.41.22:345][926]LogMotionWorldNetwork: Display: MotionWorld network action accepted: session=8D77D263F54B episode=7311 source_observation=13 desired_local_cm_per_sec=(100.000000, 0.000000) unreal_end_to_end_latency_ms=55.328708 current_identity_match=true before_deadline=true.
[2026.09.04-00.41.22:350][926]LogMetal: Display: Viewport Size Mismatch: Drawable W:3024.000000 H:1900.000000, Viewport W:2104 H:1434
[2026.09.04-00.41.22:350][926]LogMetal: Display: Viewport Size Mismatch: Drawable W:3024.000000 H:1900.000000, Texture W:1900 H:1900, Viewport W:2104.000000 H:1434.000000, layer frame W:1512.000000, H:950.000000
[2026.09.04-00.41.22:351][926]LogMetal: Display: Viewport Size Mismatch: Drawable W:3024.000000 H:1900.000000, Viewport W:2104 H:1434
[2026.09.04-00.41.22:351][926]LogMetal: Display: Viewport Size Mismatch: Drawable W:3024.000000 H:1900.000000, Viewport W:2104 H:1434
[2026.09.04-00.41.22:351][926]LogMetal: Display: Viewport Size Mismatch: Drawable W:3024.000000 H:1900.000000, Texture W:1900 H:1900, Viewport W:2104.000000 H:1434.000000, layer frame W:1512.000000, H:950.000000
[2026.09.04-00.41.22:411][927]LogMotionWorldBridge: Display: MotionWorld state sample: protocol=1 sequence=180 valid=true mover_step_frame=181 sim_time_s=10.117000 step_s=0.067000 resim=false mode=Walking position_world_cm=(-673.28, 0.00, 88.27) velocity_world_cm_per_sec=(100.00, 0.00, 0.00) velocity_local_planar_cm_per_sec=(100.00, 0.00, 0.00) facing_yaw_deg=0.00 facing_unit_world=(1.000000, 0.000000) angular_velocity_world_deg_per_sec=(0.00, 0.00, 0.00)
[2026.09.04-00.41.22:411][927]LogMotionWorldNetwork: Display: MotionWorld network observation sent: session=8D77D263F54B episode=7311 observation=14 state_sequence=180 simulation_time_s=10.117000 facing_yaw_deg=0.000000 previous_action_present=true previous_action_source=13.
[2026.09.04-00.41.22:411][927]LogMotionWorldBridge: Display: MotionWorld command echo: revision=76 frame=character_local resolved=true facing_yaw_deg=0.00 finite=true requested_frame=(100.00, 0.00, 0.00) submitted_world=(100.00, 0.00, 0.00) echoed_world=(100.00, 0.00, 0.00) match=true
[2026.09.04-00.41.22:413][927]LogMetal: Display: Viewport Size Mismatch: Drawable W:3024.000000 H:1900.000000, Viewport W:2104 H:1434
[2026.09.04-00.41.22:413][927]LogMetal: Display: Viewport Size Mismatch: Drawable W:3024.000000 H:1900.000000, Texture W:1900 H:1900, Viewport W:2104.000000 H:1434.000000, layer frame W:1512.000000, H:950.000000
[2026.09.04-00.41.22:414][927]LogMetal: Display: Viewport Size Mismatch: Drawable W:3024.000000 H:1900.000000, Viewport W:2104 H:1434
[2026.09.04-00.41.22:414][927]LogMetal: Display: Viewport Size Mismatch: Drawable W:3024.000000 H:1900.000000, Viewport W:2104 H:1434
[2026.09.04-00.41.22:414][927]LogMetal: Display: Viewport Size Mismatch: Drawable W:3024.000000 H:1900.000000, Texture W:1900 H:1900, Viewport W:2104.000000 H:1434.000000, layer frame W:1512.000000, H:950.000000
[2026.09.04-00.41.22:466][928]LogMotionWorldNetwork: Display: MotionWorld network observation sent: session=8D77D263F54B episode=7311 observation=15 state_sequence=181 simulation_time_s=10.173000 facing_yaw_deg=0.000000 previous_action_present=true previous_action_source=13.
[2026.09.04-00.41.22:466][928]LogMotionWorldBridge: Display: MotionWorld command echo: revision=77 frame=character_local resolved=true facing_yaw_deg=0.00 finite=true requested_frame=(100.00, 0.00, 0.00) submitted_world=(100.00, 0.00, 0.00) echoed_world=(100.00, 0.00, 0.00) match=true
[2026.09.04-00.41.22:467][928]LogMetal: Display: Viewport Size Mismatch: Drawable W:3024.000000 H:1900.000000, Viewport W:2104 H:1434
[2026.09.04-00.41.22:467][928]LogMetal: Display: Viewport Size Mismatch: Drawable W:3024.000000 H:1900.000000, Texture W:1900 H:1900, Viewport W:2104.000000 H:1434.000000, layer frame W:1512.000000, H:950.000000
[2026.09.04-00.41.22:468][928]LogMetal: Display: Viewport Size Mismatch: Drawable W:3024.000000 H:1900.000000, Viewport W:2104 H:1434
[2026.09.04-00.41.22:468][928]LogMetal: Display: Viewport Size Mismatch: Drawable W:3024.000000 H:1900.000000, Viewport W:2104 H:1434
[2026.09.04-00.41.22:468][928]LogMetal: Display: Viewport Size Mismatch: Drawable W:3024.000000 H:1900.000000, Texture W:1900 H:1900, Viewport W:2104.000000 H:1434.000000, layer frame W:1512.000000, H:950.000000
[2026.09.04-00.41.22:508][929]LogMotionWorldNetwork: Display: MotionWorld network action accepted: session=8D77D263F54B episode=7311 source_observation=15 desired_local_cm_per_sec=(100.000000, 0.000000) unreal_end_to_end_latency_ms=41.903377 current_identity_match=true before_deadline=true.
[2026.09.04-00.41.22:509][929]LogMetal: Display: Viewport Size Mismatch: Drawable W:3024.000000 H:1900.000000, Viewport W:2104 H:1434
[2026.09.04-00.41.22:509][929]LogMetal: Display: Viewport Size Mismatch: Drawable W:3024.000000 H:1900.000000, Texture W:1900 H:1900, Viewport W:2104.000000 H:1434.000000, layer frame W:1512.000000, H:950.000000
[2026.09.04-00.41.22:509][929]LogMetal: Display: Viewport Size Mismatch: Drawable W:3024.000000 H:1900.000000, Viewport W:2104 H:1434
[2026.09.04-00.41.22:528][929]LogMetal: Display: Viewport Size Mismatch: Drawable W:3024.000000 H:1900.000000, Viewport W:2104 H:1434
[2026.09.04-00.41.22:528][929]LogMetal: Display: Viewport Size Mismatch: Drawable W:3024.000000 H:1900.000000, Texture W:1900 H:1900, Viewport W:2104.000000 H:1434.000000, layer frame W:1512.000000, H:950.000000
[2026.09.04-00.41.22:559][930]LogMotionWorldNetwork: Display: MotionWorld network observation sent: session=8D77D263F54B episode=7311 observation=16 state_sequence=183 simulation_time_s=10.265000 facing_yaw_deg=0.000000 previous_action_present=true previous_action_source=15.
[2026.09.04-00.41.22:559][930]LogMotionWorldBridge: Display: MotionWorld command echo: revision=78 frame=character_local resolved=true facing_yaw_deg=0.00 finite=true requested_frame=(100.00, 0.00, 0.00) submitted_world=(100.00, 0.00, 0.00) echoed_world=(100.00, 0.00, 0.00) match=true
[2026.09.04-00.41.22:562][930]LogMetal: Display: Viewport Size Mismatch: Drawable W:3024.000000 H:1900.000000, Viewport W:2104 H:1434
[2026.09.04-00.41.22:562][930]LogMetal: Display: Viewport Size Mismatch: Drawable W:3024.000000 H:1900.000000, Texture W:1900 H:1900, Viewport W:2104.000000 H:1434.000000, layer frame W:1512.000000, H:950.000000
[2026.09.04-00.41.22:563][930]LogMetal: Display: Viewport Size Mismatch: Drawable W:3024.000000 H:1900.000000, Viewport W:2104 H:1434
[2026.09.04-00.41.22:563][930]LogMetal: Display: Viewport Size Mismatch: Drawable W:3024.000000 H:1900.000000, Viewport W:2104 H:1434
[2026.09.04-00.41.22:563][930]LogMetal: Display: Viewport Size Mismatch: Drawable W:3024.000000 H:1900.000000, Texture W:1900 H:1900, Viewport W:2104.000000 H:1434.000000, layer frame W:1512.000000, H:950.000000
[2026.09.04-00.41.22:624][931]LogMotionWorldNetwork: Display: MotionWorld network action accepted: session=8D77D263F54B episode=7311 source_observation=16 desired_local_cm_per_sec=(100.000000, 0.000000) unreal_end_to_end_latency_ms=64.255752 current_identity_match=true before_deadline=true.
[2026.09.04-00.41.22:625][931]LogMetal: Display: Viewport Size Mismatch: Drawable W:3024.000000 H:1900.000000, Viewport W:2104 H:1434
[2026.09.04-00.41.22:625][931]LogMetal: Display: Viewport Size Mismatch: Drawable W:3024.000000 H:1900.000000, Texture W:1900 H:1900, Viewport W:2104.000000 H:1434.000000, layer frame W:1512.000000, H:950.000000
[2026.09.04-00.41.22:625][931]LogMetal: Display: Viewport Size Mismatch: Drawable W:3024.000000 H:1900.000000, Viewport W:2104 H:1434
[2026.09.04-00.41.22:628][931]LogMetal: Display: Viewport Size Mismatch: Drawable W:3024.000000 H:1900.000000, Viewport W:2104 H:1434
[2026.09.04-00.41.22:628][931]LogMetal: Display: Viewport Size Mismatch: Drawable W:3024.000000 H:1900.000000, Texture W:1900 H:1900, Viewport W:2104.000000 H:1434.000000, layer frame W:1512.000000, H:950.000000
[2026.09.04-00.41.22:661][932]LogMotionWorldNetwork: Display: MotionWorld network observation sent: session=8D77D263F54B episode=7311 observation=17 state_sequence=185 simulation_time_s=10.367000 facing_yaw_deg=0.000000 previous_action_present=true previous_action_source=16.
[2026.09.04-00.41.22:661][932]LogMotionWorldBridge: Display: MotionWorld command echo: revision=79 frame=character_local resolved=true facing_yaw_deg=0.00 finite=true requested_frame=(100.00, 0.00, 0.00) submitted_world=(100.00, 0.00, 0.00) echoed_world=(100.00, 0.00, 0.00) match=true
[2026.09.04-00.41.22:662][932]LogMetal: Display: Viewport Size Mismatch: Drawable W:3024.000000 H:1900.000000, Viewport W:2104 H:1434
[2026.09.04-00.41.22:662][932]LogMetal: Display: Viewport Size Mismatch: Drawable W:3024.000000 H:1900.000000, Texture W:1900 H:1900, Viewport W:2104.000000 H:1434.000000, layer frame W:1512.000000, H:950.000000
[2026.09.04-00.41.22:663][932]LogMetal: Display: Viewport Size Mismatch: Drawable W:3024.000000 H:1900.000000, Viewport W:2104 H:1434
[2026.09.04-00.41.22:663][932]LogMetal: Display: Viewport Size Mismatch: Drawable W:3024.000000 H:1900.000000, Viewport W:2104 H:1434
[2026.09.04-00.41.22:663][932]LogMetal: Display: Viewport Size Mismatch: Drawable W:3024.000000 H:1900.000000, Texture W:1900 H:1900, Viewport W:2104.000000 H:1434.000000, layer frame W:1512.000000, H:950.000000
[2026.09.04-00.41.22:717][933]LogMotionWorldNetwork: Display: MotionWorld network action accepted: session=8D77D263F54B episode=7311 source_observation=17 desired_local_cm_per_sec=(100.000000, 0.000000) unreal_end_to_end_latency_ms=56.609165 current_identity_match=true before_deadline=true.
[2026.09.04-00.41.22:718][933]LogMetal: Display: Viewport Size Mismatch: Drawable W:3024.000000 H:1900.000000, Viewport W:2104 H:1434
[2026.09.04-00.41.22:718][933]LogMetal: Display: Viewport Size Mismatch: Drawable W:3024.000000 H:1900.000000, Texture W:1900 H:1900, Viewport W:2104.000000 H:1434.000000, layer frame W:1512.000000, H:950.000000
[2026.09.04-00.41.22:719][933]LogMetal: Display: Viewport Size Mismatch: Drawable W:3024.000000 H:1900.000000, Viewport W:2104 H:1434
[2026.09.04-00.41.22:728][933]LogMetal: Display: Viewport Size Mismatch: Drawable W:3024.000000 H:1900.000000, Viewport W:2104 H:1434
[2026.09.04-00.41.22:728][933]LogMetal: Display: Viewport Size Mismatch: Drawable W:3024.000000 H:1900.000000, Texture W:1900 H:1900, Viewport W:2104.000000 H:1434.000000, layer frame W:1512.000000, H:950.000000
[2026.09.04-00.41.22:756][934]LogMotionWorldNetwork: Display: MotionWorld network observation sent: session=8D77D263F54B episode=7311 observation=18 state_sequence=187 simulation_time_s=10.462000 facing_yaw_deg=0.000000 previous_action_present=true previous_action_source=17.
[2026.09.04-00.41.22:756][934]LogMotionWorldBridge: Display: MotionWorld command echo: revision=80 frame=character_local resolved=true facing_yaw_deg=0.00 finite=true requested_frame=(100.00, 0.00, 0.00) submitted_world=(100.00, 0.00, 0.00) echoed_world=(100.00, 0.00, 0.00) match=true
[2026.09.04-00.41.22:761][934]LogMetal: Display: Viewport Size Mismatch: Drawable W:3024.000000 H:1900.000000, Viewport W:2104 H:1434
[2026.09.04-00.41.22:761][934]LogMetal: Display: Viewport Size Mismatch: Drawable W:3024.000000 H:1900.000000, Texture W:1900 H:1900, Viewport W:2104.000000 H:1434.000000, layer frame W:1512.000000, H:950.000000
[2026.09.04-00.41.22:761][934]LogMetal: Display: Viewport Size Mismatch: Drawable W:3024.000000 H:1900.000000, Viewport W:2104 H:1434
[2026.09.04-00.41.22:761][934]LogMetal: Display: Viewport Size Mismatch: Drawable W:3024.000000 H:1900.000000, Viewport W:2104 H:1434
[2026.09.04-00.41.22:761][934]LogMetal: Display: Viewport Size Mismatch: Drawable W:3024.000000 H:1900.000000, Texture W:1900 H:1900, Viewport W:2104.000000 H:1434.000000, layer frame W:1512.000000, H:950.000000
[2026.09.04-00.41.22:821][935]LogMetal: Display: Viewport Size Mismatch: Drawable W:3024.000000 H:1900.000000, Viewport W:2104 H:1434
[2026.09.04-00.41.22:822][935]LogMetal: Display: Viewport Size Mismatch: Drawable W:3024.000000 H:1900.000000, Texture W:1900 H:1900, Viewport W:2104.000000 H:1434.000000, layer frame W:1512.000000, H:950.000000
[2026.09.04-00.41.22:822][935]LogMetal: Display: Viewport Size Mismatch: Drawable W:3024.000000 H:1900.000000, Viewport W:2104 H:1434
[2026.09.04-00.41.22:822][935]LogMotionWorldNetwork: Display: MotionWorld network action accepted: session=8D77D263F54B episode=7311 source_observation=18 desired_local_cm_per_sec=(100.000000, 0.000000) unreal_end_to_end_latency_ms=66.025712 current_identity_match=true before_deadline=true.
[2026.09.04-00.41.22:828][935]LogMetal: Display: Viewport Size Mismatch: Drawable W:3024.000000 H:1900.000000, Viewport W:2104 H:1434
[2026.09.04-00.41.22:828][935]LogMetal: Display: Viewport Size Mismatch: Drawable W:3024.000000 H:1900.000000, Texture W:1900 H:1900, Viewport W:2104.000000 H:1434.000000, layer frame W:1512.000000, H:950.000000
[2026.09.04-00.41.22:870][936]LogMotionWorldNetwork: Display: MotionWorld network observation sent: session=8D77D263F54B episode=7311 observation=19 state_sequence=189 simulation_time_s=10.577000 facing_yaw_deg=0.000000 previous_action_present=true previous_action_source=18.
[2026.09.04-00.41.22:870][936]LogMotionWorldBridge: Display: MotionWorld command echo: revision=81 frame=character_local resolved=true facing_yaw_deg=0.00 finite=true requested_frame=(100.00, 0.00, 0.00) submitted_world=(100.00, 0.00, 0.00) echoed_world=(100.00, 0.00, 0.00) match=true
[2026.09.04-00.41.22:873][936]LogMetal: Display: Viewport Size Mismatch: Drawable W:3024.000000 H:1900.000000, Viewport W:2104 H:1434
[2026.09.04-00.41.22:873][936]LogMetal: Display: Viewport Size Mismatch: Drawable W:3024.000000 H:1900.000000, Texture W:1900 H:1900, Viewport W:2104.000000 H:1434.000000, layer frame W:1512.000000, H:950.000000
[2026.09.04-00.41.22:874][936]LogMetal: Display: Viewport Size Mismatch: Drawable W:3024.000000 H:1900.000000, Viewport W:2104 H:1434
[2026.09.04-00.41.22:874][936]LogMetal: Display: Viewport Size Mismatch: Drawable W:3024.000000 H:1900.000000, Viewport W:2104 H:1434
[2026.09.04-00.41.22:874][936]LogMetal: Display: Viewport Size Mismatch: Drawable W:3024.000000 H:1900.000000, Texture W:1900 H:1900, Viewport W:2104.000000 H:1434.000000, layer frame W:1512.000000, H:950.000000
[2026.09.04-00.41.22:932][937]LogMotionWorldNetwork: Display: MotionWorld network action accepted: session=8D77D263F54B episode=7311 source_observation=19 desired_local_cm_per_sec=(100.000000, 0.000000) unreal_end_to_end_latency_ms=61.466083 current_identity_match=true before_deadline=true.
[2026.09.04-00.41.22:932][937]LogMetal: Display: Viewport Size Mismatch: Drawable W:3024.000000 H:1900.000000, Viewport W:2104 H:1434
[2026.09.04-00.41.22:932][937]LogMetal: Display: Viewport Size Mismatch: Drawable W:3024.000000 H:1900.000000, Texture W:1900 H:1900, Viewport W:2104.000000 H:1434.000000, layer frame W:1512.000000, H:950.000000
[2026.09.04-00.41.22:933][937]LogMetal: Display: Viewport Size Mismatch: Drawable W:3024.000000 H:1900.000000, Viewport W:2104 H:1434
[2026.09.04-00.41.22:933][937]LogMetal: Display: Viewport Size Mismatch: Drawable W:3024.000000 H:1900.000000, Viewport W:2104 H:1434
[2026.09.04-00.41.22:933][937]LogMetal: Display: Viewport Size Mismatch: Drawable W:3024.000000 H:1900.000000, Texture W:1900 H:1900, Viewport W:2104.000000 H:1434.000000, layer frame W:1512.000000, H:950.000000
[2026.09.04-00.41.22:970][938]LogMotionWorldNetwork: Display: MotionWorld network observation sent: session=8D77D263F54B episode=7311 observation=20 state_sequence=191 simulation_time_s=10.675000 facing_yaw_deg=0.000000 previous_action_present=true previous_action_source=19.
[2026.09.04-00.41.22:970][938]LogMotionWorldBridge: Display: MotionWorld command echo: revision=82 frame=character_local resolved=true facing_yaw_deg=0.00 finite=true requested_frame=(100.00, 0.00, 0.00) submitted_world=(100.00, 0.00, 0.00) echoed_world=(100.00, 0.00, 0.00) match=true
[2026.09.04-00.41.22:974][938]LogMetal: Display: Viewport Size Mismatch: Drawable W:3024.000000 H:1900.000000, Viewport W:2104 H:1434
[2026.09.04-00.41.22:974][938]LogMetal: Display: Viewport Size Mismatch: Drawable W:3024.000000 H:1900.000000, Texture W:1900 H:1900, Viewport W:2104.000000 H:1434.000000, layer frame W:1512.000000, H:950.000000
[2026.09.04-00.41.22:975][938]LogMetal: Display: Viewport Size Mismatch: Drawable W:3024.000000 H:1900.000000, Viewport W:2104 H:1434
[2026.09.04-00.41.22:975][938]LogMetal: Display: Viewport Size Mismatch: Drawable W:3024.000000 H:1900.000000, Viewport W:2104 H:1434
[2026.09.04-00.41.22:975][938]LogMetal: Display: Viewport Size Mismatch: Drawable W:3024.000000 H:1900.000000, Texture W:1900 H:1900, Viewport W:2104.000000 H:1434.000000, layer frame W:1512.000000, H:950.000000
[2026.09.04-00.41.23:033][939]LogMotionWorldNetwork: Display: MotionWorld network action accepted: session=8D77D263F54B episode=7311 source_observation=20 desired_local_cm_per_sec=(100.000000, 0.000000) unreal_end_to_end_latency_ms=62.662207 current_identity_match=true before_deadline=true.
[2026.09.04-00.41.23:037][939]LogMetal: Display: Viewport Size Mismatch: Drawable W:3024.000000 H:1900.000000, Viewport W:2104 H:1434
[2026.09.04-00.41.23:037][939]LogMetal: Display: Viewport Size Mismatch: Drawable W:3024.000000 H:1900.000000, Texture W:1900 H:1900, Viewport W:2104.000000 H:1434.000000, layer frame W:1512.000000, H:950.000000
[2026.09.04-00.41.23:038][939]LogMetal: Display: Viewport Size Mismatch: Drawable W:3024.000000 H:1900.000000, Viewport W:2104 H:1434
[2026.09.04-00.41.23:038][939]LogMetal: Display: Viewport Size Mismatch: Drawable W:3024.000000 H:1900.000000, Viewport W:2104 H:1434
[2026.09.04-00.41.23:038][939]LogMetal: Display: Viewport Size Mismatch: Drawable W:3024.000000 H:1900.000000, Texture W:1900 H:1900, Viewport W:2104.000000 H:1434.000000, layer frame W:1512.000000, H:950.000000
[2026.09.04-00.41.23:081][940]LogMotionWorldNetwork: Display: MotionWorld network observation sent: session=8D77D263F54B episode=7311 observation=21 state_sequence=193 simulation_time_s=10.783000 facing_yaw_deg=0.000000 previous_action_present=true previous_action_source=20.
[2026.09.04-00.41.23:081][940]LogMotionWorldBridge: Display: MotionWorld command echo: revision=83 frame=character_local resolved=true facing_yaw_deg=0.00 finite=true requested_frame=(100.00, 0.00, 0.00) submitted_world=(100.00, 0.00, 0.00) echoed_world=(100.00, 0.00, 0.00) match=true
[2026.09.04-00.41.23:083][940]LogMetal: Display: Viewport Size Mismatch: Drawable W:3024.000000 H:1900.000000, Viewport W:2104 H:1434
[2026.09.04-00.41.23:083][940]LogMetal: Display: Viewport Size Mismatch: Drawable W:3024.000000 H:1900.000000, Texture W:1900 H:1900, Viewport W:2104.000000 H:1434.000000, layer frame W:1512.000000, H:950.000000
[2026.09.04-00.41.23:085][940]LogMetal: Display: Viewport Size Mismatch: Drawable W:3024.000000 H:1900.000000, Viewport W:2104 H:1434
[2026.09.04-00.41.23:094][940]LogMetal: Display: Viewport Size Mismatch: Drawable W:3024.000000 H:1900.000000, Viewport W:2104 H:1434
[2026.09.04-00.41.23:094][940]LogMetal: Display: Viewport Size Mismatch: Drawable W:3024.000000 H:1900.000000, Texture W:1900 H:1900, Viewport W:2104.000000 H:1434.000000, layer frame W:1512.000000, H:950.000000
[2026.09.04-00.41.23:145][941]LogMotionWorldNetwork: Display: MotionWorld network action accepted: session=8D77D263F54B episode=7311 source_observation=21 desired_local_cm_per_sec=(100.000000, 0.000000) unreal_end_to_end_latency_ms=63.923959 current_identity_match=true before_deadline=true.
[2026.09.04-00.41.23:147][941]LogMetal: Display: Viewport Size Mismatch: Drawable W:3024.000000 H:1900.000000, Viewport W:2104 H:1434
[2026.09.04-00.41.23:147][941]LogMetal: Display: Viewport Size Mismatch: Drawable W:3024.000000 H:1900.000000, Texture W:1900 H:1900, Viewport W:2104.000000 H:1434.000000, layer frame W:1512.000000, H:950.000000
[2026.09.04-00.41.23:148][941]LogMetal: Display: Viewport Size Mismatch: Drawable W:3024.000000 H:1900.000000, Viewport W:2104 H:1434
[2026.09.04-00.41.23:162][941]LogMetal: Display: Viewport Size Mismatch: Drawable W:3024.000000 H:1900.000000, Viewport W:2104 H:1434
[2026.09.04-00.41.23:162][941]LogMetal: Display: Viewport Size Mismatch: Drawable W:3024.000000 H:1900.000000, Texture W:1900 H:1900, Viewport W:2104.000000 H:1434.000000, layer frame W:1512.000000, H:950.000000
[2026.09.04-00.41.23:200][942]LogMotionWorldNetwork: Display: MotionWorld network observation sent: session=8D77D263F54B episode=7311 observation=22 state_sequence=195 simulation_time_s=10.900000 facing_yaw_deg=0.000000 previous_action_present=true previous_action_source=21.
[2026.09.04-00.41.23:200][942]LogMotionWorldBridge: Display: MotionWorld command echo: revision=84 frame=character_local resolved=true facing_yaw_deg=0.00 finite=true requested_frame=(100.00, 0.00, 0.00) submitted_world=(100.00, 0.00, 0.00) echoed_world=(100.00, 0.00, 0.00) match=true
[2026.09.04-00.41.23:205][942]LogMetal: Display: Viewport Size Mismatch: Drawable W:3024.000000 H:1900.000000, Viewport W:2104 H:1434
[2026.09.04-00.41.23:205][942]LogMetal: Display: Viewport Size Mismatch: Drawable W:3024.000000 H:1900.000000, Texture W:1900 H:1900, Viewport W:2104.000000 H:1434.000000, layer frame W:1512.000000, H:950.000000
[2026.09.04-00.41.23:206][942]LogMetal: Display: Viewport Size Mismatch: Drawable W:3024.000000 H:1900.000000, Viewport W:2104 H:1434
[2026.09.04-00.41.23:206][942]LogMetal: Display: Viewport Size Mismatch: Drawable W:3024.000000 H:1900.000000, Viewport W:2104 H:1434
[2026.09.04-00.41.23:206][942]LogMetal: Display: Viewport Size Mismatch: Drawable W:3024.000000 H:1900.000000, Texture W:1900 H:1900, Viewport W:2104.000000 H:1434.000000, layer frame W:1512.000000, H:950.000000
[2026.09.04-00.41.23:242][943]LogMotionWorldNetwork: Display: MotionWorld network action accepted: session=8D77D263F54B episode=7311 source_observation=22 desired_local_cm_per_sec=(100.000000, 0.000000) unreal_end_to_end_latency_ms=42.425416 current_identity_match=true before_deadline=true.
[2026.09.04-00.41.23:246][943]LogMetal: Display: Viewport Size Mismatch: Drawable W:3024.000000 H:1900.000000, Viewport W:2104 H:1434
[2026.09.04-00.41.23:246][943]LogMetal: Display: Viewport Size Mismatch: Drawable W:3024.000000 H:1900.000000, Texture W:1900 H:1900, Viewport W:2104.000000 H:1434.000000, layer frame W:1512.000000, H:950.000000
[2026.09.04-00.41.23:246][943]LogMetal: Display: Viewport Size Mismatch: Drawable W:3024.000000 H:1900.000000, Viewport W:2104 H:1434
[2026.09.04-00.41.23:261][943]LogMetal: Display: Viewport Size Mismatch: Drawable W:3024.000000 H:1900.000000, Viewport W:2104 H:1434
[2026.09.04-00.41.23:261][943]LogMetal: Display: Viewport Size Mismatch: Drawable W:3024.000000 H:1900.000000, Texture W:1900 H:1900, Viewport W:2104.000000 H:1434.000000, layer frame W:1512.000000, H:950.000000
[2026.09.04-00.41.23:293][944]LogMotionWorldNetwork: Display: MotionWorld network observation sent: session=8D77D263F54B episode=7311 observation=23 state_sequence=197 simulation_time_s=10.999000 facing_yaw_deg=0.000000 previous_action_present=true previous_action_source=22.
[2026.09.04-00.41.23:293][944]LogMotionWorldBridge: Display: MotionWorld command echo: revision=85 frame=character_local resolved=true facing_yaw_deg=0.00 finite=true requested_frame=(100.00, 0.00, 0.00) submitted_world=(100.00, 0.00, 0.00) echoed_world=(100.00, 0.00, 0.00) match=true
[2026.09.04-00.41.23:301][944]LogMetal: Display: Viewport Size Mismatch: Drawable W:3024.000000 H:1900.000000, Viewport W:2104 H:1434
[2026.09.04-00.41.23:301][944]LogMetal: Display: Viewport Size Mismatch: Drawable W:3024.000000 H:1900.000000, Texture W:1900 H:1900, Viewport W:2104.000000 H:1434.000000, layer frame W:1512.000000, H:950.000000
[2026.09.04-00.41.23:302][944]LogMetal: Display: Viewport Size Mismatch: Drawable W:3024.000000 H:1900.000000, Viewport W:2104 H:1434
[2026.09.04-00.41.23:302][944]LogMetal: Display: Viewport Size Mismatch: Drawable W:3024.000000 H:1900.000000, Viewport W:2104 H:1434
[2026.09.04-00.41.23:302][944]LogMetal: Display: Viewport Size Mismatch: Drawable W:3024.000000 H:1900.000000, Texture W:1900 H:1900, Viewport W:2104.000000 H:1434.000000, layer frame W:1512.000000, H:950.000000
[2026.09.04-00.41.23:369][945]LogMotionWorldNetwork: Display: MotionWorld network observation sent: session=8D77D263F54B episode=7311 observation=24 state_sequence=198 simulation_time_s=11.069000 facing_yaw_deg=0.000000 previous_action_present=true previous_action_source=22.
[2026.09.04-00.41.23:369][945]LogMotionWorldBridge: Display: MotionWorld command echo: revision=86 frame=character_local resolved=true facing_yaw_deg=0.00 finite=true requested_frame=(100.00, 0.00, 0.00) submitted_world=(100.00, 0.00, 0.00) echoed_world=(100.00, 0.00, 0.00) match=true
[2026.09.04-00.41.23:370][945]LogMetal: Display: Viewport Size Mismatch: Drawable W:3024.000000 H:1900.000000, Viewport W:2104 H:1434
[2026.09.04-00.41.23:370][945]LogMetal: Display: Viewport Size Mismatch: Drawable W:3024.000000 H:1900.000000, Texture W:1900 H:1900, Viewport W:2104.000000 H:1434.000000, layer frame W:1512.000000, H:950.000000
[2026.09.04-00.41.23:371][945]LogMetal: Display: Viewport Size Mismatch: Drawable W:3024.000000 H:1900.000000, Viewport W:2104 H:1434
[2026.09.04-00.41.23:371][945]LogMetal: Display: Viewport Size Mismatch: Drawable W:3024.000000 H:1900.000000, Viewport W:2104 H:1434
[2026.09.04-00.41.23:371][945]LogMetal: Display: Viewport Size Mismatch: Drawable W:3024.000000 H:1900.000000, Texture W:1900 H:1900, Viewport W:2104.000000 H:1434.000000, layer frame W:1512.000000, H:950.000000
[2026.09.04-00.41.23:413][946]LogMotionWorldNetwork: Display: MotionWorld network action accepted: session=8D77D263F54B episode=7311 source_observation=24 desired_local_cm_per_sec=(100.000000, 0.000000) unreal_end_to_end_latency_ms=43.551043 current_identity_match=true before_deadline=true.
[2026.09.04-00.41.23:414][946]LogMetal: Display: Viewport Size Mismatch: Drawable W:3024.000000 H:1900.000000, Viewport W:2104 H:1434
[2026.09.04-00.41.23:414][946]LogMetal: Display: Viewport Size Mismatch: Drawable W:3024.000000 H:1900.000000, Texture W:1900 H:1900, Viewport W:2104.000000 H:1434.000000, layer frame W:1512.000000, H:950.000000
[2026.09.04-00.41.23:415][946]LogMetal: Display: Viewport Size Mismatch: Drawable W:3024.000000 H:1900.000000, Viewport W:2104 H:1434
[2026.09.04-00.41.23:428][946]LogMetal: Display: Viewport Size Mismatch: Drawable W:3024.000000 H:1900.000000, Viewport W:2104 H:1434
[2026.09.04-00.41.23:428][946]LogMetal: Display: Viewport Size Mismatch: Drawable W:3024.000000 H:1900.000000, Texture W:1900 H:1900, Viewport W:2104.000000 H:1434.000000, layer frame W:1512.000000, H:950.000000
[2026.09.04-00.41.23:469][947]LogMotionWorldNetwork: Display: MotionWorld network observation sent: session=8D77D263F54B episode=7311 observation=25 state_sequence=200 simulation_time_s=11.170000 facing_yaw_deg=0.000000 previous_action_present=true previous_action_source=24.
[2026.09.04-00.41.23:469][947]LogMotionWorldBridge: Display: MotionWorld command echo: revision=87 frame=character_local resolved=true facing_yaw_deg=0.00 finite=true requested_frame=(100.00, 0.00, 0.00) submitted_world=(100.00, 0.00, 0.00) echoed_world=(100.00, 0.00, 0.00) match=true
[2026.09.04-00.41.23:477][947]LogMetal: Display: Viewport Size Mismatch: Drawable W:3024.000000 H:1900.000000, Viewport W:2104 H:1434
[2026.09.04-00.41.23:477][947]LogMetal: Display: Viewport Size Mismatch: Drawable W:3024.000000 H:1900.000000, Texture W:1900 H:1900, Viewport W:2104.000000 H:1434.000000, layer frame W:1512.000000, H:950.000000
[2026.09.04-00.41.23:478][947]LogMetal: Display: Viewport Size Mismatch: Drawable W:3024.000000 H:1900.000000, Viewport W:2104 H:1434
[2026.09.04-00.41.23:478][947]LogMetal: Display: Viewport Size Mismatch: Drawable W:3024.000000 H:1900.000000, Viewport W:2104 H:1434
[2026.09.04-00.41.23:478][947]LogMetal: Display: Viewport Size Mismatch: Drawable W:3024.000000 H:1900.000000, Texture W:1900 H:1900, Viewport W:2104.000000 H:1434.000000, layer frame W:1512.000000, H:950.000000
[2026.09.04-00.41.23:514][948]LogMotionWorldNetwork: Display: MotionWorld network action accepted: session=8D77D263F54B episode=7311 source_observation=25 desired_local_cm_per_sec=(100.000000, 0.000000) unreal_end_to_end_latency_ms=45.438375 current_identity_match=true before_deadline=true.
[2026.09.04-00.41.23:531][948]LogMetal: Display: Viewport Size Mismatch: Drawable W:3024.000000 H:1900.000000, Viewport W:2104 H:1434
[2026.09.04-00.41.23:531][948]LogMetal: Display: Viewport Size Mismatch: Drawable W:3024.000000 H:1900.000000, Texture W:1900 H:1900, Viewport W:2104.000000 H:1434.000000, layer frame W:1512.000000, H:950.000000
[2026.09.04-00.41.23:533][948]LogMetal: Display: Viewport Size Mismatch: Drawable W:3024.000000 H:1900.000000, Viewport W:2104 H:1434
[2026.09.04-00.41.23:533][948]LogMetal: Display: Viewport Size Mismatch: Drawable W:3024.000000 H:1900.000000, Viewport W:2104 H:1434
[2026.09.04-00.41.23:533][948]LogMetal: Display: Viewport Size Mismatch: Drawable W:3024.000000 H:1900.000000, Texture W:1900 H:1900, Viewport W:2104.000000 H:1434.000000, layer frame W:1512.000000, H:950.000000
[2026.09.04-00.41.23:567][949]LogMotionWorldNetwork: Display: MotionWorld network observation sent: session=8D77D263F54B episode=7311 observation=26 state_sequence=202 simulation_time_s=11.268000 facing_yaw_deg=0.000000 previous_action_present=true previous_action_source=25.
[2026.09.04-00.41.23:567][949]LogMotionWorldBridge: Display: MotionWorld command echo: revision=88 frame=character_local resolved=true facing_yaw_deg=0.00 finite=true requested_frame=(100.00, 0.00, 0.00) submitted_world=(100.00, 0.00, 0.00) echoed_world=(100.00, 0.00, 0.00) match=true
[2026.09.04-00.41.23:569][949]LogMetal: Display: Viewport Size Mismatch: Drawable W:3024.000000 H:1900.000000, Viewport W:2104 H:1434
[2026.09.04-00.41.23:569][949]LogMetal: Display: Viewport Size Mismatch: Drawable W:3024.000000 H:1900.000000, Texture W:1900 H:1900, Viewport W:2104.000000 H:1434.000000, layer frame W:1512.000000, H:950.000000
[2026.09.04-00.41.23:570][949]LogMetal: Display: Viewport Size Mismatch: Drawable W:3024.000000 H:1900.000000, Viewport W:2104 H:1434
[2026.09.04-00.41.23:570][949]LogMetal: Display: Viewport Size Mismatch: Drawable W:3024.000000 H:1900.000000, Viewport W:2104 H:1434
[2026.09.04-00.41.23:570][949]LogMetal: Display: Viewport Size Mismatch: Drawable W:3024.000000 H:1900.000000, Texture W:1900 H:1900, Viewport W:2104.000000 H:1434.000000, layer frame W:1512.000000, H:950.000000
[2026.09.04-00.41.23:632][950]LogMotionWorldNetwork: Display: MotionWorld network action accepted: session=8D77D263F54B episode=7311 source_observation=26 desired_local_cm_per_sec=(100.000000, 0.000000) unreal_end_to_end_latency_ms=64.617459 current_identity_match=true before_deadline=true.
[2026.09.04-00.41.23:639][950]LogMetal: Display: Viewport Size Mismatch: Drawable W:3024.000000 H:1900.000000, Viewport W:2104 H:1434
[2026.09.04-00.41.23:639][950]LogMetal: Display: Viewport Size Mismatch: Drawable W:3024.000000 H:1900.000000, Texture W:1900 H:1900, Viewport W:2104.000000 H:1434.000000, layer frame W:1512.000000, H:950.000000
[2026.09.04-00.41.23:640][950]LogMetal: Display: Viewport Size Mismatch: Drawable W:3024.000000 H:1900.000000, Viewport W:2104 H:1434
[2026.09.04-00.41.23:640][950]LogMetal: Display: Viewport Size Mismatch: Drawable W:3024.000000 H:1900.000000, Viewport W:2104 H:1434
[2026.09.04-00.41.23:640][950]LogMetal: Display: Viewport Size Mismatch: Drawable W:3024.000000 H:1900.000000, Texture W:1900 H:1900, Viewport W:2104.000000 H:1434.000000, layer frame W:1512.000000, H:950.000000
[2026.09.04-00.41.23:680][951]LogMotionWorldNetwork: Display: MotionWorld network observation sent: session=8D77D263F54B episode=7311 observation=27 state_sequence=204 simulation_time_s=11.382000 facing_yaw_deg=0.000000 previous_action_present=true previous_action_source=26.
[2026.09.04-00.41.23:680][951]LogMotionWorldBridge: Display: MotionWorld command echo: revision=89 frame=character_local resolved=true facing_yaw_deg=0.00 finite=true requested_frame=(100.00, 0.00, 0.00) submitted_world=(100.00, 0.00, 0.00) echoed_world=(100.00, 0.00, 0.00) match=true
[2026.09.04-00.41.23:684][951]LogMetal: Display: Viewport Size Mismatch: Drawable W:3024.000000 H:1900.000000, Viewport W:2104 H:1434
[2026.09.04-00.41.23:684][951]LogMetal: Display: Viewport Size Mismatch: Drawable W:3024.000000 H:1900.000000, Texture W:1900 H:1900, Viewport W:2104.000000 H:1434.000000, layer frame W:1512.000000, H:950.000000
[2026.09.04-00.41.23:685][951]LogMetal: Display: Viewport Size Mismatch: Drawable W:3024.000000 H:1900.000000, Viewport W:2104 H:1434
[2026.09.04-00.41.23:685][951]LogMetal: Display: Viewport Size Mismatch: Drawable W:3024.000000 H:1900.000000, Viewport W:2104 H:1434
[2026.09.04-00.41.23:685][951]LogMetal: Display: Viewport Size Mismatch: Drawable W:3024.000000 H:1900.000000, Texture W:1900 H:1900, Viewport W:2104.000000 H:1434.000000, layer frame W:1512.000000, H:950.000000
[2026.09.04-00.41.23:728][952]LogMotionWorldNetwork: Display: MotionWorld network action accepted: session=8D77D263F54B episode=7311 source_observation=27 desired_local_cm_per_sec=(100.000000, 0.000000) unreal_end_to_end_latency_ms=48.093583 current_identity_match=true before_deadline=true.
[2026.09.04-00.41.23:730][952]LogMetal: Display: Viewport Size Mismatch: Drawable W:3024.000000 H:1900.000000, Viewport W:2104 H:1434
[2026.09.04-00.41.23:730][952]LogMetal: Display: Viewport Size Mismatch: Drawable W:3024.000000 H:1900.000000, Texture W:1900 H:1900, Viewport W:2104.000000 H:1434.000000, layer frame W:1512.000000, H:950.000000
[2026.09.04-00.41.23:731][952]LogMetal: Display: Viewport Size Mismatch: Drawable W:3024.000000 H:1900.000000, Viewport W:2104 H:1434
[2026.09.04-00.41.23:731][952]LogMetal: Display: Viewport Size Mismatch: Drawable W:3024.000000 H:1900.000000, Viewport W:2104 H:1434
[2026.09.04-00.41.23:731][952]LogMetal: Display: Viewport Size Mismatch: Drawable W:3024.000000 H:1900.000000, Texture W:1900 H:1900, Viewport W:2104.000000 H:1434.000000, layer frame W:1512.000000, H:950.000000
[2026.09.04-00.41.23:775][953]LogMotionWorldNetwork: Display: MotionWorld network observation sent: session=8D77D263F54B episode=7311 observation=28 state_sequence=206 simulation_time_s=11.477000 facing_yaw_deg=0.000000 previous_action_present=true previous_action_source=27.
[2026.09.04-00.41.23:775][953]LogMotionWorldBridge: Display: MotionWorld command echo: revision=90 frame=character_local resolved=true facing_yaw_deg=0.00 finite=true requested_frame=(100.00, 0.00, 0.00) submitted_world=(100.00, 0.00, 0.00) echoed_world=(100.00, 0.00, 0.00) match=true
[2026.09.04-00.41.23:778][953]LogMetal: Display: Viewport Size Mismatch: Drawable W:3024.000000 H:1900.000000, Viewport W:2104 H:1434
[2026.09.04-00.41.23:778][953]LogMetal: Display: Viewport Size Mismatch: Drawable W:3024.000000 H:1900.000000, Texture W:1900 H:1900, Viewport W:2104.000000 H:1434.000000, layer frame W:1512.000000, H:950.000000
[2026.09.04-00.41.23:779][953]LogMetal: Display: Viewport Size Mismatch: Drawable W:3024.000000 H:1900.000000, Viewport W:2104 H:1434
[2026.09.04-00.41.23:779][953]LogMetal: Display: Viewport Size Mismatch: Drawable W:3024.000000 H:1900.000000, Viewport W:2104 H:1434
[2026.09.04-00.41.23:779][953]LogMetal: Display: Viewport Size Mismatch: Drawable W:3024.000000 H:1900.000000, Texture W:1900 H:1900, Viewport W:2104.000000 H:1434.000000, layer frame W:1512.000000, H:950.000000
[2026.09.04-00.41.23:826][954]LogMotionWorldNetwork: Display: MotionWorld network action accepted: session=8D77D263F54B episode=7311 source_observation=28 desired_local_cm_per_sec=(100.000000, 0.000000) unreal_end_to_end_latency_ms=51.495999 current_identity_match=true before_deadline=true.
[2026.09.04-00.41.23:827][954]LogMetal: Display: Viewport Size Mismatch: Drawable W:3024.000000 H:1900.000000, Viewport W:2104 H:1434
[2026.09.04-00.41.23:828][954]LogMetal: Display: Viewport Size Mismatch: Drawable W:3024.000000 H:1900.000000, Texture W:1900 H:1900, Viewport W:2104.000000 H:1434.000000, layer frame W:1512.000000, H:950.000000
[2026.09.04-00.41.23:829][954]LogMetal: Display: Viewport Size Mismatch: Drawable W:3024.000000 H:1900.000000, Viewport W:2104 H:1434
[2026.09.04-00.41.23:829][954]LogMetal: Display: Viewport Size Mismatch: Drawable W:3024.000000 H:1900.000000, Viewport W:2104 H:1434
[2026.09.04-00.41.23:829][954]LogMetal: Display: Viewport Size Mismatch: Drawable W:3024.000000 H:1900.000000, Texture W:1900 H:1900, Viewport W:2104.000000 H:1434.000000, layer frame W:1512.000000, H:950.000000
[2026.09.04-00.41.23:872][955]LogMotionWorldNetwork: Display: MotionWorld network observation sent: session=8D77D263F54B episode=7311 observation=29 state_sequence=208 simulation_time_s=11.578000 facing_yaw_deg=0.000000 previous_action_present=true previous_action_source=28.
[2026.09.04-00.41.23:872][955]LogMotionWorldBridge: Display: MotionWorld command echo: revision=91 frame=character_local resolved=true facing_yaw_deg=0.00 finite=true requested_frame=(100.00, 0.00, 0.00) submitted_world=(100.00, 0.00, 0.00) echoed_world=(100.00, 0.00, 0.00) match=true
[2026.09.04-00.41.23:875][955]LogMetal: Display: Viewport Size Mismatch: Drawable W:3024.000000 H:1900.000000, Viewport W:2104 H:1434
[2026.09.04-00.41.23:875][955]LogMetal: Display: Viewport Size Mismatch: Drawable W:3024.000000 H:1900.000000, Texture W:1900 H:1900, Viewport W:2104.000000 H:1434.000000, layer frame W:1512.000000, H:950.000000
[2026.09.04-00.41.23:876][955]LogMetal: Display: Viewport Size Mismatch: Drawable W:3024.000000 H:1900.000000, Viewport W:2104 H:1434
[2026.09.04-00.41.23:876][955]LogMetal: Display: Viewport Size Mismatch: Drawable W:3024.000000 H:1900.000000, Viewport W:2104 H:1434
[2026.09.04-00.41.23:876][955]LogMetal: Display: Viewport Size Mismatch: Drawable W:3024.000000 H:1900.000000, Texture W:1900 H:1900, Viewport W:2104.000000 H:1434.000000, layer frame W:1512.000000, H:950.000000
[2026.09.04-00.41.23:928][956]LogMotionWorldNetwork: Display: MotionWorld network action accepted: session=8D77D263F54B episode=7311 source_observation=29 desired_local_cm_per_sec=(100.000000, 0.000000) unreal_end_to_end_latency_ms=56.192625 current_identity_match=true before_deadline=true.
[2026.09.04-00.41.23:929][956]LogMetal: Display: Viewport Size Mismatch: Drawable W:3024.000000 H:1900.000000, Viewport W:2104 H:1434
[2026.09.04-00.41.23:929][956]LogMetal: Display: Viewport Size Mismatch: Drawable W:3024.000000 H:1900.000000, Texture W:1900 H:1900, Viewport W:2104.000000 H:1434.000000, layer frame W:1512.000000, H:950.000000
[2026.09.04-00.41.23:930][956]LogMetal: Display: Viewport Size Mismatch: Drawable W:3024.000000 H:1900.000000, Viewport W:2104 H:1434
[2026.09.04-00.41.23:930][956]LogMetal: Display: Viewport Size Mismatch: Drawable W:3024.000000 H:1900.000000, Viewport W:2104 H:1434
[2026.09.04-00.41.23:930][956]LogMetal: Display: Viewport Size Mismatch: Drawable W:3024.000000 H:1900.000000, Texture W:1900 H:1900, Viewport W:2104.000000 H:1434.000000, layer frame W:1512.000000, H:950.000000
[2026.09.04-00.41.23:970][957]LogMotionWorldNetwork: Display: MotionWorld network observation sent: session=8D77D263F54B episode=7311 observation=30 state_sequence=210 simulation_time_s=11.677000 facing_yaw_deg=0.000000 previous_action_present=true previous_action_source=29.
[2026.09.04-00.41.23:970][957]LogMotionWorldBridge: Display: MotionWorld command echo: revision=92 frame=character_local resolved=true facing_yaw_deg=0.00 finite=true requested_frame=(100.00, 0.00, 0.00) submitted_world=(100.00, 0.00, 0.00) echoed_world=(100.00, 0.00, 0.00) match=true
[2026.09.04-00.41.23:974][957]LogMetal: Display: Viewport Size Mismatch: Drawable W:3024.000000 H:1900.000000, Viewport W:2104 H:1434
[2026.09.04-00.41.23:974][957]LogMetal: Display: Viewport Size Mismatch: Drawable W:3024.000000 H:1900.000000, Texture W:1900 H:1900, Viewport W:2104.000000 H:1434.000000, layer frame W:1512.000000, H:950.000000
[2026.09.04-00.41.23:975][957]LogMetal: Display: Viewport Size Mismatch: Drawable W:3024.000000 H:1900.000000, Viewport W:2104 H:1434
[2026.09.04-00.41.23:975][957]LogMetal: Display: Viewport Size Mismatch: Drawable W:3024.000000 H:1900.000000, Viewport W:2104 H:1434
[2026.09.04-00.41.23:975][957]LogMetal: Display: Viewport Size Mismatch: Drawable W:3024.000000 H:1900.000000, Texture W:1900 H:1900, Viewport W:2104.000000 H:1434.000000, layer frame W:1512.000000, H:950.000000
[2026.09.04-00.41.24:032][958]LogMotionWorldNetwork: Display: MotionWorld network action accepted: session=8D77D263F54B episode=7311 source_observation=30 desired_local_cm_per_sec=(100.000000, 0.000000) unreal_end_to_end_latency_ms=61.937336 current_identity_match=true before_deadline=true.
[2026.09.04-00.41.24:037][958]LogMetal: Display: Viewport Size Mismatch: Drawable W:3024.000000 H:1900.000000, Viewport W:2104 H:1434
[2026.09.04-00.41.24:037][958]LogMetal: Display: Viewport Size Mismatch: Drawable W:3024.000000 H:1900.000000, Texture W:1900 H:1900, Viewport W:2104.000000 H:1434.000000, layer frame W:1512.000000, H:950.000000
[2026.09.04-00.41.24:037][958]LogMetal: Display: Viewport Size Mismatch: Drawable W:3024.000000 H:1900.000000, Viewport W:2104 H:1434
[2026.09.04-00.41.24:037][958]LogMetal: Display: Viewport Size Mismatch: Drawable W:3024.000000 H:1900.000000, Viewport W:2104 H:1434
[2026.09.04-00.41.24:037][958]LogMetal: Display: Viewport Size Mismatch: Drawable W:3024.000000 H:1900.000000, Texture W:1900 H:1900, Viewport W:2104.000000 H:1434.000000, layer frame W:1512.000000, H:950.000000
[2026.09.04-00.41.24:077][959]LogMotionWorldNetwork: Display: MotionWorld network observation sent: session=8D77D263F54B episode=7311 observation=31 state_sequence=212 simulation_time_s=11.781000 facing_yaw_deg=0.000000 previous_action_present=true previous_action_source=30.
[2026.09.04-00.41.24:078][959]LogMotionWorldBridge: Display: MotionWorld transition recorded: episode=7311 transition_sequence=59 previous_state_sequence=211 next_state_sequence=212 delta_s=0.046000 action_world_cm_per_sec=(100.00, 0.00, 0.00) action_local_cm_per_sec=(100.00, 0.00, 0.00) automated=true recorded=60 rejected=0.
[2026.09.04-00.41.24:078][959]LogMotionWorldBridge: Display: MotionWorld command echo: revision=93 frame=character_local resolved=true facing_yaw_deg=0.00 finite=true requested_frame=(100.00, 0.00, 0.00) submitted_world=(100.00, 0.00, 0.00) echoed_world=(100.00, 0.00, 0.00) match=true
[2026.09.04-00.41.24:079][959]LogMetal: Display: Viewport Size Mismatch: Drawable W:3024.000000 H:1900.000000, Viewport W:2104 H:1434
[2026.09.04-00.41.24:079][959]LogMetal: Display: Viewport Size Mismatch: Drawable W:3024.000000 H:1900.000000, Texture W:1900 H:1900, Viewport W:2104.000000 H:1434.000000, layer frame W:1512.000000, H:950.000000
[2026.09.04-00.41.24:080][959]LogMetal: Display: Viewport Size Mismatch: Drawable W:3024.000000 H:1900.000000, Viewport W:2104 H:1434
[2026.09.04-00.41.24:080][959]LogMetal: Display: Viewport Size Mismatch: Drawable W:3024.000000 H:1900.000000, Viewport W:2104 H:1434
[2026.09.04-00.41.24:080][959]LogMetal: Display: Viewport Size Mismatch: Drawable W:3024.000000 H:1900.000000, Texture W:1900 H:1900, Viewport W:2104.000000 H:1434.000000, layer frame W:1512.000000, H:950.000000
[2026.09.04-00.41.24:128][960]LogMotionWorldNetwork: Display: MotionWorld network action accepted: session=8D77D263F54B episode=7311 source_observation=31 desired_local_cm_per_sec=(100.000000, 0.000000) unreal_end_to_end_latency_ms=50.893500 current_identity_match=true before_deadline=true.
[2026.09.04-00.41.24:136][960]LogMetal: Display: Viewport Size Mismatch: Drawable W:3024.000000 H:1900.000000, Viewport W:2104 H:1434
[2026.09.04-00.41.24:136][960]LogMetal: Display: Viewport Size Mismatch: Drawable W:3024.000000 H:1900.000000, Texture W:1900 H:1900, Viewport W:2104.000000 H:1434.000000, layer frame W:1512.000000, H:950.000000
[2026.09.04-00.41.24:137][960]LogMetal: Display: Viewport Size Mismatch: Drawable W:3024.000000 H:1900.000000, Viewport W:2104 H:1434
[2026.09.04-00.41.24:137][960]LogMetal: Display: Viewport Size Mismatch: Drawable W:3024.000000 H:1900.000000, Viewport W:2104 H:1434
[2026.09.04-00.41.24:137][960]LogMetal: Display: Viewport Size Mismatch: Drawable W:3024.000000 H:1900.000000, Texture W:1900 H:1900, Viewport W:2104.000000 H:1434.000000, layer frame W:1512.000000, H:950.000000
[2026.09.04-00.41.24:177][961]LogMotionWorldNetwork: Display: MotionWorld network observation sent: session=8D77D263F54B episode=7311 observation=32 state_sequence=214 simulation_time_s=11.882000 facing_yaw_deg=0.000000 previous_action_present=true previous_action_source=31.
[2026.09.04-00.41.24:177][961]LogMotionWorldBridge: Display: MotionWorld command echo: revision=94 frame=character_local resolved=true facing_yaw_deg=0.00 finite=true requested_frame=(100.00, 0.00, 0.00) submitted_world=(100.00, 0.00, 0.00) echoed_world=(100.00, 0.00, 0.00) match=true
[2026.09.04-00.41.24:182][961]LogMetal: Display: Viewport Size Mismatch: Drawable W:3024.000000 H:1900.000000, Viewport W:2104 H:1434
[2026.09.04-00.41.24:182][961]LogMetal: Display: Viewport Size Mismatch: Drawable W:3024.000000 H:1900.000000, Texture W:1900 H:1900, Viewport W:2104.000000 H:1434.000000, layer frame W:1512.000000, H:950.000000
[2026.09.04-00.41.24:183][961]LogMetal: Display: Viewport Size Mismatch: Drawable W:3024.000000 H:1900.000000, Viewport W:2104 H:1434
[2026.09.04-00.41.24:183][961]LogMetal: Display: Viewport Size Mismatch: Drawable W:3024.000000 H:1900.000000, Viewport W:2104 H:1434
[2026.09.04-00.41.24:183][961]LogMetal: Display: Viewport Size Mismatch: Drawable W:3024.000000 H:1900.000000, Texture W:1900 H:1900, Viewport W:2104.000000 H:1434.000000, layer frame W:1512.000000, H:950.000000
[2026.09.04-00.41.24:234][962]LogMotionWorldNetwork: Display: MotionWorld network action accepted: session=8D77D263F54B episode=7311 source_observation=32 desired_local_cm_per_sec=(100.000000, 0.000000) unreal_end_to_end_latency_ms=57.495419 current_identity_match=true before_deadline=true.
[2026.09.04-00.41.24:236][962]LogMetal: Display: Viewport Size Mismatch: Drawable W:3024.000000 H:1900.000000, Viewport W:2104 H:1434
[2026.09.04-00.41.24:236][962]LogMetal: Display: Viewport Size Mismatch: Drawable W:3024.000000 H:1900.000000, Texture W:1900 H:1900, Viewport W:2104.000000 H:1434.000000, layer frame W:1512.000000, H:950.000000
[2026.09.04-00.41.24:236][962]LogMetal: Display: Viewport Size Mismatch: Drawable W:3024.000000 H:1900.000000, Viewport W:2104 H:1434
[2026.09.04-00.41.24:236][962]LogMetal: Display: Viewport Size Mismatch: Drawable W:3024.000000 H:1900.000000, Viewport W:2104 H:1434
[2026.09.04-00.41.24:236][962]LogMetal: Display: Viewport Size Mismatch: Drawable W:3024.000000 H:1900.000000, Texture W:1900 H:1900, Viewport W:2104.000000 H:1434.000000, layer frame W:1512.000000, H:950.000000
[2026.09.04-00.41.24:274][963]LogMotionWorldNetwork: Display: MotionWorld network observation sent: session=8D77D263F54B episode=7311 observation=33 state_sequence=216 simulation_time_s=11.980000 facing_yaw_deg=0.000000 previous_action_present=true previous_action_source=32.
[2026.09.04-00.41.24:274][963]LogMotionWorldBridge: Display: MotionWorld command echo: revision=95 frame=character_local resolved=true facing_yaw_deg=0.00 finite=true requested_frame=(100.00, 0.00, 0.00) submitted_world=(100.00, 0.00, 0.00) echoed_world=(100.00, 0.00, 0.00) match=true
[2026.09.04-00.41.24:278][963]LogMetal: Display: Viewport Size Mismatch: Drawable W:3024.000000 H:1900.000000, Viewport W:2104 H:1434
[2026.09.04-00.41.24:278][963]LogMetal: Display: Viewport Size Mismatch: Drawable W:3024.000000 H:1900.000000, Texture W:1900 H:1900, Viewport W:2104.000000 H:1434.000000, layer frame W:1512.000000, H:950.000000
[2026.09.04-00.41.24:278][963]LogMetal: Display: Viewport Size Mismatch: Drawable W:3024.000000 H:1900.000000, Viewport W:2104 H:1434
[2026.09.04-00.41.24:295][963]LogMetal: Display: Viewport Size Mismatch: Drawable W:3024.000000 H:1900.000000, Viewport W:2104 H:1434
[2026.09.04-00.41.24:295][963]LogMetal: Display: Viewport Size Mismatch: Drawable W:3024.000000 H:1900.000000, Texture W:1900 H:1900, Viewport W:2104.000000 H:1434.000000, layer frame W:1512.000000, H:950.000000
[2026.09.04-00.41.24:339][964]LogMotionWorldNetwork: Display: MotionWorld network action accepted: session=8D77D263F54B episode=7311 source_observation=33 desired_local_cm_per_sec=(100.000000, 0.000000) unreal_end_to_end_latency_ms=64.979501 current_identity_match=true before_deadline=true.
[2026.09.04-00.41.24:349][964]LogMetal: Display: Viewport Size Mismatch: Drawable W:3024.000000 H:1900.000000, Viewport W:2104 H:1434
[2026.09.04-00.41.24:349][964]LogMetal: Display: Viewport Size Mismatch: Drawable W:3024.000000 H:1900.000000, Texture W:1900 H:1900, Viewport W:2104.000000 H:1434.000000, layer frame W:1512.000000, H:950.000000
[2026.09.04-00.41.24:350][964]LogMetal: Display: Viewport Size Mismatch: Drawable W:3024.000000 H:1900.000000, Viewport W:2104 H:1434
[2026.09.04-00.41.24:350][964]LogMetal: Display: Viewport Size Mismatch: Drawable W:3024.000000 H:1900.000000, Viewport W:2104 H:1434
[2026.09.04-00.41.24:351][964]LogMetal: Display: Viewport Size Mismatch: Drawable W:3024.000000 H:1900.000000, Texture W:1900 H:1900, Viewport W:2104.000000 H:1434.000000, layer frame W:1512.000000, H:950.000000
[2026.09.04-00.41.24:410][965]LogMotionWorldNetwork: Display: MotionWorld network observation sent: session=8D77D263F54B episode=7311 observation=34 state_sequence=218 simulation_time_s=12.115000 facing_yaw_deg=0.000000 previous_action_present=true previous_action_source=33.
[2026.09.04-00.41.24:410][965]LogMotionWorldBridge: Display: MotionWorld command echo: revision=96 frame=character_local resolved=true facing_yaw_deg=0.00 finite=true requested_frame=(100.00, 0.00, 0.00) submitted_world=(100.00, 0.00, 0.00) echoed_world=(100.00, 0.00, 0.00) match=true
[2026.09.04-00.41.24:423][965]LogMetal: Display: Viewport Size Mismatch: Drawable W:3024.000000 H:1900.000000, Viewport W:2104 H:1434
[2026.09.04-00.41.24:423][965]LogMetal: Display: Viewport Size Mismatch: Drawable W:3024.000000 H:1900.000000, Texture W:1900 H:1900, Viewport W:2104.000000 H:1434.000000, layer frame W:1512.000000, H:950.000000
[2026.09.04-00.41.24:424][965]LogMetal: Display: Viewport Size Mismatch: Drawable W:3024.000000 H:1900.000000, Viewport W:2104 H:1434
[2026.09.04-00.41.24:424][965]LogMetal: Display: Viewport Size Mismatch: Drawable W:3024.000000 H:1900.000000, Viewport W:2104 H:1434
[2026.09.04-00.41.24:424][965]LogMetal: Display: Viewport Size Mismatch: Drawable W:3024.000000 H:1900.000000, Texture W:1900 H:1900, Viewport W:2104.000000 H:1434.000000, layer frame W:1512.000000, H:950.000000
[2026.09.04-00.41.24:442][966]LogMotionWorldNetwork: Display: MotionWorld network action accepted: session=8D77D263F54B episode=7311 source_observation=34 desired_local_cm_per_sec=(100.000000, 0.000000) unreal_end_to_end_latency_ms=32.486707 current_identity_match=true before_deadline=true.
[2026.09.04-00.41.24:446][966]LogMetal: Display: Viewport Size Mismatch: Drawable W:3024.000000 H:1900.000000, Viewport W:2104 H:1434
[2026.09.04-00.41.24:446][966]LogMetal: Display: Viewport Size Mismatch: Drawable W:3024.000000 H:1900.000000, Texture W:1900 H:1900, Viewport W:2104.000000 H:1434.000000, layer frame W:1512.000000, H:950.000000
[2026.09.04-00.41.24:448][966]LogMetal: Display: Viewport Size Mismatch: Drawable W:3024.000000 H:1900.000000, Viewport W:2104 H:1434
[2026.09.04-00.41.24:448][966]LogMetal: Display: Viewport Size Mismatch: Drawable W:3024.000000 H:1900.000000, Viewport W:2104 H:1434
[2026.09.04-00.41.24:448][966]LogMetal: Display: Viewport Size Mismatch: Drawable W:3024.000000 H:1900.000000, Texture W:1900 H:1900, Viewport W:2104.000000 H:1434.000000, layer frame W:1512.000000, H:950.000000
[2026.09.04-00.41.24:508][967]LogMotionWorldNetwork: Display: MotionWorld network observation sent: session=8D77D263F54B episode=7311 observation=35 state_sequence=220 simulation_time_s=12.212000 facing_yaw_deg=0.000000 previous_action_present=true previous_action_source=34.
[2026.09.04-00.41.24:508][967]LogMotionWorldBridge: Display: MotionWorld command echo: revision=97 frame=character_local resolved=true facing_yaw_deg=0.00 finite=true requested_frame=(100.00, 0.00, 0.00) submitted_world=(100.00, 0.00, 0.00) echoed_world=(100.00, 0.00, 0.00) match=true
[2026.09.04-00.41.24:510][967]LogMetal: Display: Viewport Size Mismatch: Drawable W:3024.000000 H:1900.000000, Viewport W:2104 H:1434
[2026.09.04-00.41.24:510][967]LogMetal: Display: Viewport Size Mismatch: Drawable W:3024.000000 H:1900.000000, Texture W:1900 H:1900, Viewport W:2104.000000 H:1434.000000, layer frame W:1512.000000, H:950.000000
[2026.09.04-00.41.24:511][967]LogMetal: Display: Viewport Size Mismatch: Drawable W:3024.000000 H:1900.000000, Viewport W:2104 H:1434
[2026.09.04-00.41.24:528][967]LogMetal: Display: Viewport Size Mismatch: Drawable W:3024.000000 H:1900.000000, Viewport W:2104 H:1434
[2026.09.04-00.41.24:528][967]LogMetal: Display: Viewport Size Mismatch: Drawable W:3024.000000 H:1900.000000, Texture W:1900 H:1900, Viewport W:2104.000000 H:1434.000000, layer frame W:1512.000000, H:950.000000
[2026.09.04-00.41.24:555][968]LogMotionWorldNetwork: Display: MotionWorld network observation sent: session=8D77D263F54B episode=7311 observation=36 state_sequence=221 simulation_time_s=12.261000 facing_yaw_deg=0.000000 previous_action_present=true previous_action_source=34.
[2026.09.04-00.41.24:555][968]LogMotionWorldBridge: Display: MotionWorld command echo: revision=98 frame=character_local resolved=true facing_yaw_deg=0.00 finite=true requested_frame=(100.00, 0.00, 0.00) submitted_world=(100.00, 0.00, 0.00) echoed_world=(100.00, 0.00, 0.00) match=true
[2026.09.04-00.41.24:559][968]LogMetal: Display: Viewport Size Mismatch: Drawable W:3024.000000 H:1900.000000, Viewport W:2104 H:1434
[2026.09.04-00.41.24:559][968]LogMetal: Display: Viewport Size Mismatch: Drawable W:3024.000000 H:1900.000000, Texture W:1900 H:1900, Viewport W:2104.000000 H:1434.000000, layer frame W:1512.000000, H:950.000000
[2026.09.04-00.41.24:560][968]LogMetal: Display: Viewport Size Mismatch: Drawable W:3024.000000 H:1900.000000, Viewport W:2104 H:1434
[2026.09.04-00.41.24:561][968]LogMetal: Display: Viewport Size Mismatch: Drawable W:3024.000000 H:1900.000000, Viewport W:2104 H:1434
[2026.09.04-00.41.24:561][968]LogMetal: Display: Viewport Size Mismatch: Drawable W:3024.000000 H:1900.000000, Texture W:1900 H:1900, Viewport W:2104.000000 H:1434.000000, layer frame W:1512.000000, H:950.000000
[2026.09.04-00.41.24:635][969]LogMotionWorldNetwork: Display: MotionWorld network action accepted: session=8D77D263F54B episode=7311 source_observation=36 desired_local_cm_per_sec=(100.000000, 0.000000) unreal_end_to_end_latency_ms=79.450291 current_identity_match=true before_deadline=true.
[2026.09.04-00.41.24:635][969]LogMetal: Display: Viewport Size Mismatch: Drawable W:3024.000000 H:1900.000000, Viewport W:2104 H:1434
[2026.09.04-00.41.24:635][969]LogMetal: Display: Viewport Size Mismatch: Drawable W:3024.000000 H:1900.000000, Texture W:1900 H:1900, Viewport W:2104.000000 H:1434.000000, layer frame W:1512.000000, H:950.000000
[2026.09.04-00.41.24:636][969]LogMetal: Display: Viewport Size Mismatch: Drawable W:3024.000000 H:1900.000000, Viewport W:2104 H:1434
[2026.09.04-00.41.24:636][969]LogMetal: Display: Viewport Size Mismatch: Drawable W:3024.000000 H:1900.000000, Viewport W:2104 H:1434
[2026.09.04-00.41.24:636][969]LogMetal: Display: Viewport Size Mismatch: Drawable W:3024.000000 H:1900.000000, Texture W:1900 H:1900, Viewport W:2104.000000 H:1434.000000, layer frame W:1512.000000, H:950.000000
[2026.09.04-00.41.24:676][970]LogMotionWorldNetwork: Display: MotionWorld network observation sent: session=8D77D263F54B episode=7311 observation=37 state_sequence=223 simulation_time_s=12.379000 facing_yaw_deg=0.000000 previous_action_present=true previous_action_source=36.
[2026.09.04-00.41.24:676][970]LogMotionWorldBridge: Display: MotionWorld command echo: revision=99 frame=character_local resolved=true facing_yaw_deg=0.00 finite=true requested_frame=(100.00, 0.00, 0.00) submitted_world=(100.00, 0.00, 0.00) echoed_world=(100.00, 0.00, 0.00) match=true
[2026.09.04-00.41.24:677][970]LogMetal: Display: Viewport Size Mismatch: Drawable W:3024.000000 H:1900.000000, Viewport W:2104 H:1434
[2026.09.04-00.41.24:678][970]LogMetal: Display: Viewport Size Mismatch: Drawable W:3024.000000 H:1900.000000, Texture W:1900 H:1900, Viewport W:2104.000000 H:1434.000000, layer frame W:1512.000000, H:950.000000
[2026.09.04-00.41.24:678][970]LogMetal: Display: Viewport Size Mismatch: Drawable W:3024.000000 H:1900.000000, Viewport W:2104 H:1434
[2026.09.04-00.41.24:695][970]LogMetal: Display: Viewport Size Mismatch: Drawable W:3024.000000 H:1900.000000, Viewport W:2104 H:1434
[2026.09.04-00.41.24:695][970]LogMetal: Display: Viewport Size Mismatch: Drawable W:3024.000000 H:1900.000000, Texture W:1900 H:1900, Viewport W:2104.000000 H:1434.000000, layer frame W:1512.000000, H:950.000000
[2026.09.04-00.41.24:722][971]LogMotionWorldNetwork: Display: MotionWorld network action accepted: session=8D77D263F54B episode=7311 source_observation=37 desired_local_cm_per_sec=(100.000000, 0.000000) unreal_end_to_end_latency_ms=46.647038 current_identity_match=true before_deadline=true.
[2026.09.04-00.41.24:724][971]LogMetal: Display: Viewport Size Mismatch: Drawable W:3024.000000 H:1900.000000, Viewport W:2104 H:1434
[2026.09.04-00.41.24:724][971]LogMetal: Display: Viewport Size Mismatch: Drawable W:3024.000000 H:1900.000000, Texture W:1900 H:1900, Viewport W:2104.000000 H:1434.000000, layer frame W:1512.000000, H:950.000000
[2026.09.04-00.41.24:725][971]LogMetal: Display: Viewport Size Mismatch: Drawable W:3024.000000 H:1900.000000, Viewport W:2104 H:1434
[2026.09.04-00.41.24:728][971]LogMetal: Display: Viewport Size Mismatch: Drawable W:3024.000000 H:1900.000000, Viewport W:2104 H:1434
[2026.09.04-00.41.24:728][971]LogMetal: Display: Viewport Size Mismatch: Drawable W:3024.000000 H:1900.000000, Texture W:1900 H:1900, Viewport W:2104.000000 H:1434.000000, layer frame W:1512.000000, H:950.000000
[2026.09.04-00.41.24:776][972]LogMotionWorldNetwork: Display: MotionWorld network observation sent: session=8D77D263F54B episode=7311 observation=38 state_sequence=225 simulation_time_s=12.482000 facing_yaw_deg=0.000000 previous_action_present=true previous_action_source=37.
[2026.09.04-00.41.24:776][972]LogMotionWorldBridge: Display: MotionWorld command echo: revision=100 frame=character_local resolved=true facing_yaw_deg=0.00 finite=true requested_frame=(100.00, 0.00, 0.00) submitted_world=(100.00, 0.00, 0.00) echoed_world=(100.00, 0.00, 0.00) match=true
[2026.09.04-00.41.24:784][972]LogMetal: Display: Viewport Size Mismatch: Drawable W:3024.000000 H:1900.000000, Viewport W:2104 H:1434
[2026.09.04-00.41.24:784][972]LogMetal: Display: Viewport Size Mismatch: Drawable W:3024.000000 H:1900.000000, Texture W:1900 H:1900, Viewport W:2104.000000 H:1434.000000, layer frame W:1512.000000, H:950.000000
[2026.09.04-00.41.24:785][972]LogMetal: Display: Viewport Size Mismatch: Drawable W:3024.000000 H:1900.000000, Viewport W:2104 H:1434
[2026.09.04-00.41.24:795][972]LogMetal: Display: Viewport Size Mismatch: Drawable W:3024.000000 H:1900.000000, Viewport W:2104 H:1434
[2026.09.04-00.41.24:795][972]LogMetal: Display: Viewport Size Mismatch: Drawable W:3024.000000 H:1900.000000, Texture W:1900 H:1900, Viewport W:2104.000000 H:1434.000000, layer frame W:1512.000000, H:950.000000
[2026.09.04-00.41.24:829][973]LogMotionWorldNetwork: Display: MotionWorld network action accepted: session=8D77D263F54B episode=7311 source_observation=38 desired_local_cm_per_sec=(100.000000, 0.000000) unreal_end_to_end_latency_ms=52.355707 current_identity_match=true before_deadline=true.
[2026.09.04-00.41.24:838][973]LogMetal: Display: Viewport Size Mismatch: Drawable W:3024.000000 H:1900.000000, Viewport W:2104 H:1434
[2026.09.04-00.41.24:838][973]LogMetal: Display: Viewport Size Mismatch: Drawable W:3024.000000 H:1900.000000, Texture W:1900 H:1900, Viewport W:2104.000000 H:1434.000000, layer frame W:1512.000000, H:950.000000
[2026.09.04-00.41.24:841][973]LogMetal: Display: Viewport Size Mismatch: Drawable W:3024.000000 H:1900.000000, Viewport W:2104 H:1434
[2026.09.04-00.41.24:841][973]LogMetal: Display: Viewport Size Mismatch: Drawable W:3024.000000 H:1900.000000, Viewport W:2104 H:1434
[2026.09.04-00.41.24:841][973]LogMetal: Display: Viewport Size Mismatch: Drawable W:3024.000000 H:1900.000000, Texture W:1900 H:1900, Viewport W:2104.000000 H:1434.000000, layer frame W:1512.000000, H:950.000000
[2026.09.04-00.41.24:877][974]LogMotionWorldNetwork: Display: MotionWorld network observation sent: session=8D77D263F54B episode=7311 observation=39 state_sequence=227 simulation_time_s=12.583000 facing_yaw_deg=0.000000 previous_action_present=true previous_action_source=38.
[2026.09.04-00.41.24:877][974]LogMotionWorldBridge: Display: MotionWorld command echo: revision=101 frame=character_local resolved=true facing_yaw_deg=0.00 finite=true requested_frame=(100.00, 0.00, 0.00) submitted_world=(100.00, 0.00, 0.00) echoed_world=(100.00, 0.00, 0.00) match=true
[2026.09.04-00.41.24:892][974]LogMetal: Display: Viewport Size Mismatch: Drawable W:3024.000000 H:1900.000000, Viewport W:2104 H:1434
[2026.09.04-00.41.24:892][974]LogMetal: Display: Viewport Size Mismatch: Drawable W:3024.000000 H:1900.000000, Texture W:1900 H:1900, Viewport W:2104.000000 H:1434.000000, layer frame W:1512.000000, H:950.000000
[2026.09.04-00.41.24:893][974]LogMetal: Display: Viewport Size Mismatch: Drawable W:3024.000000 H:1900.000000, Viewport W:2104 H:1434
[2026.09.04-00.41.24:895][974]LogMetal: Display: Viewport Size Mismatch: Drawable W:3024.000000 H:1900.000000, Viewport W:2104 H:1434
[2026.09.04-00.41.24:895][974]LogMetal: Display: Viewport Size Mismatch: Drawable W:3024.000000 H:1900.000000, Texture W:1900 H:1900, Viewport W:2104.000000 H:1434.000000, layer frame W:1512.000000, H:950.000000
[2026.09.04-00.41.24:932][975]LogMotionWorldNetwork: Display: MotionWorld network action accepted: session=8D77D263F54B episode=7311 source_observation=39 desired_local_cm_per_sec=(100.000000, 0.000000) unreal_end_to_end_latency_ms=55.126708 current_identity_match=true before_deadline=true.
[2026.09.04-00.41.24:937][975]LogMetal: Display: Viewport Size Mismatch: Drawable W:3024.000000 H:1900.000000, Viewport W:2104 H:1434
[2026.09.04-00.41.24:937][975]LogMetal: Display: Viewport Size Mismatch: Drawable W:3024.000000 H:1900.000000, Texture W:1900 H:1900, Viewport W:2104.000000 H:1434.000000, layer frame W:1512.000000, H:950.000000
[2026.09.04-00.41.24:938][975]LogMetal: Display: Viewport Size Mismatch: Drawable W:3024.000000 H:1900.000000, Viewport W:2104 H:1434
[2026.09.04-00.41.24:961][975]LogMetal: Display: Viewport Size Mismatch: Drawable W:3024.000000 H:1900.000000, Viewport W:2104 H:1434
[2026.09.04-00.41.24:961][975]LogMetal: Display: Viewport Size Mismatch: Drawable W:3024.000000 H:1900.000000, Texture W:1900 H:1900, Viewport W:2104.000000 H:1434.000000, layer frame W:1512.000000, H:950.000000
[2026.09.04-00.41.24:987][976]LogMotionWorldNetwork: Display: MotionWorld network observation sent: session=8D77D263F54B episode=7311 observation=40 state_sequence=229 simulation_time_s=12.692000 facing_yaw_deg=0.000000 previous_action_present=true previous_action_source=39.
[2026.09.04-00.41.24:987][976]LogMotionWorldBridge: Display: MotionWorld command echo: revision=102 frame=character_local resolved=true facing_yaw_deg=0.00 finite=true requested_frame=(100.00, 0.00, 0.00) submitted_world=(100.00, 0.00, 0.00) echoed_world=(100.00, 0.00, 0.00) match=true
[2026.09.04-00.41.24:989][976]LogMetal: Display: Viewport Size Mismatch: Drawable W:3024.000000 H:1900.000000, Viewport W:2104 H:1434
[2026.09.04-00.41.24:989][976]LogMetal: Display: Viewport Size Mismatch: Drawable W:3024.000000 H:1900.000000, Texture W:1900 H:1900, Viewport W:2104.000000 H:1434.000000, layer frame W:1512.000000, H:950.000000
[2026.09.04-00.41.24:990][976]LogMetal: Display: Viewport Size Mismatch: Drawable W:3024.000000 H:1900.000000, Viewport W:2104 H:1434
[2026.09.04-00.41.24:994][976]LogMetal: Display: Viewport Size Mismatch: Drawable W:3024.000000 H:1900.000000, Viewport W:2104 H:1434
[2026.09.04-00.41.24:995][976]LogMetal: Display: Viewport Size Mismatch: Drawable W:3024.000000 H:1900.000000, Texture W:1900 H:1900, Viewport W:2104.000000 H:1434.000000, layer frame W:1512.000000, H:950.000000
[2026.09.04-00.41.25:039][977]LogMotionWorldNetwork: Display: MotionWorld network action accepted: session=8D77D263F54B episode=7311 source_observation=40 desired_local_cm_per_sec=(100.000000, 0.000000) unreal_end_to_end_latency_ms=51.603749 current_identity_match=true before_deadline=true.
[2026.09.04-00.41.25:041][977]LogMetal: Display: Viewport Size Mismatch: Drawable W:3024.000000 H:1900.000000, Viewport W:2104 H:1434
[2026.09.04-00.41.25:041][977]LogMetal: Display: Viewport Size Mismatch: Drawable W:3024.000000 H:1900.000000, Texture W:1900 H:1900, Viewport W:2104.000000 H:1434.000000, layer frame W:1512.000000, H:950.000000
[2026.09.04-00.41.25:042][977]LogMetal: Display: Viewport Size Mismatch: Drawable W:3024.000000 H:1900.000000, Viewport W:2104 H:1434
[2026.09.04-00.41.25:042][977]LogMetal: Display: Viewport Size Mismatch: Drawable W:3024.000000 H:1900.000000, Viewport W:2104 H:1434
[2026.09.04-00.41.25:042][977]LogMetal: Display: Viewport Size Mismatch: Drawable W:3024.000000 H:1900.000000, Texture W:1900 H:1900, Viewport W:2104.000000 H:1434.000000, layer frame W:1512.000000, H:950.000000
[2026.09.04-00.41.25:115][978]LogMotionWorldNetwork: Display: MotionWorld network observation sent: session=8D77D263F54B episode=7311 observation=41 state_sequence=231 simulation_time_s=12.812000 facing_yaw_deg=0.000000 previous_action_present=true previous_action_source=40.
[2026.09.04-00.41.25:115][978]LogMotionWorldBridge: Display: MotionWorld command echo: revision=103 frame=character_local resolved=true facing_yaw_deg=0.00 finite=true requested_frame=(100.00, 0.00, 0.00) submitted_world=(100.00, 0.00, 0.00) echoed_world=(100.00, 0.00, 0.00) match=true
[2026.09.04-00.41.25:119][978]LogMetal: Display: Viewport Size Mismatch: Drawable W:3024.000000 H:1900.000000, Viewport W:2104 H:1434
[2026.09.04-00.41.25:119][978]LogMetal: Display: Viewport Size Mismatch: Drawable W:3024.000000 H:1900.000000, Texture W:1900 H:1900, Viewport W:2104.000000 H:1434.000000, layer frame W:1512.000000, H:950.000000
[2026.09.04-00.41.25:124][978]LogMetal: Display: Viewport Size Mismatch: Drawable W:3024.000000 H:1900.000000, Viewport W:2104 H:1434
[2026.09.04-00.41.25:125][978]LogMetal: Display: Viewport Size Mismatch: Drawable W:3024.000000 H:1900.000000, Viewport W:2104 H:1434
[2026.09.04-00.41.25:126][978]LogMetal: Display: Viewport Size Mismatch: Drawable W:3024.000000 H:1900.000000, Texture W:1900 H:1900, Viewport W:2104.000000 H:1434.000000, layer frame W:1512.000000, H:950.000000
[2026.09.04-00.41.25:149][979]LogMotionWorldNetwork: Display: MotionWorld network action accepted: session=8D77D263F54B episode=7311 source_observation=41 desired_local_cm_per_sec=(100.000000, 0.000000) unreal_end_to_end_latency_ms=37.700541 current_identity_match=true before_deadline=true.
[2026.09.04-00.41.25:152][979]LogMetal: Display: Viewport Size Mismatch: Drawable W:3024.000000 H:1900.000000, Viewport W:2104 H:1434
[2026.09.04-00.41.25:152][979]LogMetal: Display: Viewport Size Mismatch: Drawable W:3024.000000 H:1900.000000, Texture W:1900 H:1900, Viewport W:2104.000000 H:1434.000000, layer frame W:1512.000000, H:950.000000
[2026.09.04-00.41.25:153][979]LogMetal: Display: Viewport Size Mismatch: Drawable W:3024.000000 H:1900.000000, Viewport W:2104 H:1434
[2026.09.04-00.41.25:153][979]LogMetal: Display: Viewport Size Mismatch: Drawable W:3024.000000 H:1900.000000, Viewport W:2104 H:1434
[2026.09.04-00.41.25:154][979]LogMetal: Display: Viewport Size Mismatch: Drawable W:3024.000000 H:1900.000000, Texture W:1900 H:1900, Viewport W:2104.000000 H:1434.000000, layer frame W:1512.000000, H:950.000000
[2026.09.04-00.41.25:209][980]LogMotionWorldNetwork: Display: MotionWorld network observation sent: session=8D77D263F54B episode=7311 observation=42 state_sequence=233 simulation_time_s=12.909000 facing_yaw_deg=0.000000 previous_action_present=true previous_action_source=41.
[2026.09.04-00.41.25:209][980]LogMotionWorldBridge: Display: MotionWorld command echo: revision=104 frame=character_local resolved=true facing_yaw_deg=0.00 finite=true requested_frame=(100.00, 0.00, 0.00) submitted_world=(100.00, 0.00, 0.00) echoed_world=(100.00, 0.00, 0.00) match=true
[2026.09.04-00.41.25:214][980]LogMetal: Display: Viewport Size Mismatch: Drawable W:3024.000000 H:1900.000000, Viewport W:2104 H:1434
[2026.09.04-00.41.25:214][980]LogMetal: Display: Viewport Size Mismatch: Drawable W:3024.000000 H:1900.000000, Texture W:1900 H:1900, Viewport W:2104.000000 H:1434.000000, layer frame W:1512.000000, H:950.000000
[2026.09.04-00.41.25:215][980]LogMetal: Display: Viewport Size Mismatch: Drawable W:3024.000000 H:1900.000000, Viewport W:2104 H:1434
[2026.09.04-00.41.25:215][980]LogMetal: Display: Viewport Size Mismatch: Drawable W:3024.000000 H:1900.000000, Viewport W:2104 H:1434
[2026.09.04-00.41.25:215][980]LogMetal: Display: Viewport Size Mismatch: Drawable W:3024.000000 H:1900.000000, Texture W:1900 H:1900, Viewport W:2104.000000 H:1434.000000, layer frame W:1512.000000, H:950.000000
[2026.09.04-00.41.25:241][981]LogMotionWorldNetwork: Display: MotionWorld network action accepted: session=8D77D263F54B episode=7311 source_observation=42 desired_local_cm_per_sec=(100.000000, 0.000000) unreal_end_to_end_latency_ms=32.064248 current_identity_match=true before_deadline=true.
[2026.09.04-00.41.25:246][981]LogMetal: Display: Viewport Size Mismatch: Drawable W:3024.000000 H:1900.000000, Viewport W:2104 H:1434
[2026.09.04-00.41.25:246][981]LogMetal: Display: Viewport Size Mismatch: Drawable W:3024.000000 H:1900.000000, Texture W:1900 H:1900, Viewport W:2104.000000 H:1434.000000, layer frame W:1512.000000, H:950.000000
[2026.09.04-00.41.25:249][981]LogMetal: Display: Viewport Size Mismatch: Drawable W:3024.000000 H:1900.000000, Viewport W:2104 H:1434
[2026.09.04-00.41.25:261][981]LogMetal: Display: Viewport Size Mismatch: Drawable W:3024.000000 H:1900.000000, Viewport W:2104 H:1434
[2026.09.04-00.41.25:261][981]LogMetal: Display: Viewport Size Mismatch: Drawable W:3024.000000 H:1900.000000, Texture W:1900 H:1900, Viewport W:2104.000000 H:1434.000000, layer frame W:1512.000000, H:950.000000
[2026.09.04-00.41.25:305][982]LogMotionWorldNetwork: Display: MotionWorld network observation sent: session=8D77D263F54B episode=7311 observation=43 state_sequence=235 simulation_time_s=13.012000 facing_yaw_deg=0.000000 previous_action_present=true previous_action_source=42.
[2026.09.04-00.41.25:305][982]LogMotionWorldBridge: Display: MotionWorld command echo: revision=105 frame=character_local resolved=true facing_yaw_deg=0.00 finite=true requested_frame=(100.00, 0.00, 0.00) submitted_world=(100.00, 0.00, 0.00) echoed_world=(100.00, 0.00, 0.00) match=true
[2026.09.04-00.41.25:311][982]LogMetal: Display: Viewport Size Mismatch: Drawable W:3024.000000 H:1900.000000, Viewport W:2104 H:1434
[2026.09.04-00.41.25:311][982]LogMetal: Display: Viewport Size Mismatch: Drawable W:3024.000000 H:1900.000000, Texture W:1900 H:1900, Viewport W:2104.000000 H:1434.000000, layer frame W:1512.000000, H:950.000000
[2026.09.04-00.41.25:312][982]LogMetal: Display: Viewport Size Mismatch: Drawable W:3024.000000 H:1900.000000, Viewport W:2104 H:1434
[2026.09.04-00.41.25:312][982]LogMetal: Display: Viewport Size Mismatch: Drawable W:3024.000000 H:1900.000000, Viewport W:2104 H:1434
[2026.09.04-00.41.25:312][982]LogMetal: Display: Viewport Size Mismatch: Drawable W:3024.000000 H:1900.000000, Texture W:1900 H:1900, Viewport W:2104.000000 H:1434.000000, layer frame W:1512.000000, H:950.000000
[2026.09.04-00.41.25:381][983]LogMotionWorldNetwork: Display: MotionWorld network observation sent: session=8D77D263F54B episode=7311 observation=44 state_sequence=236 simulation_time_s=13.085000 facing_yaw_deg=0.000000 previous_action_present=true previous_action_source=42.
[2026.09.04-00.41.25:381][983]LogMotionWorldBridge: Display: MotionWorld command echo: revision=106 frame=character_local resolved=true facing_yaw_deg=0.00 finite=true requested_frame=(100.00, 0.00, 0.00) submitted_world=(100.00, 0.00, 0.00) echoed_world=(100.00, 0.00, 0.00) match=true
[2026.09.04-00.41.25:386][983]LogMetal: Display: Viewport Size Mismatch: Drawable W:3024.000000 H:1900.000000, Viewport W:2104 H:1434
[2026.09.04-00.41.25:386][983]LogMetal: Display: Viewport Size Mismatch: Drawable W:3024.000000 H:1900.000000, Texture W:1900 H:1900, Viewport W:2104.000000 H:1434.000000, layer frame W:1512.000000, H:950.000000
[2026.09.04-00.41.25:387][983]LogMetal: Display: Viewport Size Mismatch: Drawable W:3024.000000 H:1900.000000, Viewport W:2104 H:1434
[2026.09.04-00.41.25:387][983]LogMetal: Display: Viewport Size Mismatch: Drawable W:3024.000000 H:1900.000000, Viewport W:2104 H:1434
[2026.09.04-00.41.25:387][983]LogMetal: Display: Viewport Size Mismatch: Drawable W:3024.000000 H:1900.000000, Texture W:1900 H:1900, Viewport W:2104.000000 H:1434.000000, layer frame W:1512.000000, H:950.000000
[2026.09.04-00.41.25:408][984]LogMotionWorldNetwork: Display: MotionWorld network action accepted: session=8D77D263F54B episode=7311 source_observation=44 desired_local_cm_per_sec=(100.000000, 0.000000) unreal_end_to_end_latency_ms=27.276333 current_identity_match=true before_deadline=true.
[2026.09.04-00.41.25:411][984]LogMetal: Display: Viewport Size Mismatch: Drawable W:3024.000000 H:1900.000000, Viewport W:2104 H:1434
[2026.09.04-00.41.25:411][984]LogMetal: Display: Viewport Size Mismatch: Drawable W:3024.000000 H:1900.000000, Texture W:1900 H:1900, Viewport W:2104.000000 H:1434.000000, layer frame W:1512.000000, H:950.000000
[2026.09.04-00.41.25:412][984]LogMetal: Display: Viewport Size Mismatch: Drawable W:3024.000000 H:1900.000000, Viewport W:2104 H:1434
[2026.09.04-00.41.25:412][984]LogMetal: Display: Viewport Size Mismatch: Drawable W:3024.000000 H:1900.000000, Viewport W:2104 H:1434
[2026.09.04-00.41.25:413][984]LogMetal: Display: Viewport Size Mismatch: Drawable W:3024.000000 H:1900.000000, Texture W:1900 H:1900, Viewport W:2104.000000 H:1434.000000, layer frame W:1512.000000, H:950.000000
[2026.09.04-00.41.25:460][985]LogMotionWorldNetwork: Display: MotionWorld network observation sent: session=8D77D263F54B episode=7311 observation=45 state_sequence=238 simulation_time_s=13.163000 facing_yaw_deg=0.000000 previous_action_present=true previous_action_source=44.
[2026.09.04-00.41.25:460][985]LogMotionWorldBridge: Display: MotionWorld command echo: revision=107 frame=character_local resolved=true facing_yaw_deg=0.00 finite=true requested_frame=(100.00, 0.00, 0.00) submitted_world=(100.00, 0.00, 0.00) echoed_world=(100.00, 0.00, 0.00) match=true
[2026.09.04-00.41.25:462][985]LogMetal: Display: Viewport Size Mismatch: Drawable W:3024.000000 H:1900.000000, Viewport W:2104 H:1434
[2026.09.04-00.41.25:462][985]LogMetal: Display: Viewport Size Mismatch: Drawable W:3024.000000 H:1900.000000, Texture W:1900 H:1900, Viewport W:2104.000000 H:1434.000000, layer frame W:1512.000000, H:950.000000
[2026.09.04-00.41.25:464][985]LogMetal: Display: Viewport Size Mismatch: Drawable W:3024.000000 H:1900.000000, Viewport W:2104 H:1434
[2026.09.04-00.41.25:464][985]LogMetal: Display: Viewport Size Mismatch: Drawable W:3024.000000 H:1900.000000, Viewport W:2104 H:1434
[2026.09.04-00.41.25:464][985]LogMetal: Display: Viewport Size Mismatch: Drawable W:3024.000000 H:1900.000000, Texture W:1900 H:1900, Viewport W:2104.000000 H:1434.000000, layer frame W:1512.000000, H:950.000000
[2026.09.04-00.41.25:542][986]LogMotionWorldNetwork: Display: MotionWorld network action accepted: session=8D77D263F54B episode=7311 source_observation=45 desired_local_cm_per_sec=(100.000000, 0.000000) unreal_end_to_end_latency_ms=82.310960 current_identity_match=true before_deadline=true.
[2026.09.04-00.41.25:543][986]LogMetal: Display: Viewport Size Mismatch: Drawable W:3024.000000 H:1900.000000, Viewport W:2104 H:1434
[2026.09.04-00.41.25:543][986]LogMetal: Display: Viewport Size Mismatch: Drawable W:3024.000000 H:1900.000000, Texture W:1900 H:1900, Viewport W:2104.000000 H:1434.000000, layer frame W:1512.000000, H:950.000000
[2026.09.04-00.41.25:543][986]LogMetal: Display: Viewport Size Mismatch: Drawable W:3024.000000 H:1900.000000, Viewport W:2104 H:1434
[2026.09.04-00.41.25:543][986]LogMetal: Display: Viewport Size Mismatch: Drawable W:3024.000000 H:1900.000000, Viewport W:2104 H:1434
[2026.09.04-00.41.25:543][986]LogMetal: Display: Viewport Size Mismatch: Drawable W:3024.000000 H:1900.000000, Texture W:1900 H:1900, Viewport W:2104.000000 H:1434.000000, layer frame W:1512.000000, H:950.000000
[2026.09.04-00.41.25:583][987]LogMotionWorldBridge: Display: MotionWorld state sample: protocol=1 sequence=240 valid=true mover_step_frame=241 sim_time_s=13.289000 step_s=0.042000 resim=false mode=Walking position_world_cm=(-356.08, 0.00, 88.27) velocity_world_cm_per_sec=(100.00, 0.00, 0.00) velocity_local_planar_cm_per_sec=(100.00, 0.00, 0.00) facing_yaw_deg=0.00 facing_unit_world=(1.000000, 0.000000) angular_velocity_world_deg_per_sec=(0.00, 0.00, 0.00)
[2026.09.04-00.41.25:583][987]LogMotionWorldNetwork: Display: MotionWorld network observation sent: session=8D77D263F54B episode=7311 observation=46 state_sequence=240 simulation_time_s=13.289000 facing_yaw_deg=0.000000 previous_action_present=true previous_action_source=45.
[2026.09.04-00.41.25:583][987]LogMotionWorldBridge: Display: MotionWorld command echo: revision=108 frame=character_local resolved=true facing_yaw_deg=0.00 finite=true requested_frame=(100.00, 0.00, 0.00) submitted_world=(100.00, 0.00, 0.00) echoed_world=(100.00, 0.00, 0.00) match=true
[2026.09.04-00.41.25:584][987]LogMetal: Display: Viewport Size Mismatch: Drawable W:3024.000000 H:1900.000000, Viewport W:2104 H:1434
[2026.09.04-00.41.25:584][987]LogMetal: Display: Viewport Size Mismatch: Drawable W:3024.000000 H:1900.000000, Texture W:1900 H:1900, Viewport W:2104.000000 H:1434.000000, layer frame W:1512.000000, H:950.000000
[2026.09.04-00.41.25:585][987]LogMetal: Display: Viewport Size Mismatch: Drawable W:3024.000000 H:1900.000000, Viewport W:2104 H:1434
[2026.09.04-00.41.25:594][987]LogMetal: Display: Viewport Size Mismatch: Drawable W:3024.000000 H:1900.000000, Viewport W:2104 H:1434
[2026.09.04-00.41.25:594][987]LogMetal: Display: Viewport Size Mismatch: Drawable W:3024.000000 H:1900.000000, Texture W:1900 H:1900, Viewport W:2104.000000 H:1434.000000, layer frame W:1512.000000, H:950.000000
[2026.09.04-00.41.25:639][988]LogMotionWorldNetwork: Display: MotionWorld network action accepted: session=8D77D263F54B episode=7311 source_observation=46 desired_local_cm_per_sec=(100.000000, 0.000000) unreal_end_to_end_latency_ms=55.985957 current_identity_match=true before_deadline=true.
[2026.09.04-00.41.25:640][988]LogMetal: Display: Viewport Size Mismatch: Drawable W:3024.000000 H:1900.000000, Viewport W:2104 H:1434
[2026.09.04-00.41.25:640][988]LogMetal: Display: Viewport Size Mismatch: Drawable W:3024.000000 H:1900.000000, Texture W:1900 H:1900, Viewport W:2104.000000 H:1434.000000, layer frame W:1512.000000, H:950.000000
[2026.09.04-00.41.25:641][988]LogMetal: Display: Viewport Size Mismatch: Drawable W:3024.000000 H:1900.000000, Viewport W:2104 H:1434
[2026.09.04-00.41.25:661][988]LogMetal: Display: Viewport Size Mismatch: Drawable W:3024.000000 H:1900.000000, Viewport W:2104 H:1434
[2026.09.04-00.41.25:661][988]LogMetal: Display: Viewport Size Mismatch: Drawable W:3024.000000 H:1900.000000, Texture W:1900 H:1900, Viewport W:2104.000000 H:1434.000000, layer frame W:1512.000000, H:950.000000
[2026.09.04-00.41.25:695][989]LogMotionWorldNetwork: Display: MotionWorld network observation sent: session=8D77D263F54B episode=7311 observation=47 state_sequence=242 simulation_time_s=13.401000 facing_yaw_deg=0.000000 previous_action_present=true previous_action_source=46.
[2026.09.04-00.41.25:695][989]LogMotionWorldBridge: Display: MotionWorld command echo: revision=109 frame=character_local resolved=true facing_yaw_deg=0.00 finite=true requested_frame=(100.00, 0.00, 0.00) submitted_world=(100.00, 0.00, 0.00) echoed_world=(100.00, 0.00, 0.00) match=true
[2026.09.04-00.41.25:700][989]LogMetal: Display: Viewport Size Mismatch: Drawable W:3024.000000 H:1900.000000, Viewport W:2104 H:1434
[2026.09.04-00.41.25:700][989]LogMetal: Display: Viewport Size Mismatch: Drawable W:3024.000000 H:1900.000000, Texture W:1900 H:1900, Viewport W:2104.000000 H:1434.000000, layer frame W:1512.000000, H:950.000000
[2026.09.04-00.41.25:701][989]LogMetal: Display: Viewport Size Mismatch: Drawable W:3024.000000 H:1900.000000, Viewport W:2104 H:1434
[2026.09.04-00.41.25:701][989]LogMetal: Display: Viewport Size Mismatch: Drawable W:3024.000000 H:1900.000000, Viewport W:2104 H:1434
[2026.09.04-00.41.25:701][989]LogMetal: Display: Viewport Size Mismatch: Drawable W:3024.000000 H:1900.000000, Texture W:1900 H:1900, Viewport W:2104.000000 H:1434.000000, layer frame W:1512.000000, H:950.000000
[2026.09.04-00.41.25:742][990]LogMotionWorldBridge: Display: MotionWorld episode stopped: episode=7311 observed=91 attempted=90 recorded=90 rejected=0 rejected_seeds=0 capacity_drops=0.
[2026.09.04-00.41.25:742][990]LogMotionWorldNetwork: Display: MotionWorld network reset boundary: session=8D77D263F54B old_episode=7311 outstanding_observation=47 action_state_cleared=true.
[2026.09.04-00.41.25:743][990]LogMotionWorldBridge: Display: MotionWorld reset queued: episode=7312 request_state_sequence=243 request_mover_frame=244 before_position_world_cm=(-340.28, 0.00, 88.27) distance_from_anchor_cm=459.724 target_position_world_cm=(-800.00, 0.00, 90.00) target_yaw_deg=0.00 target_mode=Walking; recorder stopped and reset frame forced to zero input.
[2026.09.04-00.41.25:743][990]LogMotionWorldBridge: Display: MotionWorld command echo: revision=111 frame=character_local resolved=true facing_yaw_deg=0.00 finite=true requested_frame=(100.00, 0.00, 0.00) submitted_world=(100.00, 0.00, 0.00) echoed_world=(100.00, 0.00, 0.00) match=true
[2026.09.04-00.41.25:744][990]LogMetal: Display: Viewport Size Mismatch: Drawable W:3024.000000 H:1900.000000, Viewport W:2104 H:1434
[2026.09.04-00.41.25:744][990]LogMetal: Display: Viewport Size Mismatch: Drawable W:3024.000000 H:1900.000000, Texture W:1900 H:1900, Viewport W:2104.000000 H:1434.000000, layer frame W:1512.000000, H:950.000000
[2026.09.04-00.41.25:745][990]LogMetal: Display: Viewport Size Mismatch: Drawable W:3024.000000 H:1900.000000, Viewport W:2104 H:1434
[2026.09.04-00.41.25:761][990]LogMetal: Display: Viewport Size Mismatch: Drawable W:3024.000000 H:1900.000000, Viewport W:2104 H:1434
[2026.09.04-00.41.25:762][990]LogMetal: Display: Viewport Size Mismatch: Drawable W:3024.000000 H:1900.000000, Texture W:1900 H:1900, Viewport W:2104.000000 H:1434.000000, layer frame W:1512.000000, H:950.000000
[2026.09.04-00.41.25:795][991]LogMotionWorldBridge: Display: MotionWorld episode started: episode=7312 capacity=4096; awaiting seed state.
[2026.09.04-00.41.25:795][991]LogMotionWorldNetwork: Display: MotionWorld network episode started: session=8D77D263F54B episode=7312 first_observation_sequence=0 applied_local_cm_per_sec=(0.00, 0.00) prior_state_cleared=true.
[2026.09.04-00.41.25:795][991]LogMotionWorldBridge: Display: MotionWorld reset verified: episode=7312 attempts=1 state_sequence=244 mover_frame=245 position_world_cm=(-800.00, 0.00, 90.00) yaw_deg=0.00 mode=Walking position_error_cm=0.000 facing_error_deg=0.000 linear_speed_cm_per_sec=0.000 angular_speed_deg_per_sec=0.000; new episode may seed this state.
[2026.09.04-00.41.25:795][991]LogMotionWorldNetwork: Display: MotionWorld network observation sent: session=8D77D263F54B episode=7312 observation=0 state_sequence=244 simulation_time_s=13.501000 facing_yaw_deg=0.000000 previous_action_present=false previous_action_source=-1.
[2026.09.04-00.41.25:795][991]LogMotionWorldBridge: Display: MotionWorld episode seeded: episode=7312 state_sequence=244 mover_step_frame=245 sim_time_s=13.501000.
[2026.09.04-00.41.25:802][991]LogMetal: Display: Viewport Size Mismatch: Drawable W:3024.000000 H:1900.000000, Viewport W:2104 H:1434
[2026.09.04-00.41.25:802][991]LogMetal: Display: Viewport Size Mismatch: Drawable W:3024.000000 H:1900.000000, Texture W:1900 H:1900, Viewport W:2104.000000 H:1434.000000, layer frame W:1512.000000, H:950.000000
[2026.09.04-00.41.25:803][991]LogMetal: Display: Viewport Size Mismatch: Drawable W:3024.000000 H:1900.000000, Viewport W:2104 H:1434
[2026.09.04-00.41.25:803][991]LogMetal: Display: Viewport Size Mismatch: Drawable W:3024.000000 H:1900.000000, Viewport W:2104 H:1434
[2026.09.04-00.41.25:803][991]LogMetal: Display: Viewport Size Mismatch: Drawable W:3024.000000 H:1900.000000, Texture W:1900 H:1900, Viewport W:2104.000000 H:1434.000000, layer frame W:1512.000000, H:950.000000
[2026.09.04-00.41.25:860][992]LogMotionWorldBridge: Display: MotionWorld transition recorded: episode=7312 transition_sequence=0 previous_state_sequence=244 next_state_sequence=245 delta_s=0.064000 action_world_cm_per_sec=(0.00, 0.00, 0.00) action_local_cm_per_sec=(0.00, 0.00, 0.00) automated=true recorded=1 rejected=0.
[2026.09.04-00.41.25:860][992]LogMotionWorldBridge: Display: MotionWorld command echo: revision=113 frame=character_local resolved=true facing_yaw_deg=0.00 finite=true requested_frame=(0.00, 0.00, 0.00) submitted_world=(0.00, 0.00, 0.00) echoed_world=(0.00, 0.00, 0.00) match=true
[2026.09.04-00.41.25:861][992]LogMotionWorldNetwork: Display: MotionWorld network action accepted: session=8D77D263F54B episode=7312 source_observation=0 desired_local_cm_per_sec=(100.000000, 0.000000) unreal_end_to_end_latency_ms=65.860331 current_identity_match=true before_deadline=true.
[2026.09.04-00.41.25:861][992]LogMetal: Display: Viewport Size Mismatch: Drawable W:3024.000000 H:1900.000000, Viewport W:2104 H:1434
[2026.09.04-00.41.25:861][992]LogMetal: Display: Viewport Size Mismatch: Drawable W:3024.000000 H:1900.000000, Texture W:1900 H:1900, Viewport W:2104.000000 H:1434.000000, layer frame W:1512.000000, H:950.000000
[2026.09.04-00.41.25:862][992]LogMetal: Display: Viewport Size Mismatch: Drawable W:3024.000000 H:1900.000000, Viewport W:2104 H:1434
[2026.09.04-00.41.25:862][992]LogMetal: Display: Viewport Size Mismatch: Drawable W:3024.000000 H:1900.000000, Viewport W:2104 H:1434
[2026.09.04-00.41.25:862][992]LogMetal: Display: Viewport Size Mismatch: Drawable W:3024.000000 H:1900.000000, Texture W:1900 H:1900, Viewport W:2104.000000 H:1434.000000, layer frame W:1512.000000, H:950.000000
[2026.09.04-00.41.25:905][993]LogMotionWorldNetwork: Display: MotionWorld network observation sent: session=8D77D263F54B episode=7312 observation=1 state_sequence=246 simulation_time_s=13.609000 facing_yaw_deg=0.000000 previous_action_present=true previous_action_source=0.
[2026.09.04-00.41.25:905][993]LogMotionWorldBridge: Display: MotionWorld command echo: revision=114 frame=character_local resolved=true facing_yaw_deg=0.00 finite=true requested_frame=(100.00, 0.00, 0.00) submitted_world=(100.00, 0.00, 0.00) echoed_world=(100.00, 0.00, 0.00) match=true
[2026.09.04-00.41.25:906][993]LogMetal: Display: Viewport Size Mismatch: Drawable W:3024.000000 H:1900.000000, Viewport W:2104 H:1434
[2026.09.04-00.41.25:907][993]LogMetal: Display: Viewport Size Mismatch: Drawable W:3024.000000 H:1900.000000, Texture W:1900 H:1900, Viewport W:2104.000000 H:1434.000000, layer frame W:1512.000000, H:950.000000
[2026.09.04-00.41.25:908][993]LogMetal: Display: Viewport Size Mismatch: Drawable W:3024.000000 H:1900.000000, Viewport W:2104 H:1434
[2026.09.04-00.41.25:908][993]LogMetal: Display: Viewport Size Mismatch: Drawable W:3024.000000 H:1900.000000, Viewport W:2104 H:1434
[2026.09.04-00.41.25:908][993]LogMetal: Display: Viewport Size Mismatch: Drawable W:3024.000000 H:1900.000000, Texture W:1900 H:1900, Viewport W:2104.000000 H:1434.000000, layer frame W:1512.000000, H:950.000000
[2026.09.04-00.41.25:966][994]LogMotionWorldNetwork: Display: MotionWorld network action accepted: session=8D77D263F54B episode=7312 source_observation=1 desired_local_cm_per_sec=(100.000000, 0.000000) unreal_end_to_end_latency_ms=61.244916 current_identity_match=true before_deadline=true.
[2026.09.04-00.41.25:974][994]LogMetal: Display: Viewport Size Mismatch: Drawable W:3024.000000 H:1900.000000, Viewport W:2104 H:1434
[2026.09.04-00.41.25:974][994]LogMetal: Display: Viewport Size Mismatch: Drawable W:3024.000000 H:1900.000000, Texture W:1900 H:1900, Viewport W:2104.000000 H:1434.000000, layer frame W:1512.000000, H:950.000000
[2026.09.04-00.41.25:975][994]LogMetal: Display: Viewport Size Mismatch: Drawable W:3024.000000 H:1900.000000, Viewport W:2104 H:1434
[2026.09.04-00.41.25:975][994]LogMetal: Display: Viewport Size Mismatch: Drawable W:3024.000000 H:1900.000000, Viewport W:2104 H:1434
[2026.09.04-00.41.25:975][994]LogMetal: Display: Viewport Size Mismatch: Drawable W:3024.000000 H:1900.000000, Texture W:1900 H:1900, Viewport W:2104.000000 H:1434.000000, layer frame W:1512.000000, H:950.000000
[2026.09.04-00.41.26:040][995]LogMotionWorldNetwork: Display: MotionWorld network observation sent: session=8D77D263F54B episode=7312 observation=2 state_sequence=248 simulation_time_s=13.730000 facing_yaw_deg=0.000000 previous_action_present=true previous_action_source=1.
[2026.09.04-00.41.26:040][995]LogMotionWorldBridge: Display: MotionWorld command echo: revision=115 frame=character_local resolved=true facing_yaw_deg=0.00 finite=true requested_frame=(100.00, 0.00, 0.00) submitted_world=(100.00, 0.00, 0.00) echoed_world=(100.00, 0.00, 0.00) match=true
[2026.09.04-00.41.26:048][995]LogMetal: Display: Viewport Size Mismatch: Drawable W:3024.000000 H:1900.000000, Viewport W:2104 H:1434
[2026.09.04-00.41.26:048][995]LogMetal: Display: Viewport Size Mismatch: Drawable W:3024.000000 H:1900.000000, Texture W:1900 H:1900, Viewport W:2104.000000 H:1434.000000, layer frame W:1512.000000, H:950.000000
[2026.09.04-00.41.26:050][995]LogMetal: Display: Viewport Size Mismatch: Drawable W:3024.000000 H:1900.000000, Viewport W:2104 H:1434
[2026.09.04-00.41.26:050][995]LogMetal: Display: Viewport Size Mismatch: Drawable W:3024.000000 H:1900.000000, Viewport W:2104 H:1434
[2026.09.04-00.41.26:050][995]LogMetal: Display: Viewport Size Mismatch: Drawable W:3024.000000 H:1900.000000, Texture W:1900 H:1900, Viewport W:2104.000000 H:1434.000000, layer frame W:1512.000000, H:950.000000
[2026.09.04-00.41.26:120][996]LogMetal: Display: Viewport Size Mismatch: Drawable W:3024.000000 H:1900.000000, Viewport W:2104 H:1434
[2026.09.04-00.41.26:121][996]LogMetal: Display: Viewport Size Mismatch: Drawable W:3024.000000 H:1900.000000, Texture W:1900 H:1900, Viewport W:2104.000000 H:1434.000000, layer frame W:1512.000000, H:950.000000
[2026.09.04-00.41.26:123][996]LogMetal: Display: Viewport Size Mismatch: Drawable W:3024.000000 H:1900.000000, Viewport W:2104 H:1434
[2026.09.04-00.41.26:124][996]LogMetal: Display: Viewport Size Mismatch: Drawable W:3024.000000 H:1900.000000, Viewport W:2104 H:1434
[2026.09.04-00.41.26:124][996]LogMetal: Display: Viewport Size Mismatch: Drawable W:3024.000000 H:1900.000000, Texture W:1900 H:1900, Viewport W:2104.000000 H:1434.000000, layer frame W:1512.000000, H:950.000000
[2026.09.04-00.41.26:127][996]LogMotionWorldNetwork: Display: MotionWorld network action accepted: session=8D77D263F54B episode=7312 source_observation=2 desired_local_cm_per_sec=(100.000000, 0.000000) unreal_end_to_end_latency_ms=87.347750 current_identity_match=true before_deadline=true.
[2026.09.04-00.41.26:186][997]LogMotionWorldNetwork: Display: MotionWorld network observation sent: session=8D77D263F54B episode=7312 observation=3 state_sequence=250 simulation_time_s=13.863000 facing_yaw_deg=0.000000 previous_action_present=true previous_action_source=2.
[2026.09.04-00.41.26:186][997]LogMotionWorldBridge: Display: MotionWorld command echo: revision=116 frame=character_local resolved=true facing_yaw_deg=0.00 finite=true requested_frame=(100.00, 0.00, 0.00) submitted_world=(100.00, 0.00, 0.00) echoed_world=(100.00, 0.00, 0.00) match=true
[2026.09.04-00.41.26:192][997]LogMetal: Display: Viewport Size Mismatch: Drawable W:3024.000000 H:1900.000000, Viewport W:2104 H:1434
[2026.09.04-00.41.26:192][997]LogMetal: Display: Viewport Size Mismatch: Drawable W:3024.000000 H:1900.000000, Texture W:1900 H:1900, Viewport W:2104.000000 H:1434.000000, layer frame W:1512.000000, H:950.000000
[2026.09.04-00.41.26:208][997]LogMetal: Display: Viewport Size Mismatch: Drawable W:3024.000000 H:1900.000000, Viewport W:2104 H:1434
[2026.09.04-00.41.26:208][997]LogMetal: Display: Viewport Size Mismatch: Drawable W:3024.000000 H:1900.000000, Viewport W:2104 H:1434
[2026.09.04-00.41.26:208][997]LogMetal: Display: Viewport Size Mismatch: Drawable W:3024.000000 H:1900.000000, Texture W:1900 H:1900, Viewport W:2104.000000 H:1434.000000, layer frame W:1512.000000, H:950.000000
[2026.09.04-00.41.26:253][998]LogMotionWorldNetwork: Display: MotionWorld network observation sent: session=8D77D263F54B episode=7312 observation=4 state_sequence=251 simulation_time_s=13.954000 facing_yaw_deg=0.000000 previous_action_present=true previous_action_source=2.
[2026.09.04-00.41.26:253][998]LogMotionWorldBridge: Display: MotionWorld command echo: revision=117 frame=character_local resolved=true facing_yaw_deg=0.00 finite=true requested_frame=(100.00, 0.00, 0.00) submitted_world=(100.00, 0.00, 0.00) echoed_world=(100.00, 0.00, 0.00) match=true
[2026.09.04-00.41.26:253][998]LogMetal: Display: Viewport Size Mismatch: Drawable W:3024.000000 H:1900.000000, Viewport W:2104 H:1434
[2026.09.04-00.41.26:253][998]LogMetal: Display: Viewport Size Mismatch: Drawable W:3024.000000 H:1900.000000, Texture W:1900 H:1900, Viewport W:2104.000000 H:1434.000000, layer frame W:1512.000000, H:950.000000
[2026.09.04-00.41.26:254][998]LogMetal: Display: Viewport Size Mismatch: Drawable W:3024.000000 H:1900.000000, Viewport W:2104 H:1434
[2026.09.04-00.41.26:254][998]LogMetal: Display: Viewport Size Mismatch: Drawable W:3024.000000 H:1900.000000, Viewport W:2104 H:1434
[2026.09.04-00.41.26:254][998]LogMetal: Display: Viewport Size Mismatch: Drawable W:3024.000000 H:1900.000000, Texture W:1900 H:1900, Viewport W:2104.000000 H:1434.000000, layer frame W:1512.000000, H:950.000000
[2026.09.04-00.41.26:279][999]LogMotionWorldNetwork: Display: MotionWorld network action accepted: session=8D77D263F54B episode=7312 source_observation=4 desired_local_cm_per_sec=(100.000000, 0.000000) unreal_end_to_end_latency_ms=26.121084 current_identity_match=true before_deadline=true.
[2026.09.04-00.41.26:282][999]LogMetal: Display: Viewport Size Mismatch: Drawable W:3024.000000 H:1900.000000, Viewport W:2104 H:1434
[2026.09.04-00.41.26:282][999]LogMetal: Display: Viewport Size Mismatch: Drawable W:3024.000000 H:1900.000000, Texture W:1900 H:1900, Viewport W:2104.000000 H:1434.000000, layer frame W:1512.000000, H:950.000000
[2026.09.04-00.41.26:283][999]LogMetal: Display: Viewport Size Mismatch: Drawable W:3024.000000 H:1900.000000, Viewport W:2104 H:1434
[2026.09.04-00.41.26:283][999]LogMetal: Display: Viewport Size Mismatch: Drawable W:3024.000000 H:1900.000000, Viewport W:2104 H:1434
[2026.09.04-00.41.26:283][999]LogMetal: Display: Viewport Size Mismatch: Drawable W:3024.000000 H:1900.000000, Texture W:1900 H:1900, Viewport W:2104.000000 H:1434.000000, layer frame W:1512.000000, H:950.000000
[2026.09.04-00.41.26:308][  0]LogMotionWorldNetwork: Display: MotionWorld network observation sent: session=8D77D263F54B episode=7312 observation=5 state_sequence=253 simulation_time_s=14.007000 facing_yaw_deg=0.000000 previous_action_present=true previous_action_source=4.
[2026.09.04-00.41.26:308][  0]LogMotionWorldBridge: Display: MotionWorld command echo: revision=118 frame=character_local resolved=true facing_yaw_deg=0.00 finite=true requested_frame=(100.00, 0.00, 0.00) submitted_world=(100.00, 0.00, 0.00) echoed_world=(100.00, 0.00, 0.00) match=true
[2026.09.04-00.41.26:315][  0]LogMetal: Display: Viewport Size Mismatch: Drawable W:3024.000000 H:1900.000000, Viewport W:2104 H:1434
[2026.09.04-00.41.26:315][  0]LogMetal: Display: Viewport Size Mismatch: Drawable W:3024.000000 H:1900.000000, Texture W:1900 H:1900, Viewport W:2104.000000 H:1434.000000, layer frame W:1512.000000, H:950.000000
[2026.09.04-00.41.26:316][  0]LogMetal: Display: Viewport Size Mismatch: Drawable W:3024.000000 H:1900.000000, Viewport W:2104 H:1434
[2026.09.04-00.41.26:329][  0]LogMetal: Display: Viewport Size Mismatch: Drawable W:3024.000000 H:1900.000000, Viewport W:2104 H:1434
[2026.09.04-00.41.26:329][  0]LogMetal: Display: Viewport Size Mismatch: Drawable W:3024.000000 H:1900.000000, Texture W:1900 H:1900, Viewport W:2104.000000 H:1434.000000, layer frame W:1512.000000, H:950.000000
[2026.09.04-00.41.26:374][  1]LogMotionWorldNetwork: Display: MotionWorld network action accepted: session=8D77D263F54B episode=7312 source_observation=5 desired_local_cm_per_sec=(100.000000, 0.000000) unreal_end_to_end_latency_ms=66.132292 current_identity_match=true before_deadline=true.
[2026.09.04-00.41.26:374][  1]LogMetal: Display: Viewport Size Mismatch: Drawable W:3024.000000 H:1900.000000, Viewport W:2104 H:1434
[2026.09.04-00.41.26:374][  1]LogMetal: Display: Viewport Size Mismatch: Drawable W:3024.000000 H:1900.000000, Texture W:1900 H:1900, Viewport W:2104.000000 H:1434.000000, layer frame W:1512.000000, H:950.000000
[2026.09.04-00.41.26:376][  1]LogMetal: Display: Viewport Size Mismatch: Drawable W:3024.000000 H:1900.000000, Viewport W:2104 H:1434
[2026.09.04-00.41.26:376][  1]LogMetal: Display: Viewport Size Mismatch: Drawable W:3024.000000 H:1900.000000, Viewport W:2104 H:1434
[2026.09.04-00.41.26:376][  1]LogMetal: Display: Viewport Size Mismatch: Drawable W:3024.000000 H:1900.000000, Texture W:1900 H:1900, Viewport W:2104.000000 H:1434.000000, layer frame W:1512.000000, H:950.000000
[2026.09.04-00.41.26:406][  2]LogMotionWorldNetwork: Display: MotionWorld network observation sent: session=8D77D263F54B episode=7312 observation=6 state_sequence=255 simulation_time_s=14.111000 facing_yaw_deg=0.000000 previous_action_present=true previous_action_source=5.
[2026.09.04-00.41.26:406][  2]LogMotionWorldBridge: Display: MotionWorld command echo: revision=119 frame=character_local resolved=true facing_yaw_deg=0.00 finite=true requested_frame=(100.00, 0.00, 0.00) submitted_world=(100.00, 0.00, 0.00) echoed_world=(100.00, 0.00, 0.00) match=true
[2026.09.04-00.41.26:412][  2]LogMetal: Display: Viewport Size Mismatch: Drawable W:3024.000000 H:1900.000000, Viewport W:2104 H:1434
[2026.09.04-00.41.26:413][  2]LogMetal: Display: Viewport Size Mismatch: Drawable W:3024.000000 H:1900.000000, Texture W:1900 H:1900, Viewport W:2104.000000 H:1434.000000, layer frame W:1512.000000, H:950.000000
[2026.09.04-00.41.26:413][  2]LogMetal: Display: Viewport Size Mismatch: Drawable W:3024.000000 H:1900.000000, Viewport W:2104 H:1434
[2026.09.04-00.41.26:428][  2]LogMetal: Display: Viewport Size Mismatch: Drawable W:3024.000000 H:1900.000000, Viewport W:2104 H:1434
[2026.09.04-00.41.26:428][  2]LogMetal: Display: Viewport Size Mismatch: Drawable W:3024.000000 H:1900.000000, Texture W:1900 H:1900, Viewport W:2104.000000 H:1434.000000, layer frame W:1512.000000, H:950.000000
[2026.09.04-00.41.26:473][  3]LogMotionWorldNetwork: Display: MotionWorld network action accepted: session=8D77D263F54B episode=7312 source_observation=6 desired_local_cm_per_sec=(100.000000, 0.000000) unreal_end_to_end_latency_ms=66.700041 current_identity_match=true before_deadline=true.
[2026.09.04-00.41.26:478][  3]LogMetal: Display: Viewport Size Mismatch: Drawable W:3024.000000 H:1900.000000, Viewport W:2104 H:1434
[2026.09.04-00.41.26:478][  3]LogMetal: Display: Viewport Size Mismatch: Drawable W:3024.000000 H:1900.000000, Texture W:1900 H:1900, Viewport W:2104.000000 H:1434.000000, layer frame W:1512.000000, H:950.000000
[2026.09.04-00.41.26:479][  3]LogMetal: Display: Viewport Size Mismatch: Drawable W:3024.000000 H:1900.000000, Viewport W:2104 H:1434
[2026.09.04-00.41.26:479][  3]LogMetal: Display: Viewport Size Mismatch: Drawable W:3024.000000 H:1900.000000, Viewport W:2104 H:1434
[2026.09.04-00.41.26:479][  3]LogMetal: Display: Viewport Size Mismatch: Drawable W:3024.000000 H:1900.000000, Texture W:1900 H:1900, Viewport W:2104.000000 H:1434.000000, layer frame W:1512.000000, H:950.000000
[2026.09.04-00.41.26:507][  4]LogMotionWorldNetwork: Display: MotionWorld network observation sent: session=8D77D263F54B episode=7312 observation=7 state_sequence=257 simulation_time_s=14.213000 facing_yaw_deg=0.000000 previous_action_present=true previous_action_source=6.
[2026.09.04-00.41.26:507][  4]LogMotionWorldBridge: Display: MotionWorld command echo: revision=120 frame=character_local resolved=true facing_yaw_deg=0.00 finite=true requested_frame=(100.00, 0.00, 0.00) submitted_world=(100.00, 0.00, 0.00) echoed_world=(100.00, 0.00, 0.00) match=true
[2026.09.04-00.41.26:511][  4]LogMetal: Display: Viewport Size Mismatch: Drawable W:3024.000000 H:1900.000000, Viewport W:2104 H:1434
[2026.09.04-00.41.26:511][  4]LogMetal: Display: Viewport Size Mismatch: Drawable W:3024.000000 H:1900.000000, Texture W:1900 H:1900, Viewport W:2104.000000 H:1434.000000, layer frame W:1512.000000, H:950.000000
[2026.09.04-00.41.26:512][  4]LogMetal: Display: Viewport Size Mismatch: Drawable W:3024.000000 H:1900.000000, Viewport W:2104 H:1434
[2026.09.04-00.41.26:528][  4]LogMetal: Display: Viewport Size Mismatch: Drawable W:3024.000000 H:1900.000000, Viewport W:2104 H:1434
[2026.09.04-00.41.26:528][  4]LogMetal: Display: Viewport Size Mismatch: Drawable W:3024.000000 H:1900.000000, Texture W:1900 H:1900, Viewport W:2104.000000 H:1434.000000, layer frame W:1512.000000, H:950.000000
[2026.09.04-00.41.26:564][  5]LogMotionWorldNetwork: Display: MotionWorld network action accepted: session=8D77D263F54B episode=7312 source_observation=7 desired_local_cm_per_sec=(100.000000, 0.000000) unreal_end_to_end_latency_ms=55.907417 current_identity_match=true before_deadline=true.
[2026.09.04-00.41.26:567][  5]LogMetal: Display: Viewport Size Mismatch: Drawable W:3024.000000 H:1900.000000, Viewport W:2104 H:1434
[2026.09.04-00.41.26:567][  5]LogMetal: Display: Viewport Size Mismatch: Drawable W:3024.000000 H:1900.000000, Texture W:1900 H:1900, Viewport W:2104.000000 H:1434.000000, layer frame W:1512.000000, H:950.000000
[2026.09.04-00.41.26:567][  5]LogMetal: Display: Viewport Size Mismatch: Drawable W:3024.000000 H:1900.000000, Viewport W:2104 H:1434
[2026.09.04-00.41.26:567][  5]LogMetal: Display: Viewport Size Mismatch: Drawable W:3024.000000 H:1900.000000, Viewport W:2104 H:1434
[2026.09.04-00.41.26:567][  5]LogMetal: Display: Viewport Size Mismatch: Drawable W:3024.000000 H:1900.000000, Texture W:1900 H:1900, Viewport W:2104.000000 H:1434.000000, layer frame W:1512.000000, H:950.000000
[2026.09.04-00.41.26:605][  6]LogMotionWorldNetwork: Display: MotionWorld network observation sent: session=8D77D263F54B episode=7312 observation=8 state_sequence=259 simulation_time_s=14.311000 facing_yaw_deg=0.000000 previous_action_present=true previous_action_source=7.
[2026.09.04-00.41.26:605][  6]LogMotionWorldBridge: Display: MotionWorld command echo: revision=121 frame=character_local resolved=true facing_yaw_deg=0.00 finite=true requested_frame=(100.00, 0.00, 0.00) submitted_world=(100.00, 0.00, 0.00) echoed_world=(100.00, 0.00, 0.00) match=true
[2026.09.04-00.41.26:610][  6]LogMetal: Display: Viewport Size Mismatch: Drawable W:3024.000000 H:1900.000000, Viewport W:2104 H:1434
[2026.09.04-00.41.26:610][  6]LogMetal: Display: Viewport Size Mismatch: Drawable W:3024.000000 H:1900.000000, Texture W:1900 H:1900, Viewport W:2104.000000 H:1434.000000, layer frame W:1512.000000, H:950.000000
[2026.09.04-00.41.26:611][  6]LogMetal: Display: Viewport Size Mismatch: Drawable W:3024.000000 H:1900.000000, Viewport W:2104 H:1434
[2026.09.04-00.41.26:628][  6]LogMetal: Display: Viewport Size Mismatch: Drawable W:3024.000000 H:1900.000000, Viewport W:2104 H:1434
[2026.09.04-00.41.26:628][  6]LogMetal: Display: Viewport Size Mismatch: Drawable W:3024.000000 H:1900.000000, Texture W:1900 H:1900, Viewport W:2104.000000 H:1434.000000, layer frame W:1512.000000, H:950.000000
[2026.09.04-00.41.26:659][  7]LogMotionWorldNetwork: Display: MotionWorld network action accepted: session=8D77D263F54B episode=7312 source_observation=8 desired_local_cm_per_sec=(100.000000, 0.000000) unreal_end_to_end_latency_ms=54.233458 current_identity_match=true before_deadline=true.
[2026.09.04-00.41.26:666][  7]LogMetal: Display: Viewport Size Mismatch: Drawable W:3024.000000 H:1900.000000, Viewport W:2104 H:1434
[2026.09.04-00.41.26:666][  7]LogMetal: Display: Viewport Size Mismatch: Drawable W:3024.000000 H:1900.000000, Texture W:1900 H:1900, Viewport W:2104.000000 H:1434.000000, layer frame W:1512.000000, H:950.000000
[2026.09.04-00.41.26:667][  7]LogMetal: Display: Viewport Size Mismatch: Drawable W:3024.000000 H:1900.000000, Viewport W:2104 H:1434
[2026.09.04-00.41.26:667][  7]LogMetal: Display: Viewport Size Mismatch: Drawable W:3024.000000 H:1900.000000, Viewport W:2104 H:1434
[2026.09.04-00.41.26:667][  7]LogMetal: Display: Viewport Size Mismatch: Drawable W:3024.000000 H:1900.000000, Texture W:1900 H:1900, Viewport W:2104.000000 H:1434.000000, layer frame W:1512.000000, H:950.000000
[2026.09.04-00.41.26:708][  8]LogMotionWorldNetwork: Display: MotionWorld network observation sent: session=8D77D263F54B episode=7312 observation=9 state_sequence=261 simulation_time_s=14.414000 facing_yaw_deg=0.000000 previous_action_present=true previous_action_source=8.
[2026.09.04-00.41.26:708][  8]LogMotionWorldBridge: Display: MotionWorld command echo: revision=122 frame=character_local resolved=true facing_yaw_deg=0.00 finite=true requested_frame=(100.00, 0.00, 0.00) submitted_world=(100.00, 0.00, 0.00) echoed_world=(100.00, 0.00, 0.00) match=true
[2026.09.04-00.41.26:713][  8]LogMetal: Display: Viewport Size Mismatch: Drawable W:3024.000000 H:1900.000000, Viewport W:2104 H:1434
[2026.09.04-00.41.26:713][  8]LogMetal: Display: Viewport Size Mismatch: Drawable W:3024.000000 H:1900.000000, Texture W:1900 H:1900, Viewport W:2104.000000 H:1434.000000, layer frame W:1512.000000, H:950.000000
[2026.09.04-00.41.26:714][  8]LogMetal: Display: Viewport Size Mismatch: Drawable W:3024.000000 H:1900.000000, Viewport W:2104 H:1434
[2026.09.04-00.41.26:728][  8]LogMetal: Display: Viewport Size Mismatch: Drawable W:3024.000000 H:1900.000000, Viewport W:2104 H:1434
[2026.09.04-00.41.26:728][  8]LogMetal: Display: Viewport Size Mismatch: Drawable W:3024.000000 H:1900.000000, Texture W:1900 H:1900, Viewport W:2104.000000 H:1434.000000, layer frame W:1512.000000, H:950.000000
[2026.09.04-00.41.26:776][  9]LogMotionWorldNetwork: Display: MotionWorld network action accepted: session=8D77D263F54B episode=7312 source_observation=9 desired_local_cm_per_sec=(100.000000, 0.000000) unreal_end_to_end_latency_ms=67.908417 current_identity_match=true before_deadline=true.
[2026.09.04-00.41.26:778][  9]LogMetal: Display: Viewport Size Mismatch: Drawable W:3024.000000 H:1900.000000, Viewport W:2104 H:1434
[2026.09.04-00.41.26:778][  9]LogMetal: Display: Viewport Size Mismatch: Drawable W:3024.000000 H:1900.000000, Texture W:1900 H:1900, Viewport W:2104.000000 H:1434.000000, layer frame W:1512.000000, H:950.000000
[2026.09.04-00.41.26:779][  9]LogMetal: Display: Viewport Size Mismatch: Drawable W:3024.000000 H:1900.000000, Viewport W:2104 H:1434
[2026.09.04-00.41.26:779][  9]LogMetal: Display: Viewport Size Mismatch: Drawable W:3024.000000 H:1900.000000, Viewport W:2104 H:1434
[2026.09.04-00.41.26:779][  9]LogMetal: Display: Viewport Size Mismatch: Drawable W:3024.000000 H:1900.000000, Texture W:1900 H:1900, Viewport W:2104.000000 H:1434.000000, layer frame W:1512.000000, H:950.000000
[2026.09.04-00.41.26:828][ 10]LogMotionWorldNetwork: Display: MotionWorld network observation sent: session=8D77D263F54B episode=7312 observation=10 state_sequence=263 simulation_time_s=14.534000 facing_yaw_deg=0.000000 previous_action_present=true previous_action_source=9.
[2026.09.04-00.41.26:829][ 10]LogMotionWorldBridge: Display: MotionWorld command echo: revision=123 frame=character_local resolved=true facing_yaw_deg=0.00 finite=true requested_frame=(100.00, 0.00, 0.00) submitted_world=(100.00, 0.00, 0.00) echoed_world=(100.00, 0.00, 0.00) match=true
[2026.09.04-00.41.26:832][ 10]LogMetal: Display: Viewport Size Mismatch: Drawable W:3024.000000 H:1900.000000, Viewport W:2104 H:1434
[2026.09.04-00.41.26:832][ 10]LogMetal: Display: Viewport Size Mismatch: Drawable W:3024.000000 H:1900.000000, Texture W:1900 H:1900, Viewport W:2104.000000 H:1434.000000, layer frame W:1512.000000, H:950.000000
[2026.09.04-00.41.26:833][ 10]LogMetal: Display: Viewport Size Mismatch: Drawable W:3024.000000 H:1900.000000, Viewport W:2104 H:1434
[2026.09.04-00.41.26:833][ 10]LogMetal: Display: Viewport Size Mismatch: Drawable W:3024.000000 H:1900.000000, Viewport W:2104 H:1434
[2026.09.04-00.41.26:833][ 10]LogMetal: Display: Viewport Size Mismatch: Drawable W:3024.000000 H:1900.000000, Texture W:1900 H:1900, Viewport W:2104.000000 H:1434.000000, layer frame W:1512.000000, H:950.000000
[2026.09.04-00.41.26:872][ 11]LogMetal: Display: Viewport Size Mismatch: Drawable W:3024.000000 H:1900.000000, Viewport W:2104 H:1434
[2026.09.04-00.41.26:872][ 11]LogMetal: Display: Viewport Size Mismatch: Drawable W:3024.000000 H:1900.000000, Texture W:1900 H:1900, Viewport W:2104.000000 H:1434.000000, layer frame W:1512.000000, H:950.000000
[2026.09.04-00.41.26:873][ 11]LogMotionWorldNetwork: Display: MotionWorld network action accepted: session=8D77D263F54B episode=7312 source_observation=10 desired_local_cm_per_sec=(100.000000, 0.000000) unreal_end_to_end_latency_ms=44.171669 current_identity_match=true before_deadline=true.
[2026.09.04-00.41.26:873][ 11]LogMetal: Display: Viewport Size Mismatch: Drawable W:3024.000000 H:1900.000000, Viewport W:2104 H:1434
[2026.09.04-00.41.26:873][ 11]LogMetal: Display: Viewport Size Mismatch: Drawable W:3024.000000 H:1900.000000, Viewport W:2104 H:1434
[2026.09.04-00.41.26:873][ 11]LogMetal: Display: Viewport Size Mismatch: Drawable W:3024.000000 H:1900.000000, Texture W:1900 H:1900, Viewport W:2104.000000 H:1434.000000, layer frame W:1512.000000, H:950.000000
[2026.09.04-00.41.26:928][ 12]LogMotionWorldNetwork: Display: MotionWorld network observation sent: session=8D77D263F54B episode=7312 observation=11 state_sequence=265 simulation_time_s=14.634000 facing_yaw_deg=0.000000 previous_action_present=true previous_action_source=10.
[2026.09.04-00.41.26:928][ 12]LogMotionWorldBridge: Display: MotionWorld command echo: revision=124 frame=character_local resolved=true facing_yaw_deg=0.00 finite=true requested_frame=(100.00, 0.00, 0.00) submitted_world=(100.00, 0.00, 0.00) echoed_world=(100.00, 0.00, 0.00) match=true
[2026.09.04-00.41.26:933][ 12]LogMetal: Display: Viewport Size Mismatch: Drawable W:3024.000000 H:1900.000000, Viewport W:2104 H:1434
[2026.09.04-00.41.26:933][ 12]LogMetal: Display: Viewport Size Mismatch: Drawable W:3024.000000 H:1900.000000, Texture W:1900 H:1900, Viewport W:2104.000000 H:1434.000000, layer frame W:1512.000000, H:950.000000
[2026.09.04-00.41.26:934][ 12]LogMetal: Display: Viewport Size Mismatch: Drawable W:3024.000000 H:1900.000000, Viewport W:2104 H:1434
[2026.09.04-00.41.26:934][ 12]LogMetal: Display: Viewport Size Mismatch: Drawable W:3024.000000 H:1900.000000, Viewport W:2104 H:1434
[2026.09.04-00.41.26:934][ 12]LogMetal: Display: Viewport Size Mismatch: Drawable W:3024.000000 H:1900.000000, Texture W:1900 H:1900, Viewport W:2104.000000 H:1434.000000, layer frame W:1512.000000, H:950.000000
[2026.09.04-00.41.26:977][ 13]LogMotionWorldNetwork: Display: MotionWorld network action accepted: session=8D77D263F54B episode=7312 source_observation=11 desired_local_cm_per_sec=(100.000000, 0.000000) unreal_end_to_end_latency_ms=48.708580 current_identity_match=true before_deadline=true.
[2026.09.04-00.41.26:986][ 13]LogMetal: Display: Viewport Size Mismatch: Drawable W:3024.000000 H:1900.000000, Viewport W:2104 H:1434
[2026.09.04-00.41.26:986][ 13]LogMetal: Display: Viewport Size Mismatch: Drawable W:3024.000000 H:1900.000000, Texture W:1900 H:1900, Viewport W:2104.000000 H:1434.000000, layer frame W:1512.000000, H:950.000000
[2026.09.04-00.41.26:988][ 13]LogMetal: Display: Viewport Size Mismatch: Drawable W:3024.000000 H:1900.000000, Viewport W:2104 H:1434
[2026.09.04-00.41.26:988][ 13]LogMetal: Display: Viewport Size Mismatch: Drawable W:3024.000000 H:1900.000000, Viewport W:2104 H:1434
[2026.09.04-00.41.26:988][ 13]LogMetal: Display: Viewport Size Mismatch: Drawable W:3024.000000 H:1900.000000, Texture W:1900 H:1900, Viewport W:2104.000000 H:1434.000000, layer frame W:1512.000000, H:950.000000
[2026.09.04-00.41.27:020][ 14]LogMotionWorldNetwork: Display: MotionWorld network observation sent: session=8D77D263F54B episode=7312 observation=12 state_sequence=267 simulation_time_s=14.726000 facing_yaw_deg=0.000000 previous_action_present=true previous_action_source=11.
[2026.09.04-00.41.27:020][ 14]LogMotionWorldBridge: Display: MotionWorld command echo: revision=125 frame=character_local resolved=true facing_yaw_deg=0.00 finite=true requested_frame=(100.00, 0.00, 0.00) submitted_world=(100.00, 0.00, 0.00) echoed_world=(100.00, 0.00, 0.00) match=true
[2026.09.04-00.41.27:021][ 14]LogMetal: Display: Viewport Size Mismatch: Drawable W:3024.000000 H:1900.000000, Viewport W:2104 H:1434
[2026.09.04-00.41.27:021][ 14]LogMetal: Display: Viewport Size Mismatch: Drawable W:3024.000000 H:1900.000000, Texture W:1900 H:1900, Viewport W:2104.000000 H:1434.000000, layer frame W:1512.000000, H:950.000000
[2026.09.04-00.41.27:022][ 14]LogMetal: Display: Viewport Size Mismatch: Drawable W:3024.000000 H:1900.000000, Viewport W:2104 H:1434
[2026.09.04-00.41.27:028][ 14]LogMetal: Display: Viewport Size Mismatch: Drawable W:3024.000000 H:1900.000000, Viewport W:2104 H:1434
[2026.09.04-00.41.27:028][ 14]LogMetal: Display: Viewport Size Mismatch: Drawable W:3024.000000 H:1900.000000, Texture W:1900 H:1900, Viewport W:2104.000000 H:1434.000000, layer frame W:1512.000000, H:950.000000
[2026.09.04-00.41.27:072][ 15]LogMotionWorldNetwork: Display: MotionWorld network action accepted: session=8D77D263F54B episode=7312 source_observation=12 desired_local_cm_per_sec=(100.000000, 0.000000) unreal_end_to_end_latency_ms=51.606540 current_identity_match=true before_deadline=true.
[2026.09.04-00.41.27:075][ 15]LogMetal: Display: Viewport Size Mismatch: Drawable W:3024.000000 H:1900.000000, Viewport W:2104 H:1434
[2026.09.04-00.41.27:075][ 15]LogMetal: Display: Viewport Size Mismatch: Drawable W:3024.000000 H:1900.000000, Texture W:1900 H:1900, Viewport W:2104.000000 H:1434.000000, layer frame W:1512.000000, H:950.000000
[2026.09.04-00.41.27:076][ 15]LogMetal: Display: Viewport Size Mismatch: Drawable W:3024.000000 H:1900.000000, Viewport W:2104 H:1434
[2026.09.04-00.41.27:076][ 15]LogMetal: Display: Viewport Size Mismatch: Drawable W:3024.000000 H:1900.000000, Viewport W:2104 H:1434
[2026.09.04-00.41.27:076][ 15]LogMetal: Display: Viewport Size Mismatch: Drawable W:3024.000000 H:1900.000000, Texture W:1900 H:1900, Viewport W:2104.000000 H:1434.000000, layer frame W:1512.000000, H:950.000000
[2026.09.04-00.41.27:124][ 16]LogMotionWorldNetwork: Display: MotionWorld network observation sent: session=8D77D263F54B episode=7312 observation=13 state_sequence=269 simulation_time_s=14.829000 facing_yaw_deg=0.000000 previous_action_present=true previous_action_source=12.
[2026.09.04-00.41.27:124][ 16]LogMotionWorldBridge: Display: MotionWorld command echo: revision=126 frame=character_local resolved=true facing_yaw_deg=0.00 finite=true requested_frame=(100.00, 0.00, 0.00) submitted_world=(100.00, 0.00, 0.00) echoed_world=(100.00, 0.00, 0.00) match=true
[2026.09.04-00.41.27:126][ 16]LogMetal: Display: Viewport Size Mismatch: Drawable W:3024.000000 H:1900.000000, Viewport W:2104 H:1434
[2026.09.04-00.41.27:126][ 16]LogMetal: Display: Viewport Size Mismatch: Drawable W:3024.000000 H:1900.000000, Texture W:1900 H:1900, Viewport W:2104.000000 H:1434.000000, layer frame W:1512.000000, H:950.000000
[2026.09.04-00.41.27:127][ 16]LogMetal: Display: Viewport Size Mismatch: Drawable W:3024.000000 H:1900.000000, Viewport W:2104 H:1434
[2026.09.04-00.41.27:128][ 16]LogMetal: Display: Viewport Size Mismatch: Drawable W:3024.000000 H:1900.000000, Viewport W:2104 H:1434
[2026.09.04-00.41.27:128][ 16]LogMetal: Display: Viewport Size Mismatch: Drawable W:3024.000000 H:1900.000000, Texture W:1900 H:1900, Viewport W:2104.000000 H:1434.000000, layer frame W:1512.000000, H:950.000000
[2026.09.04-00.41.27:170][ 17]LogMotionWorldNetwork: Display: MotionWorld network action accepted: session=8D77D263F54B episode=7312 source_observation=13 desired_local_cm_per_sec=(100.000000, 0.000000) unreal_end_to_end_latency_ms=46.731085 current_identity_match=true before_deadline=true.
[2026.09.04-00.41.27:172][ 17]LogMetal: Display: Viewport Size Mismatch: Drawable W:3024.000000 H:1900.000000, Viewport W:2104 H:1434
[2026.09.04-00.41.27:173][ 17]LogMetal: Display: Viewport Size Mismatch: Drawable W:3024.000000 H:1900.000000, Texture W:1900 H:1900, Viewport W:2104.000000 H:1434.000000, layer frame W:1512.000000, H:950.000000
[2026.09.04-00.41.27:173][ 17]LogMetal: Display: Viewport Size Mismatch: Drawable W:3024.000000 H:1900.000000, Viewport W:2104 H:1434
[2026.09.04-00.41.27:173][ 17]LogMetal: Display: Viewport Size Mismatch: Drawable W:3024.000000 H:1900.000000, Viewport W:2104 H:1434
[2026.09.04-00.41.27:173][ 17]LogMetal: Display: Viewport Size Mismatch: Drawable W:3024.000000 H:1900.000000, Texture W:1900 H:1900, Viewport W:2104.000000 H:1434.000000, layer frame W:1512.000000, H:950.000000
[2026.09.04-00.41.27:233][ 18]LogMotionWorldNetwork: Display: MotionWorld network observation sent: session=8D77D263F54B episode=7312 observation=14 state_sequence=271 simulation_time_s=14.935000 facing_yaw_deg=0.000000 previous_action_present=true previous_action_source=13.
[2026.09.04-00.41.27:233][ 18]LogMotionWorldBridge: Display: MotionWorld command echo: revision=127 frame=character_local resolved=true facing_yaw_deg=0.00 finite=true requested_frame=(100.00, 0.00, 0.00) submitted_world=(100.00, 0.00, 0.00) echoed_world=(100.00, 0.00, 0.00) match=true
[2026.09.04-00.41.27:236][ 18]LogMetal: Display: Viewport Size Mismatch: Drawable W:3024.000000 H:1900.000000, Viewport W:2104 H:1434
[2026.09.04-00.41.27:236][ 18]LogMetal: Display: Viewport Size Mismatch: Drawable W:3024.000000 H:1900.000000, Texture W:1900 H:1900, Viewport W:2104.000000 H:1434.000000, layer frame W:1512.000000, H:950.000000
[2026.09.04-00.41.27:237][ 18]LogMetal: Display: Viewport Size Mismatch: Drawable W:3024.000000 H:1900.000000, Viewport W:2104 H:1434
[2026.09.04-00.41.27:237][ 18]LogMetal: Display: Viewport Size Mismatch: Drawable W:3024.000000 H:1900.000000, Viewport W:2104 H:1434
[2026.09.04-00.41.27:237][ 18]LogMetal: Display: Viewport Size Mismatch: Drawable W:3024.000000 H:1900.000000, Texture W:1900 H:1900, Viewport W:2104.000000 H:1434.000000, layer frame W:1512.000000, H:950.000000
[2026.09.04-00.41.27:291][ 19]LogMotionWorldNetwork: Display: MotionWorld network action accepted: session=8D77D263F54B episode=7312 source_observation=14 desired_local_cm_per_sec=(100.000000, 0.000000) unreal_end_to_end_latency_ms=55.522252 current_identity_match=true before_deadline=true.
[2026.09.04-00.41.27:305][ 19]LogMetal: Display: Viewport Size Mismatch: Drawable W:3024.000000 H:1900.000000, Viewport W:2104 H:1434
[2026.09.04-00.41.27:305][ 19]LogMetal: Display: Viewport Size Mismatch: Drawable W:3024.000000 H:1900.000000, Texture W:1900 H:1900, Viewport W:2104.000000 H:1434.000000, layer frame W:1512.000000, H:950.000000
[2026.09.04-00.41.27:307][ 19]LogMetal: Display: Viewport Size Mismatch: Drawable W:3024.000000 H:1900.000000, Viewport W:2104 H:1434
[2026.09.04-00.41.27:307][ 19]LogMetal: Display: Viewport Size Mismatch: Drawable W:3024.000000 H:1900.000000, Viewport W:2104 H:1434
[2026.09.04-00.41.27:307][ 19]LogMetal: Display: Viewport Size Mismatch: Drawable W:3024.000000 H:1900.000000, Texture W:1900 H:1900, Viewport W:2104.000000 H:1434.000000, layer frame W:1512.000000, H:950.000000
[2026.09.04-00.41.27:351][ 20]LogMotionWorldNetwork: Display: MotionWorld network observation sent: session=8D77D263F54B episode=7312 observation=15 state_sequence=273 simulation_time_s=15.053000 facing_yaw_deg=0.000000 previous_action_present=true previous_action_source=14.
[2026.09.04-00.41.27:351][ 20]LogMotionWorldBridge: Display: MotionWorld command echo: revision=128 frame=character_local resolved=true facing_yaw_deg=0.00 finite=true requested_frame=(100.00, 0.00, 0.00) submitted_world=(100.00, 0.00, 0.00) echoed_world=(100.00, 0.00, 0.00) match=true
[2026.09.04-00.41.27:357][ 20]LogMetal: Display: Viewport Size Mismatch: Drawable W:3024.000000 H:1900.000000, Viewport W:2104 H:1434
[2026.09.04-00.41.27:357][ 20]LogMetal: Display: Viewport Size Mismatch: Drawable W:3024.000000 H:1900.000000, Texture W:1900 H:1900, Viewport W:2104.000000 H:1434.000000, layer frame W:1512.000000, H:950.000000
[2026.09.04-00.41.27:358][ 20]LogMetal: Display: Viewport Size Mismatch: Drawable W:3024.000000 H:1900.000000, Viewport W:2104 H:1434
[2026.09.04-00.41.27:358][ 20]LogMetal: Display: Viewport Size Mismatch: Drawable W:3024.000000 H:1900.000000, Viewport W:2104 H:1434
[2026.09.04-00.41.27:358][ 20]LogMetal: Display: Viewport Size Mismatch: Drawable W:3024.000000 H:1900.000000, Texture W:1900 H:1900, Viewport W:2104.000000 H:1434.000000, layer frame W:1512.000000, H:950.000000
[2026.09.04-00.41.27:405][ 21]LogMotionWorldNetwork: Display: MotionWorld network observation sent: session=8D77D263F54B episode=7312 observation=16 state_sequence=274 simulation_time_s=15.106000 facing_yaw_deg=0.000000 previous_action_present=true previous_action_source=14.
[2026.09.04-00.41.27:405][ 21]LogMotionWorldBridge: Display: MotionWorld command echo: revision=129 frame=character_local resolved=true facing_yaw_deg=0.00 finite=true requested_frame=(100.00, 0.00, 0.00) submitted_world=(100.00, 0.00, 0.00) echoed_world=(100.00, 0.00, 0.00) match=true
[2026.09.04-00.41.27:408][ 21]LogMetal: Display: Viewport Size Mismatch: Drawable W:3024.000000 H:1900.000000, Viewport W:2104 H:1434
[2026.09.04-00.41.27:408][ 21]LogMetal: Display: Viewport Size Mismatch: Drawable W:3024.000000 H:1900.000000, Texture W:1900 H:1900, Viewport W:2104.000000 H:1434.000000, layer frame W:1512.000000, H:950.000000
[2026.09.04-00.41.27:409][ 21]LogMetal: Display: Viewport Size Mismatch: Drawable W:3024.000000 H:1900.000000, Viewport W:2104 H:1434
[2026.09.04-00.41.27:409][ 21]LogMetal: Display: Viewport Size Mismatch: Drawable W:3024.000000 H:1900.000000, Viewport W:2104 H:1434
[2026.09.04-00.41.27:409][ 21]LogMetal: Display: Viewport Size Mismatch: Drawable W:3024.000000 H:1900.000000, Texture W:1900 H:1900, Viewport W:2104.000000 H:1434.000000, layer frame W:1512.000000, H:950.000000
[2026.09.04-00.41.27:467][ 22]LogMotionWorldNetwork: Display: MotionWorld network action accepted: session=8D77D263F54B episode=7312 source_observation=16 desired_local_cm_per_sec=(100.000000, 0.000000) unreal_end_to_end_latency_ms=62.792417 current_identity_match=true before_deadline=true.
[2026.09.04-00.41.27:471][ 22]LogMetal: Display: Viewport Size Mismatch: Drawable W:3024.000000 H:1900.000000, Viewport W:2104 H:1434
[2026.09.04-00.41.27:471][ 22]LogMetal: Display: Viewport Size Mismatch: Drawable W:3024.000000 H:1900.000000, Texture W:1900 H:1900, Viewport W:2104.000000 H:1434.000000, layer frame W:1512.000000, H:950.000000
[2026.09.04-00.41.27:471][ 22]LogMetal: Display: Viewport Size Mismatch: Drawable W:3024.000000 H:1900.000000, Viewport W:2104 H:1434
[2026.09.04-00.41.27:471][ 22]LogMetal: Display: Viewport Size Mismatch: Drawable W:3024.000000 H:1900.000000, Viewport W:2104 H:1434
[2026.09.04-00.41.27:471][ 22]LogMetal: Display: Viewport Size Mismatch: Drawable W:3024.000000 H:1900.000000, Texture W:1900 H:1900, Viewport W:2104.000000 H:1434.000000, layer frame W:1512.000000, H:950.000000
[2026.09.04-00.41.27:512][ 23]LogMotionWorldNetwork: Display: MotionWorld network observation sent: session=8D77D263F54B episode=7312 observation=17 state_sequence=276 simulation_time_s=15.218000 facing_yaw_deg=0.000000 previous_action_present=true previous_action_source=16.
[2026.09.04-00.41.27:512][ 23]LogMotionWorldBridge: Display: MotionWorld command echo: revision=130 frame=character_local resolved=true facing_yaw_deg=0.00 finite=true requested_frame=(100.00, 0.00, 0.00) submitted_world=(100.00, 0.00, 0.00) echoed_world=(100.00, 0.00, 0.00) match=true
[2026.09.04-00.41.27:515][ 23]LogMetal: Display: Viewport Size Mismatch: Drawable W:3024.000000 H:1900.000000, Viewport W:2104 H:1434
[2026.09.04-00.41.27:515][ 23]LogMetal: Display: Viewport Size Mismatch: Drawable W:3024.000000 H:1900.000000, Texture W:1900 H:1900, Viewport W:2104.000000 H:1434.000000, layer frame W:1512.000000, H:950.000000
[2026.09.04-00.41.27:516][ 23]LogMetal: Display: Viewport Size Mismatch: Drawable W:3024.000000 H:1900.000000, Viewport W:2104 H:1434
[2026.09.04-00.41.27:528][ 23]LogMetal: Display: Viewport Size Mismatch: Drawable W:3024.000000 H:1900.000000, Viewport W:2104 H:1434
[2026.09.04-00.41.27:528][ 23]LogMetal: Display: Viewport Size Mismatch: Drawable W:3024.000000 H:1900.000000, Texture W:1900 H:1900, Viewport W:2104.000000 H:1434.000000, layer frame W:1512.000000, H:950.000000
[2026.09.04-00.41.27:594][ 24]LogMotionWorldNetwork: Display: MotionWorld network action accepted: session=8D77D263F54B episode=7312 source_observation=17 desired_local_cm_per_sec=(100.000000, 0.000000) unreal_end_to_end_latency_ms=82.155377 current_identity_match=true before_deadline=true.
[2026.09.04-00.41.27:594][ 24]LogMetal: Display: Viewport Size Mismatch: Drawable W:3024.000000 H:1900.000000, Viewport W:2104 H:1434
[2026.09.04-00.41.27:594][ 24]LogMetal: Display: Viewport Size Mismatch: Drawable W:3024.000000 H:1900.000000, Texture W:1900 H:1900, Viewport W:2104.000000 H:1434.000000, layer frame W:1512.000000, H:950.000000
[2026.09.04-00.41.27:595][ 24]LogMetal: Display: Viewport Size Mismatch: Drawable W:3024.000000 H:1900.000000, Viewport W:2104 H:1434
[2026.09.04-00.41.27:595][ 24]LogMetal: Display: Viewport Size Mismatch: Drawable W:3024.000000 H:1900.000000, Viewport W:2104 H:1434
[2026.09.04-00.41.27:595][ 24]LogMetal: Display: Viewport Size Mismatch: Drawable W:3024.000000 H:1900.000000, Texture W:1900 H:1900, Viewport W:2104.000000 H:1434.000000, layer frame W:1512.000000, H:950.000000
[2026.09.04-00.41.27:634][ 25]LogMotionWorldNetwork: Display: MotionWorld network observation sent: session=8D77D263F54B episode=7312 observation=18 state_sequence=278 simulation_time_s=15.340000 facing_yaw_deg=0.000000 previous_action_present=true previous_action_source=17.
[2026.09.04-00.41.27:634][ 25]LogMotionWorldBridge: Display: MotionWorld command echo: revision=131 frame=character_local resolved=true facing_yaw_deg=0.00 finite=true requested_frame=(100.00, 0.00, 0.00) submitted_world=(100.00, 0.00, 0.00) echoed_world=(100.00, 0.00, 0.00) match=true
[2026.09.04-00.41.27:639][ 25]LogMetal: Display: Viewport Size Mismatch: Drawable W:3024.000000 H:1900.000000, Viewport W:2104 H:1434
[2026.09.04-00.41.27:639][ 25]LogMetal: Display: Viewport Size Mismatch: Drawable W:3024.000000 H:1900.000000, Texture W:1900 H:1900, Viewport W:2104.000000 H:1434.000000, layer frame W:1512.000000, H:950.000000
[2026.09.04-00.41.27:639][ 25]LogMetal: Display: Viewport Size Mismatch: Drawable W:3024.000000 H:1900.000000, Viewport W:2104 H:1434
[2026.09.04-00.41.27:661][ 25]LogMetal: Display: Viewport Size Mismatch: Drawable W:3024.000000 H:1900.000000, Viewport W:2104 H:1434
[2026.09.04-00.41.27:661][ 25]LogMetal: Display: Viewport Size Mismatch: Drawable W:3024.000000 H:1900.000000, Texture W:1900 H:1900, Viewport W:2104.000000 H:1434.000000, layer frame W:1512.000000, H:950.000000
[2026.09.04-00.41.27:683][ 26]LogMotionWorldNetwork: Display: MotionWorld network action accepted: session=8D77D263F54B episode=7312 source_observation=18 desired_local_cm_per_sec=(100.000000, 0.000000) unreal_end_to_end_latency_ms=48.896249 current_identity_match=true before_deadline=true.
[2026.09.04-00.41.27:685][ 26]LogMetal: Display: Viewport Size Mismatch: Drawable W:3024.000000 H:1900.000000, Viewport W:2104 H:1434
[2026.09.04-00.41.27:685][ 26]LogMetal: Display: Viewport Size Mismatch: Drawable W:3024.000000 H:1900.000000, Texture W:1900 H:1900, Viewport W:2104.000000 H:1434.000000, layer frame W:1512.000000, H:950.000000
[2026.09.04-00.41.27:685][ 26]LogMetal: Display: Viewport Size Mismatch: Drawable W:3024.000000 H:1900.000000, Viewport W:2104 H:1434
[2026.09.04-00.41.27:711][ 26]LogMetal: Display: Viewport Size Mismatch: Drawable W:3024.000000 H:1900.000000, Viewport W:2104 H:1434
[2026.09.04-00.41.27:711][ 26]LogMetal: Display: Viewport Size Mismatch: Drawable W:3024.000000 H:1900.000000, Texture W:1900 H:1900, Viewport W:2104.000000 H:1434.000000, layer frame W:1512.000000, H:950.000000
[2026.09.04-00.41.27:737][ 27]LogMotionWorldNetwork: Display: MotionWorld network observation sent: session=8D77D263F54B episode=7312 observation=19 state_sequence=280 simulation_time_s=15.442000 facing_yaw_deg=0.000000 previous_action_present=true previous_action_source=18.
[2026.09.04-00.41.27:737][ 27]LogMotionWorldBridge: Display: MotionWorld command echo: revision=132 frame=character_local resolved=true facing_yaw_deg=0.00 finite=true requested_frame=(100.00, 0.00, 0.00) submitted_world=(100.00, 0.00, 0.00) echoed_world=(100.00, 0.00, 0.00) match=true
[2026.09.04-00.41.27:739][ 27]LogMetal: Display: Viewport Size Mismatch: Drawable W:3024.000000 H:1900.000000, Viewport W:2104 H:1434
[2026.09.04-00.41.27:739][ 27]LogMetal: Display: Viewport Size Mismatch: Drawable W:3024.000000 H:1900.000000, Texture W:1900 H:1900, Viewport W:2104.000000 H:1434.000000, layer frame W:1512.000000, H:950.000000
[2026.09.04-00.41.27:739][ 27]LogMetal: Display: Viewport Size Mismatch: Drawable W:3024.000000 H:1900.000000, Viewport W:2104 H:1434
[2026.09.04-00.41.27:762][ 27]LogMetal: Display: Viewport Size Mismatch: Drawable W:3024.000000 H:1900.000000, Viewport W:2104 H:1434
[2026.09.04-00.41.27:762][ 27]LogMetal: Display: Viewport Size Mismatch: Drawable W:3024.000000 H:1900.000000, Texture W:1900 H:1900, Viewport W:2104.000000 H:1434.000000, layer frame W:1512.000000, H:950.000000
[2026.09.04-00.41.27:786][ 28]LogMotionWorldNetwork: Display: MotionWorld network action accepted: session=8D77D263F54B episode=7312 source_observation=19 desired_local_cm_per_sec=(100.000000, 0.000000) unreal_end_to_end_latency_ms=49.494542 current_identity_match=true before_deadline=true.
[2026.09.04-00.41.27:787][ 28]LogMetal: Display: Viewport Size Mismatch: Drawable W:3024.000000 H:1900.000000, Viewport W:2104 H:1434
[2026.09.04-00.41.27:787][ 28]LogMetal: Display: Viewport Size Mismatch: Drawable W:3024.000000 H:1900.000000, Texture W:1900 H:1900, Viewport W:2104.000000 H:1434.000000, layer frame W:1512.000000, H:950.000000
[2026.09.04-00.41.27:788][ 28]LogMetal: Display: Viewport Size Mismatch: Drawable W:3024.000000 H:1900.000000, Viewport W:2104 H:1434
[2026.09.04-00.41.27:794][ 28]LogMetal: Display: Viewport Size Mismatch: Drawable W:3024.000000 H:1900.000000, Viewport W:2104 H:1434
[2026.09.04-00.41.27:795][ 28]LogMetal: Display: Viewport Size Mismatch: Drawable W:3024.000000 H:1900.000000, Texture W:1900 H:1900, Viewport W:2104.000000 H:1434.000000, layer frame W:1512.000000, H:950.000000
[2026.09.04-00.41.27:832][ 29]LogMotionWorldNetwork: Display: MotionWorld network observation sent: session=8D77D263F54B episode=7312 observation=20 state_sequence=282 simulation_time_s=15.538000 facing_yaw_deg=0.000000 previous_action_present=true previous_action_source=19.
[2026.09.04-00.41.27:832][ 29]LogMotionWorldBridge: Display: MotionWorld command echo: revision=133 frame=character_local resolved=true facing_yaw_deg=0.00 finite=true requested_frame=(100.00, 0.00, 0.00) submitted_world=(100.00, 0.00, 0.00) echoed_world=(100.00, 0.00, 0.00) match=true
[2026.09.04-00.41.27:835][ 29]LogMetal: Display: Viewport Size Mismatch: Drawable W:3024.000000 H:1900.000000, Viewport W:2104 H:1434
[2026.09.04-00.41.27:835][ 29]LogMetal: Display: Viewport Size Mismatch: Drawable W:3024.000000 H:1900.000000, Texture W:1900 H:1900, Viewport W:2104.000000 H:1434.000000, layer frame W:1512.000000, H:950.000000
[2026.09.04-00.41.27:836][ 29]LogMetal: Display: Viewport Size Mismatch: Drawable W:3024.000000 H:1900.000000, Viewport W:2104 H:1434
[2026.09.04-00.41.27:836][ 29]LogMetal: Display: Viewport Size Mismatch: Drawable W:3024.000000 H:1900.000000, Viewport W:2104 H:1434
[2026.09.04-00.41.27:836][ 29]LogMetal: Display: Viewport Size Mismatch: Drawable W:3024.000000 H:1900.000000, Texture W:1900 H:1900, Viewport W:2104.000000 H:1434.000000, layer frame W:1512.000000, H:950.000000
[2026.09.04-00.41.27:884][ 30]LogMotionWorldNetwork: Display: MotionWorld network action accepted: session=8D77D263F54B episode=7312 source_observation=20 desired_local_cm_per_sec=(100.000000, 0.000000) unreal_end_to_end_latency_ms=52.225418 current_identity_match=true before_deadline=true.
[2026.09.04-00.41.27:886][ 30]LogMetal: Display: Viewport Size Mismatch: Drawable W:3024.000000 H:1900.000000, Viewport W:2104 H:1434
[2026.09.04-00.41.27:886][ 30]LogMetal: Display: Viewport Size Mismatch: Drawable W:3024.000000 H:1900.000000, Texture W:1900 H:1900, Viewport W:2104.000000 H:1434.000000, layer frame W:1512.000000, H:950.000000
[2026.09.04-00.41.27:886][ 30]LogMetal: Display: Viewport Size Mismatch: Drawable W:3024.000000 H:1900.000000, Viewport W:2104 H:1434
[2026.09.04-00.41.27:894][ 30]LogMetal: Display: Viewport Size Mismatch: Drawable W:3024.000000 H:1900.000000, Viewport W:2104 H:1434
[2026.09.04-00.41.27:894][ 30]LogMetal: Display: Viewport Size Mismatch: Drawable W:3024.000000 H:1900.000000, Texture W:1900 H:1900, Viewport W:2104.000000 H:1434.000000, layer frame W:1512.000000, H:950.000000
[2026.09.04-00.41.27:944][ 31]LogMetal: Display: Viewport Size Mismatch: Drawable W:3024.000000 H:1900.000000, Viewport W:2104 H:1434
[2026.09.04-00.41.27:944][ 31]LogMetal: Display: Viewport Size Mismatch: Drawable W:3024.000000 H:1900.000000, Texture W:1900 H:1900, Viewport W:2104.000000 H:1434.000000, layer frame W:1512.000000, H:950.000000
[2026.09.04-00.41.27:944][ 31]LogMotionWorldNetwork: Display: MotionWorld network observation sent: session=8D77D263F54B episode=7312 observation=21 state_sequence=284 simulation_time_s=15.648000 facing_yaw_deg=0.000000 previous_action_present=true previous_action_source=20.
[2026.09.04-00.41.27:944][ 31]LogMotionWorldBridge: Display: MotionWorld command echo: revision=134 frame=character_local resolved=true facing_yaw_deg=0.00 finite=true requested_frame=(100.00, 0.00, 0.00) submitted_world=(100.00, 0.00, 0.00) echoed_world=(100.00, 0.00, 0.00) match=true
[2026.09.04-00.41.27:945][ 31]LogMetal: Display: Viewport Size Mismatch: Drawable W:3024.000000 H:1900.000000, Viewport W:2104 H:1434
[2026.09.04-00.41.27:961][ 31]LogMetal: Display: Viewport Size Mismatch: Drawable W:3024.000000 H:1900.000000, Viewport W:2104 H:1434
[2026.09.04-00.41.27:961][ 31]LogMetal: Display: Viewport Size Mismatch: Drawable W:3024.000000 H:1900.000000, Texture W:1900 H:1900, Viewport W:2104.000000 H:1434.000000, layer frame W:1512.000000, H:950.000000
[2026.09.04-00.41.27:998][ 32]LogMotionWorldNetwork: Display: MotionWorld network observation sent: session=8D77D263F54B episode=7312 observation=22 state_sequence=285 simulation_time_s=15.703000 facing_yaw_deg=0.000000 previous_action_present=true previous_action_source=20.
[2026.09.04-00.41.27:998][ 32]LogMotionWorldBridge: Display: MotionWorld command echo: revision=135 frame=character_local resolved=true facing_yaw_deg=0.00 finite=true requested_frame=(100.00, 0.00, 0.00) submitted_world=(100.00, 0.00, 0.00) echoed_world=(100.00, 0.00, 0.00) match=true
[2026.09.04-00.41.28:001][ 32]LogMetal: Display: Viewport Size Mismatch: Drawable W:3024.000000 H:1900.000000, Viewport W:2104 H:1434
[2026.09.04-00.41.28:001][ 32]LogMetal: Display: Viewport Size Mismatch: Drawable W:3024.000000 H:1900.000000, Texture W:1900 H:1900, Viewport W:2104.000000 H:1434.000000, layer frame W:1512.000000, H:950.000000
[2026.09.04-00.41.28:001][ 32]LogMetal: Display: Viewport Size Mismatch: Drawable W:3024.000000 H:1900.000000, Viewport W:2104 H:1434
[2026.09.04-00.41.28:001][ 32]LogMetal: Display: Viewport Size Mismatch: Drawable W:3024.000000 H:1900.000000, Viewport W:2104 H:1434
[2026.09.04-00.41.28:001][ 32]LogMetal: Display: Viewport Size Mismatch: Drawable W:3024.000000 H:1900.000000, Texture W:1900 H:1900, Viewport W:2104.000000 H:1434.000000, layer frame W:1512.000000, H:950.000000
[2026.09.04-00.41.28:053][ 33]LogMotionWorldNetwork: Display: MotionWorld network action accepted: session=8D77D263F54B episode=7312 source_observation=22 desired_local_cm_per_sec=(100.000000, 0.000000) unreal_end_to_end_latency_ms=54.689083 current_identity_match=true before_deadline=true.
[2026.09.04-00.41.28:055][ 33]LogMetal: Display: Viewport Size Mismatch: Drawable W:3024.000000 H:1900.000000, Viewport W:2104 H:1434
[2026.09.04-00.41.28:055][ 33]LogMetal: Display: Viewport Size Mismatch: Drawable W:3024.000000 H:1900.000000, Texture W:1900 H:1900, Viewport W:2104.000000 H:1434.000000, layer frame W:1512.000000, H:950.000000
[2026.09.04-00.41.28:056][ 33]LogMetal: Display: Viewport Size Mismatch: Drawable W:3024.000000 H:1900.000000, Viewport W:2104 H:1434
[2026.09.04-00.41.28:061][ 33]LogMetal: Display: Viewport Size Mismatch: Drawable W:3024.000000 H:1900.000000, Viewport W:2104 H:1434
[2026.09.04-00.41.28:061][ 33]LogMetal: Display: Viewport Size Mismatch: Drawable W:3024.000000 H:1900.000000, Texture W:1900 H:1900, Viewport W:2104.000000 H:1434.000000, layer frame W:1512.000000, H:950.000000
[2026.09.04-00.41.28:092][ 34]LogMotionWorldBridge: Display: MotionWorld command echo: revision=136 frame=character_local resolved=true facing_yaw_deg=0.00 finite=true requested_frame=(100.00, 0.00, 0.00) submitted_world=(100.00, 0.00, 0.00) echoed_world=(100.00, 0.00, 0.00) match=true
[2026.09.04-00.41.28:095][ 34]LogMetal: Display: Viewport Size Mismatch: Drawable W:3024.000000 H:1900.000000, Viewport W:2104 H:1434
[2026.09.04-00.41.28:095][ 34]LogMetal: Display: Viewport Size Mismatch: Drawable W:3024.000000 H:1900.000000, Texture W:1900 H:1900, Viewport W:2104.000000 H:1434.000000, layer frame W:1512.000000, H:950.000000
[2026.09.04-00.41.28:096][ 34]LogMetal: Display: Viewport Size Mismatch: Drawable W:3024.000000 H:1900.000000, Viewport W:2104 H:1434
[2026.09.04-00.41.28:096][ 34]LogMetal: Display: Viewport Size Mismatch: Drawable W:3024.000000 H:1900.000000, Viewport W:2104 H:1434
[2026.09.04-00.41.28:096][ 34]LogMetal: Display: Viewport Size Mismatch: Drawable W:3024.000000 H:1900.000000, Texture W:1900 H:1900, Viewport W:2104.000000 H:1434.000000, layer frame W:1512.000000, H:950.000000
[2026.09.04-00.41.28:143][ 35]LogMotionWorldNetwork: Display: MotionWorld network observation sent: session=8D77D263F54B episode=7312 observation=23 state_sequence=288 simulation_time_s=15.849000 facing_yaw_deg=0.000000 previous_action_present=true previous_action_source=22.
[2026.09.04-00.41.28:148][ 35]LogMetal: Display: Viewport Size Mismatch: Drawable W:3024.000000 H:1900.000000, Viewport W:2104 H:1434
[2026.09.04-00.41.28:148][ 35]LogMetal: Display: Viewport Size Mismatch: Drawable W:3024.000000 H:1900.000000, Texture W:1900 H:1900, Viewport W:2104.000000 H:1434.000000, layer frame W:1512.000000, H:950.000000
[2026.09.04-00.41.28:149][ 35]LogMetal: Display: Viewport Size Mismatch: Drawable W:3024.000000 H:1900.000000, Viewport W:2104 H:1434
[2026.09.04-00.41.28:161][ 35]LogMetal: Display: Viewport Size Mismatch: Drawable W:3024.000000 H:1900.000000, Viewport W:2104 H:1434
[2026.09.04-00.41.28:161][ 35]LogMetal: Display: Viewport Size Mismatch: Drawable W:3024.000000 H:1900.000000, Texture W:1900 H:1900, Viewport W:2104.000000 H:1434.000000, layer frame W:1512.000000, H:950.000000
[2026.09.04-00.41.28:206][ 36]LogMotionWorldNetwork: Display: MotionWorld network observation sent: session=8D77D263F54B episode=7312 observation=24 state_sequence=289 simulation_time_s=15.912000 facing_yaw_deg=0.000000 previous_action_present=true previous_action_source=22.
[2026.09.04-00.41.28:206][ 36]LogMotionWorldBridge: Display: MotionWorld command echo: revision=137 frame=character_local resolved=true facing_yaw_deg=0.00 finite=true requested_frame=(100.00, 0.00, 0.00) submitted_world=(100.00, 0.00, 0.00) echoed_world=(100.00, 0.00, 0.00) match=true
[2026.09.04-00.41.28:210][ 36]LogMetal: Display: Viewport Size Mismatch: Drawable W:3024.000000 H:1900.000000, Viewport W:2104 H:1434
[2026.09.04-00.41.28:210][ 36]LogMetal: Display: Viewport Size Mismatch: Drawable W:3024.000000 H:1900.000000, Texture W:1900 H:1900, Viewport W:2104.000000 H:1434.000000, layer frame W:1512.000000, H:950.000000
[2026.09.04-00.41.28:211][ 36]LogMetal: Display: Viewport Size Mismatch: Drawable W:3024.000000 H:1900.000000, Viewport W:2104 H:1434
[2026.09.04-00.41.28:211][ 36]LogMetal: Display: Viewport Size Mismatch: Drawable W:3024.000000 H:1900.000000, Viewport W:2104 H:1434
[2026.09.04-00.41.28:211][ 36]LogMetal: Display: Viewport Size Mismatch: Drawable W:3024.000000 H:1900.000000, Texture W:1900 H:1900, Viewport W:2104.000000 H:1434.000000, layer frame W:1512.000000, H:950.000000
[2026.09.04-00.41.28:252][ 37]LogMotionWorldNetwork: Display: MotionWorld network action accepted: session=8D77D263F54B episode=7312 source_observation=24 desired_local_cm_per_sec=(100.000000, 0.000000) unreal_end_to_end_latency_ms=45.041751 current_identity_match=true before_deadline=true.
[2026.09.04-00.41.28:252][ 37]LogMetal: Display: Viewport Size Mismatch: Drawable W:3024.000000 H:1900.000000, Viewport W:2104 H:1434
[2026.09.04-00.41.28:252][ 37]LogMetal: Display: Viewport Size Mismatch: Drawable W:3024.000000 H:1900.000000, Texture W:1900 H:1900, Viewport W:2104.000000 H:1434.000000, layer frame W:1512.000000, H:950.000000
[2026.09.04-00.41.28:253][ 37]LogMetal: Display: Viewport Size Mismatch: Drawable W:3024.000000 H:1900.000000, Viewport W:2104 H:1434
[2026.09.04-00.41.28:261][ 37]LogMetal: Display: Viewport Size Mismatch: Drawable W:3024.000000 H:1900.000000, Viewport W:2104 H:1434
[2026.09.04-00.41.28:261][ 37]LogMetal: Display: Viewport Size Mismatch: Drawable W:3024.000000 H:1900.000000, Texture W:1900 H:1900, Viewport W:2104.000000 H:1434.000000, layer frame W:1512.000000, H:950.000000
[2026.09.04-00.41.28:303][ 38]LogMotionWorldNetwork: Display: MotionWorld network observation sent: session=8D77D263F54B episode=7312 observation=25 state_sequence=291 simulation_time_s=16.006000 facing_yaw_deg=0.000000 previous_action_present=true previous_action_source=24.
[2026.09.04-00.41.28:303][ 38]LogMotionWorldBridge: Display: MotionWorld command echo: revision=138 frame=character_local resolved=true facing_yaw_deg=0.00 finite=true requested_frame=(100.00, 0.00, 0.00) submitted_world=(100.00, 0.00, 0.00) echoed_world=(100.00, 0.00, 0.00) match=true
[2026.09.04-00.41.28:304][ 38]LogMetal: Display: Viewport Size Mismatch: Drawable W:3024.000000 H:1900.000000, Viewport W:2104 H:1434
[2026.09.04-00.41.28:304][ 38]LogMetal: Display: Viewport Size Mismatch: Drawable W:3024.000000 H:1900.000000, Texture W:1900 H:1900, Viewport W:2104.000000 H:1434.000000, layer frame W:1512.000000, H:950.000000
[2026.09.04-00.41.28:305][ 38]LogMetal: Display: Viewport Size Mismatch: Drawable W:3024.000000 H:1900.000000, Viewport W:2104 H:1434
[2026.09.04-00.41.28:305][ 38]LogMetal: Display: Viewport Size Mismatch: Drawable W:3024.000000 H:1900.000000, Viewport W:2104 H:1434
[2026.09.04-00.41.28:305][ 38]LogMetal: Display: Viewport Size Mismatch: Drawable W:3024.000000 H:1900.000000, Texture W:1900 H:1900, Viewport W:2104.000000 H:1434.000000, layer frame W:1512.000000, H:950.000000
[2026.09.04-00.41.28:363][ 39]LogMotionWorldNetwork: Display: MotionWorld network action accepted: session=8D77D263F54B episode=7312 source_observation=25 desired_local_cm_per_sec=(100.000000, 0.000000) unreal_end_to_end_latency_ms=60.696166 current_identity_match=true before_deadline=true.
[2026.09.04-00.41.28:367][ 39]LogMetal: Display: Viewport Size Mismatch: Drawable W:3024.000000 H:1900.000000, Viewport W:2104 H:1434
[2026.09.04-00.41.28:367][ 39]LogMetal: Display: Viewport Size Mismatch: Drawable W:3024.000000 H:1900.000000, Texture W:1900 H:1900, Viewport W:2104.000000 H:1434.000000, layer frame W:1512.000000, H:950.000000
[2026.09.04-00.41.28:368][ 39]LogMetal: Display: Viewport Size Mismatch: Drawable W:3024.000000 H:1900.000000, Viewport W:2104 H:1434
[2026.09.04-00.41.28:368][ 39]LogMetal: Display: Viewport Size Mismatch: Drawable W:3024.000000 H:1900.000000, Viewport W:2104 H:1434
[2026.09.04-00.41.28:368][ 39]LogMetal: Display: Viewport Size Mismatch: Drawable W:3024.000000 H:1900.000000, Texture W:1900 H:1900, Viewport W:2104.000000 H:1434.000000, layer frame W:1512.000000, H:950.000000
[2026.09.04-00.41.28:406][ 40]LogMotionWorldNetwork: Display: MotionWorld network observation sent: session=8D77D263F54B episode=7312 observation=26 state_sequence=293 simulation_time_s=16.110000 facing_yaw_deg=0.000000 previous_action_present=true previous_action_source=25.
[2026.09.04-00.41.28:406][ 40]LogMotionWorldBridge: Display: MotionWorld command echo: revision=139 frame=character_local resolved=true facing_yaw_deg=0.00 finite=true requested_frame=(100.00, 0.00, 0.00) submitted_world=(100.00, 0.00, 0.00) echoed_world=(100.00, 0.00, 0.00) match=true
[2026.09.04-00.41.28:406][ 40]LogMetal: Display: Viewport Size Mismatch: Drawable W:3024.000000 H:1900.000000, Viewport W:2104 H:1434
[2026.09.04-00.41.28:406][ 40]LogMetal: Display: Viewport Size Mismatch: Drawable W:3024.000000 H:1900.000000, Texture W:1900 H:1900, Viewport W:2104.000000 H:1434.000000, layer frame W:1512.000000, H:950.000000
[2026.09.04-00.41.28:407][ 40]LogMetal: Display: Viewport Size Mismatch: Drawable W:3024.000000 H:1900.000000, Viewport W:2104 H:1434
[2026.09.04-00.41.28:407][ 40]LogMetal: Display: Viewport Size Mismatch: Drawable W:3024.000000 H:1900.000000, Viewport W:2104 H:1434
[2026.09.04-00.41.28:407][ 40]LogMetal: Display: Viewport Size Mismatch: Drawable W:3024.000000 H:1900.000000, Texture W:1900 H:1900, Viewport W:2104.000000 H:1434.000000, layer frame W:1512.000000, H:950.000000
[2026.09.04-00.41.28:468][ 41]LogMotionWorldNetwork: Display: MotionWorld network action accepted: session=8D77D263F54B episode=7312 source_observation=26 desired_local_cm_per_sec=(100.000000, 0.000000) unreal_end_to_end_latency_ms=61.228793 current_identity_match=true before_deadline=true.
[2026.09.04-00.41.28:469][ 41]LogMetal: Display: Viewport Size Mismatch: Drawable W:3024.000000 H:1900.000000, Viewport W:2104 H:1434
[2026.09.04-00.41.28:469][ 41]LogMetal: Display: Viewport Size Mismatch: Drawable W:3024.000000 H:1900.000000, Texture W:1900 H:1900, Viewport W:2104.000000 H:1434.000000, layer frame W:1512.000000, H:950.000000
[2026.09.04-00.41.28:469][ 41]LogMetal: Display: Viewport Size Mismatch: Drawable W:3024.000000 H:1900.000000, Viewport W:2104 H:1434
[2026.09.04-00.41.28:469][ 41]LogMetal: Display: Viewport Size Mismatch: Drawable W:3024.000000 H:1900.000000, Viewport W:2104 H:1434
[2026.09.04-00.41.28:469][ 41]LogMetal: Display: Viewport Size Mismatch: Drawable W:3024.000000 H:1900.000000, Texture W:1900 H:1900, Viewport W:2104.000000 H:1434.000000, layer frame W:1512.000000, H:950.000000
[2026.09.04-00.41.28:506][ 42]LogMotionWorldNetwork: Display: MotionWorld network observation sent: session=8D77D263F54B episode=7312 observation=27 state_sequence=295 simulation_time_s=16.211000 facing_yaw_deg=0.000000 previous_action_present=true previous_action_source=26.
[2026.09.04-00.41.28:506][ 42]LogMotionWorldBridge: Display: MotionWorld command echo: revision=140 frame=character_local resolved=true facing_yaw_deg=0.00 finite=true requested_frame=(100.00, 0.00, 0.00) submitted_world=(100.00, 0.00, 0.00) echoed_world=(100.00, 0.00, 0.00) match=true
[2026.09.04-00.41.28:508][ 42]LogMetal: Display: Viewport Size Mismatch: Drawable W:3024.000000 H:1900.000000, Viewport W:2104 H:1434
[2026.09.04-00.41.28:508][ 42]LogMetal: Display: Viewport Size Mismatch: Drawable W:3024.000000 H:1900.000000, Texture W:1900 H:1900, Viewport W:2104.000000 H:1434.000000, layer frame W:1512.000000, H:950.000000
[2026.09.04-00.41.28:508][ 42]LogMetal: Display: Viewport Size Mismatch: Drawable W:3024.000000 H:1900.000000, Viewport W:2104 H:1434
[2026.09.04-00.41.28:528][ 42]LogMetal: Display: Viewport Size Mismatch: Drawable W:3024.000000 H:1900.000000, Viewport W:2104 H:1434
[2026.09.04-00.41.28:528][ 42]LogMetal: Display: Viewport Size Mismatch: Drawable W:3024.000000 H:1900.000000, Texture W:1900 H:1900, Viewport W:2104.000000 H:1434.000000, layer frame W:1512.000000, H:950.000000
[2026.09.04-00.41.28:566][ 43]LogMotionWorldNetwork: Display: MotionWorld network action accepted: session=8D77D263F54B episode=7312 source_observation=27 desired_local_cm_per_sec=(100.000000, 0.000000) unreal_end_to_end_latency_ms=60.191084 current_identity_match=true before_deadline=true.
[2026.09.04-00.41.28:568][ 43]LogMetal: Display: Viewport Size Mismatch: Drawable W:3024.000000 H:1900.000000, Viewport W:2104 H:1434
[2026.09.04-00.41.28:568][ 43]LogMetal: Display: Viewport Size Mismatch: Drawable W:3024.000000 H:1900.000000, Texture W:1900 H:1900, Viewport W:2104.000000 H:1434.000000, layer frame W:1512.000000, H:950.000000
[2026.09.04-00.41.28:569][ 43]LogMetal: Display: Viewport Size Mismatch: Drawable W:3024.000000 H:1900.000000, Viewport W:2104 H:1434
[2026.09.04-00.41.28:569][ 43]LogMetal: Display: Viewport Size Mismatch: Drawable W:3024.000000 H:1900.000000, Viewport W:2104 H:1434
[2026.09.04-00.41.28:569][ 43]LogMetal: Display: Viewport Size Mismatch: Drawable W:3024.000000 H:1900.000000, Texture W:1900 H:1900, Viewport W:2104.000000 H:1434.000000, layer frame W:1512.000000, H:950.000000
[2026.09.04-00.41.28:613][ 44]LogMotionWorldNetwork: Display: MotionWorld network observation sent: session=8D77D263F54B episode=7312 observation=28 state_sequence=297 simulation_time_s=16.317000 facing_yaw_deg=0.000000 previous_action_present=true previous_action_source=27.
[2026.09.04-00.41.28:613][ 44]LogMotionWorldBridge: Display: MotionWorld command echo: revision=141 frame=character_local resolved=true facing_yaw_deg=0.00 finite=true requested_frame=(100.00, 0.00, 0.00) submitted_world=(100.00, 0.00, 0.00) echoed_world=(100.00, 0.00, 0.00) match=true
[2026.09.04-00.41.28:621][ 44]LogMetal: Display: Viewport Size Mismatch: Drawable W:3024.000000 H:1900.000000, Viewport W:2104 H:1434
[2026.09.04-00.41.28:621][ 44]LogMetal: Display: Viewport Size Mismatch: Drawable W:3024.000000 H:1900.000000, Texture W:1900 H:1900, Viewport W:2104.000000 H:1434.000000, layer frame W:1512.000000, H:950.000000
[2026.09.04-00.41.28:622][ 44]LogMetal: Display: Viewport Size Mismatch: Drawable W:3024.000000 H:1900.000000, Viewport W:2104 H:1434
[2026.09.04-00.41.28:628][ 44]LogMetal: Display: Viewport Size Mismatch: Drawable W:3024.000000 H:1900.000000, Viewport W:2104 H:1434
[2026.09.04-00.41.28:628][ 44]LogMetal: Display: Viewport Size Mismatch: Drawable W:3024.000000 H:1900.000000, Texture W:1900 H:1900, Viewport W:2104.000000 H:1434.000000, layer frame W:1512.000000, H:950.000000
[2026.09.04-00.41.28:671][ 45]LogMotionWorldNetwork: Display: MotionWorld network action accepted: session=8D77D263F54B episode=7312 source_observation=28 desired_local_cm_per_sec=(100.000000, 0.000000) unreal_end_to_end_latency_ms=57.924792 current_identity_match=true before_deadline=true.
[2026.09.04-00.41.28:677][ 45]LogMetal: Display: Viewport Size Mismatch: Drawable W:3024.000000 H:1900.000000, Viewport W:2104 H:1434
[2026.09.04-00.41.28:678][ 45]LogMetal: Display: Viewport Size Mismatch: Drawable W:3024.000000 H:1900.000000, Texture W:1900 H:1900, Viewport W:2104.000000 H:1434.000000, layer frame W:1512.000000, H:950.000000
[2026.09.04-00.41.28:678][ 45]LogMetal: Display: Viewport Size Mismatch: Drawable W:3024.000000 H:1900.000000, Viewport W:2104 H:1434
[2026.09.04-00.41.28:679][ 45]LogMetal: Display: Viewport Size Mismatch: Drawable W:3024.000000 H:1900.000000, Viewport W:2104 H:1434
[2026.09.04-00.41.28:679][ 45]LogMetal: Display: Viewport Size Mismatch: Drawable W:3024.000000 H:1900.000000, Texture W:1900 H:1900, Viewport W:2104.000000 H:1434.000000, layer frame W:1512.000000, H:950.000000
[2026.09.04-00.41.28:731][ 46]LogMetal: Display: Viewport Size Mismatch: Drawable W:3024.000000 H:1900.000000, Viewport W:2104 H:1434
[2026.09.04-00.41.28:731][ 46]LogMetal: Display: Viewport Size Mismatch: Drawable W:3024.000000 H:1900.000000, Texture W:1900 H:1900, Viewport W:2104.000000 H:1434.000000, layer frame W:1512.000000, H:950.000000
[2026.09.04-00.41.28:731][ 46]LogMotionWorldNetwork: Display: MotionWorld network observation sent: session=8D77D263F54B episode=7312 observation=29 state_sequence=299 simulation_time_s=16.428000 facing_yaw_deg=0.000000 previous_action_present=true previous_action_source=28.
[2026.09.04-00.41.28:731][ 46]LogMotionWorldBridge: Display: MotionWorld command echo: revision=142 frame=character_local resolved=true facing_yaw_deg=0.00 finite=true requested_frame=(100.00, 0.00, 0.00) submitted_world=(100.00, 0.00, 0.00) echoed_world=(100.00, 0.00, 0.00) match=true
[2026.09.04-00.41.28:732][ 46]LogMetal: Display: Viewport Size Mismatch: Drawable W:3024.000000 H:1900.000000, Viewport W:2104 H:1434
[2026.09.04-00.41.28:732][ 46]LogMetal: Display: Viewport Size Mismatch: Drawable W:3024.000000 H:1900.000000, Viewport W:2104 H:1434
[2026.09.04-00.41.28:732][ 46]LogMetal: Display: Viewport Size Mismatch: Drawable W:3024.000000 H:1900.000000, Texture W:1900 H:1900, Viewport W:2104.000000 H:1434.000000, layer frame W:1512.000000, H:950.000000
[2026.09.04-00.41.28:771][ 47]LogMotionWorldBridge: Display: MotionWorld state sample: protocol=1 sequence=300 valid=true mover_step_frame=301 sim_time_s=16.477000 step_s=0.049000 resim=false mode=Walking position_world_cm=(-523.15, 0.00, 88.27) velocity_world_cm_per_sec=(100.00, 0.00, 0.00) velocity_local_planar_cm_per_sec=(100.00, 0.00, 0.00) facing_yaw_deg=0.00 facing_unit_world=(1.000000, 0.000000) angular_velocity_world_deg_per_sec=(0.00, 0.00, 0.00)
[2026.09.04-00.41.28:772][ 47]LogMotionWorldNetwork: Display: MotionWorld network action accepted: session=8D77D263F54B episode=7312 source_observation=29 desired_local_cm_per_sec=(100.000000, 0.000000) unreal_end_to_end_latency_ms=41.187748 current_identity_match=true before_deadline=true.
[2026.09.04-00.41.28:779][ 47]LogMetal: Display: Viewport Size Mismatch: Drawable W:3024.000000 H:1900.000000, Viewport W:2104 H:1434
[2026.09.04-00.41.28:779][ 47]LogMetal: Display: Viewport Size Mismatch: Drawable W:3024.000000 H:1900.000000, Texture W:1900 H:1900, Viewport W:2104.000000 H:1434.000000, layer frame W:1512.000000, H:950.000000
[2026.09.04-00.41.28:779][ 47]LogMetal: Display: Viewport Size Mismatch: Drawable W:3024.000000 H:1900.000000, Viewport W:2104 H:1434
[2026.09.04-00.41.28:780][ 47]LogMetal: Display: Viewport Size Mismatch: Drawable W:3024.000000 H:1900.000000, Viewport W:2104 H:1434
[2026.09.04-00.41.28:780][ 47]LogMetal: Display: Viewport Size Mismatch: Drawable W:3024.000000 H:1900.000000, Texture W:1900 H:1900, Viewport W:2104.000000 H:1434.000000, layer frame W:1512.000000, H:950.000000
[2026.09.04-00.41.28:836][ 47]LogMetal: Display: Viewport Size Mismatch: Drawable W:3024.000000 H:1900.000000, Viewport W:2104 H:1434
[2026.09.04-00.41.28:836][ 47]LogMetal: Display: Viewport Size Mismatch: Drawable W:3024.000000 H:1900.000000, Texture W:1900 H:1900, Viewport W:2104.000000 H:1434.000000, layer frame W:1512.000000, H:950.000000
[2026.09.04-00.41.28:837][ 47]LogMetal: Display: Viewport Size Mismatch: Drawable W:3024.000000 H:1900.000000, Viewport W:2104 H:1434
[2026.09.04-00.41.28:837][ 47]LogMetal: Display: Viewport Size Mismatch: Drawable W:3024.000000 H:1900.000000, Viewport W:2104 H:1434
[2026.09.04-00.41.28:837][ 47]LogMetal: Display: Viewport Size Mismatch: Drawable W:3024.000000 H:1900.000000, Texture W:1900 H:1900, Viewport W:2104.000000 H:1434.000000, layer frame W:1512.000000, H:950.000000
[2026.09.04-00.41.28:842][ 48]LogMotionWorldNetwork: Display: MotionWorld network observation sent: session=8D77D263F54B episode=7312 observation=30 state_sequence=301 simulation_time_s=16.549000 facing_yaw_deg=0.000000 previous_action_present=true previous_action_source=29.
[2026.09.04-00.41.28:842][ 48]LogMotionWorldBridge: Display: MotionWorld command echo: revision=143 frame=character_local resolved=true facing_yaw_deg=0.00 finite=true requested_frame=(100.00, 0.00, 0.00) submitted_world=(100.00, 0.00, 0.00) echoed_world=(100.00, 0.00, 0.00) match=true
[2026.09.04-00.41.28:882][ 49]LogMotionWorldNetwork: Display: MotionWorld network action accepted: session=8D77D263F54B episode=7312 source_observation=30 desired_local_cm_per_sec=(100.000000, 0.000000) unreal_end_to_end_latency_ms=39.705958 current_identity_match=true before_deadline=true.
[2026.09.04-00.41.28:889][ 49]LogMetal: Display: Viewport Size Mismatch: Drawable W:3024.000000 H:1900.000000, Viewport W:2104 H:1434
[2026.09.04-00.41.28:889][ 49]LogMetal: Display: Viewport Size Mismatch: Drawable W:3024.000000 H:1900.000000, Texture W:1900 H:1900, Viewport W:2104.000000 H:1434.000000, layer frame W:1512.000000, H:950.000000
[2026.09.04-00.41.28:889][ 49]LogMetal: Display: Viewport Size Mismatch: Drawable W:3024.000000 H:1900.000000, Viewport W:2104 H:1434
[2026.09.04-00.41.28:894][ 49]LogMetal: Display: Viewport Size Mismatch: Drawable W:3024.000000 H:1900.000000, Viewport W:2104 H:1434
[2026.09.04-00.41.28:895][ 49]LogMetal: Display: Viewport Size Mismatch: Drawable W:3024.000000 H:1900.000000, Texture W:1900 H:1900, Viewport W:2104.000000 H:1434.000000, layer frame W:1512.000000, H:950.000000
[2026.09.04-00.41.28:936][ 50]LogMotionWorldNetwork: Display: MotionWorld network observation sent: session=8D77D263F54B episode=7312 observation=31 state_sequence=303 simulation_time_s=16.639000 facing_yaw_deg=0.000000 previous_action_present=true previous_action_source=30.
[2026.09.04-00.41.28:936][ 50]LogMotionWorldBridge: Display: MotionWorld command echo: revision=144 frame=character_local resolved=true facing_yaw_deg=0.00 finite=true requested_frame=(100.00, 0.00, 0.00) submitted_world=(100.00, 0.00, 0.00) echoed_world=(100.00, 0.00, 0.00) match=true
[2026.09.04-00.41.28:937][ 50]LogMetal: Display: Viewport Size Mismatch: Drawable W:3024.000000 H:1900.000000, Viewport W:2104 H:1434
[2026.09.04-00.41.28:937][ 50]LogMetal: Display: Viewport Size Mismatch: Drawable W:3024.000000 H:1900.000000, Texture W:1900 H:1900, Viewport W:2104.000000 H:1434.000000, layer frame W:1512.000000, H:950.000000
[2026.09.04-00.41.28:938][ 50]LogMetal: Display: Viewport Size Mismatch: Drawable W:3024.000000 H:1900.000000, Viewport W:2104 H:1434
[2026.09.04-00.41.28:938][ 50]LogMetal: Display: Viewport Size Mismatch: Drawable W:3024.000000 H:1900.000000, Viewport W:2104 H:1434
[2026.09.04-00.41.28:938][ 50]LogMetal: Display: Viewport Size Mismatch: Drawable W:3024.000000 H:1900.000000, Texture W:1900 H:1900, Viewport W:2104.000000 H:1434.000000, layer frame W:1512.000000, H:950.000000
[2026.09.04-00.41.28:973][ 51]LogMotionWorldBridge: Display: MotionWorld transition recorded: episode=7312 transition_sequence=59 previous_state_sequence=303 next_state_sequence=304 delta_s=0.039000 action_world_cm_per_sec=(100.00, 0.00, 0.00) action_local_cm_per_sec=(100.00, 0.00, 0.00) automated=true recorded=60 rejected=0.
[2026.09.04-00.41.28:974][ 51]LogMotionWorldNetwork: Display: MotionWorld network action accepted: session=8D77D263F54B episode=7312 source_observation=31 desired_local_cm_per_sec=(100.000000, 0.000000) unreal_end_to_end_latency_ms=37.782248 current_identity_match=true before_deadline=true.
[2026.09.04-00.41.28:980][ 51]LogMetal: Display: Viewport Size Mismatch: Drawable W:3024.000000 H:1900.000000, Viewport W:2104 H:1434
[2026.09.04-00.41.28:980][ 51]LogMetal: Display: Viewport Size Mismatch: Drawable W:3024.000000 H:1900.000000, Texture W:1900 H:1900, Viewport W:2104.000000 H:1434.000000, layer frame W:1512.000000, H:950.000000
[2026.09.04-00.41.28:983][ 51]LogMetal: Display: Viewport Size Mismatch: Drawable W:3024.000000 H:1900.000000, Viewport W:2104 H:1434
[2026.09.04-00.41.28:996][ 51]LogMetal: Display: Viewport Size Mismatch: Drawable W:3024.000000 H:1900.000000, Viewport W:2104 H:1434
[2026.09.04-00.41.28:996][ 51]LogMetal: Display: Viewport Size Mismatch: Drawable W:3024.000000 H:1900.000000, Texture W:1900 H:1900, Viewport W:2104.000000 H:1434.000000, layer frame W:1512.000000, H:950.000000
[2026.09.04-00.41.29:033][ 52]LogMotionWorldNetwork: Display: MotionWorld network observation sent: session=8D77D263F54B episode=7312 observation=32 state_sequence=305 simulation_time_s=16.737000 facing_yaw_deg=0.000000 previous_action_present=true previous_action_source=31.
[2026.09.04-00.41.29:033][ 52]LogMotionWorldBridge: Display: MotionWorld command echo: revision=145 frame=character_local resolved=true facing_yaw_deg=0.00 finite=true requested_frame=(100.00, 0.00, 0.00) submitted_world=(100.00, 0.00, 0.00) echoed_world=(100.00, 0.00, 0.00) match=true
[2026.09.04-00.41.29:039][ 52]LogMetal: Display: Viewport Size Mismatch: Drawable W:3024.000000 H:1900.000000, Viewport W:2104 H:1434
[2026.09.04-00.41.29:039][ 52]LogMetal: Display: Viewport Size Mismatch: Drawable W:3024.000000 H:1900.000000, Texture W:1900 H:1900, Viewport W:2104.000000 H:1434.000000, layer frame W:1512.000000, H:950.000000
[2026.09.04-00.41.29:040][ 52]LogMetal: Display: Viewport Size Mismatch: Drawable W:3024.000000 H:1900.000000, Viewport W:2104 H:1434
[2026.09.04-00.41.29:061][ 52]LogMetal: Display: Viewport Size Mismatch: Drawable W:3024.000000 H:1900.000000, Viewport W:2104 H:1434
[2026.09.04-00.41.29:061][ 52]LogMetal: Display: Viewport Size Mismatch: Drawable W:3024.000000 H:1900.000000, Texture W:1900 H:1900, Viewport W:2104.000000 H:1434.000000, layer frame W:1512.000000, H:950.000000
[2026.09.04-00.41.29:087][ 53]LogMotionWorldNetwork: Display: MotionWorld network action accepted: session=8D77D263F54B episode=7312 source_observation=32 desired_local_cm_per_sec=(100.000000, 0.000000) unreal_end_to_end_latency_ms=54.819833 current_identity_match=true before_deadline=true.
[2026.09.04-00.41.29:096][ 53]LogMetal: Display: Viewport Size Mismatch: Drawable W:3024.000000 H:1900.000000, Viewport W:2104 H:1434
[2026.09.04-00.41.29:096][ 53]LogMetal: Display: Viewport Size Mismatch: Drawable W:3024.000000 H:1900.000000, Texture W:1900 H:1900, Viewport W:2104.000000 H:1434.000000, layer frame W:1512.000000, H:950.000000
[2026.09.04-00.41.29:097][ 53]LogMetal: Display: Viewport Size Mismatch: Drawable W:3024.000000 H:1900.000000, Viewport W:2104 H:1434
[2026.09.04-00.41.29:097][ 53]LogMetal: Display: Viewport Size Mismatch: Drawable W:3024.000000 H:1900.000000, Viewport W:2104 H:1434
[2026.09.04-00.41.29:097][ 53]LogMetal: Display: Viewport Size Mismatch: Drawable W:3024.000000 H:1900.000000, Texture W:1900 H:1900, Viewport W:2104.000000 H:1434.000000, layer frame W:1512.000000, H:950.000000
[2026.09.04-00.41.29:144][ 54]LogMotionWorldNetwork: Display: MotionWorld network observation sent: session=8D77D263F54B episode=7312 observation=33 state_sequence=307 simulation_time_s=16.844000 facing_yaw_deg=0.000000 previous_action_present=true previous_action_source=32.
[2026.09.04-00.41.29:144][ 54]LogMotionWorldBridge: Display: MotionWorld command echo: revision=146 frame=character_local resolved=true facing_yaw_deg=0.00 finite=true requested_frame=(100.00, 0.00, 0.00) submitted_world=(100.00, 0.00, 0.00) echoed_world=(100.00, 0.00, 0.00) match=true
[2026.09.04-00.41.29:150][ 54]LogMetal: Display: Viewport Size Mismatch: Drawable W:3024.000000 H:1900.000000, Viewport W:2104 H:1434
[2026.09.04-00.41.29:150][ 54]LogMetal: Display: Viewport Size Mismatch: Drawable W:3024.000000 H:1900.000000, Texture W:1900 H:1900, Viewport W:2104.000000 H:1434.000000, layer frame W:1512.000000, H:950.000000
[2026.09.04-00.41.29:152][ 54]LogMetal: Display: Viewport Size Mismatch: Drawable W:3024.000000 H:1900.000000, Viewport W:2104 H:1434
[2026.09.04-00.41.29:153][ 54]LogMetal: Display: Viewport Size Mismatch: Drawable W:3024.000000 H:1900.000000, Viewport W:2104 H:1434
[2026.09.04-00.41.29:153][ 54]LogMetal: Display: Viewport Size Mismatch: Drawable W:3024.000000 H:1900.000000, Texture W:1900 H:1900, Viewport W:2104.000000 H:1434.000000, layer frame W:1512.000000, H:950.000000
[2026.09.04-00.41.29:177][ 55]LogMotionWorldNetwork: Display: MotionWorld network action accepted: session=8D77D263F54B episode=7312 source_observation=33 desired_local_cm_per_sec=(100.000000, 0.000000) unreal_end_to_end_latency_ms=32.465126 current_identity_match=true before_deadline=true.
[2026.09.04-00.41.29:184][ 55]LogMetal: Display: Viewport Size Mismatch: Drawable W:3024.000000 H:1900.000000, Viewport W:2104 H:1434
[2026.09.04-00.41.29:184][ 55]LogMetal: Display: Viewport Size Mismatch: Drawable W:3024.000000 H:1900.000000, Texture W:1900 H:1900, Viewport W:2104.000000 H:1434.000000, layer frame W:1512.000000, H:950.000000
[2026.09.04-00.41.29:187][ 55]LogMetal: Display: Viewport Size Mismatch: Drawable W:3024.000000 H:1900.000000, Viewport W:2104 H:1434
[2026.09.04-00.41.29:194][ 55]LogMetal: Display: Viewport Size Mismatch: Drawable W:3024.000000 H:1900.000000, Viewport W:2104 H:1434
[2026.09.04-00.41.29:194][ 55]LogMetal: Display: Viewport Size Mismatch: Drawable W:3024.000000 H:1900.000000, Texture W:1900 H:1900, Viewport W:2104.000000 H:1434.000000, layer frame W:1512.000000, H:950.000000
[2026.09.04-00.41.29:231][ 56]LogMotionWorldNetwork: Display: MotionWorld network observation sent: session=8D77D263F54B episode=7312 observation=34 state_sequence=309 simulation_time_s=16.934000 facing_yaw_deg=0.000000 previous_action_present=true previous_action_source=33.
[2026.09.04-00.41.29:231][ 56]LogMotionWorldBridge: Display: MotionWorld command echo: revision=147 frame=character_local resolved=true facing_yaw_deg=0.00 finite=true requested_frame=(100.00, 0.00, 0.00) submitted_world=(100.00, 0.00, 0.00) echoed_world=(100.00, 0.00, 0.00) match=true
[2026.09.04-00.41.29:235][ 56]LogMetal: Display: Viewport Size Mismatch: Drawable W:3024.000000 H:1900.000000, Viewport W:2104 H:1434
[2026.09.04-00.41.29:235][ 56]LogMetal: Display: Viewport Size Mismatch: Drawable W:3024.000000 H:1900.000000, Texture W:1900 H:1900, Viewport W:2104.000000 H:1434.000000, layer frame W:1512.000000, H:950.000000
[2026.09.04-00.41.29:236][ 56]LogMetal: Display: Viewport Size Mismatch: Drawable W:3024.000000 H:1900.000000, Viewport W:2104 H:1434
[2026.09.04-00.41.29:236][ 56]LogMetal: Display: Viewport Size Mismatch: Drawable W:3024.000000 H:1900.000000, Viewport W:2104 H:1434
[2026.09.04-00.41.29:236][ 56]LogMetal: Display: Viewport Size Mismatch: Drawable W:3024.000000 H:1900.000000, Texture W:1900 H:1900, Viewport W:2104.000000 H:1434.000000, layer frame W:1512.000000, H:950.000000
[2026.09.04-00.41.29:295][ 57]LogMotionWorldNetwork: Display: MotionWorld network action accepted: session=8D77D263F54B episode=7312 source_observation=34 desired_local_cm_per_sec=(100.000000, 0.000000) unreal_end_to_end_latency_ms=63.785292 current_identity_match=true before_deadline=true.
[2026.09.04-00.41.29:303][ 57]LogMetal: Display: Viewport Size Mismatch: Drawable W:3024.000000 H:1900.000000, Viewport W:2104 H:1434
[2026.09.04-00.41.29:303][ 57]LogMetal: Display: Viewport Size Mismatch: Drawable W:3024.000000 H:1900.000000, Texture W:1900 H:1900, Viewport W:2104.000000 H:1434.000000, layer frame W:1512.000000, H:950.000000
[2026.09.04-00.41.29:304][ 57]LogMetal: Display: Viewport Size Mismatch: Drawable W:3024.000000 H:1900.000000, Viewport W:2104 H:1434
[2026.09.04-00.41.29:304][ 57]LogMetal: Display: Viewport Size Mismatch: Drawable W:3024.000000 H:1900.000000, Viewport W:2104 H:1434
[2026.09.04-00.41.29:304][ 57]LogMetal: Display: Viewport Size Mismatch: Drawable W:3024.000000 H:1900.000000, Texture W:1900 H:1900, Viewport W:2104.000000 H:1434.000000, layer frame W:1512.000000, H:950.000000
[2026.09.04-00.41.29:345][ 58]LogMotionWorldNetwork: Display: MotionWorld network observation sent: session=8D77D263F54B episode=7312 observation=35 state_sequence=311 simulation_time_s=17.051000 facing_yaw_deg=0.000000 previous_action_present=true previous_action_source=34.
[2026.09.04-00.41.29:345][ 58]LogMotionWorldBridge: Display: MotionWorld command echo: revision=148 frame=character_local resolved=true facing_yaw_deg=0.00 finite=true requested_frame=(100.00, 0.00, 0.00) submitted_world=(100.00, 0.00, 0.00) echoed_world=(100.00, 0.00, 0.00) match=true
[2026.09.04-00.41.29:354][ 58]LogMetal: Display: Viewport Size Mismatch: Drawable W:3024.000000 H:1900.000000, Viewport W:2104 H:1434
[2026.09.04-00.41.29:354][ 58]LogMetal: Display: Viewport Size Mismatch: Drawable W:3024.000000 H:1900.000000, Texture W:1900 H:1900, Viewport W:2104.000000 H:1434.000000, layer frame W:1512.000000, H:950.000000
[2026.09.04-00.41.29:355][ 58]LogMetal: Display: Viewport Size Mismatch: Drawable W:3024.000000 H:1900.000000, Viewport W:2104 H:1434
[2026.09.04-00.41.29:355][ 58]LogMetal: Display: Viewport Size Mismatch: Drawable W:3024.000000 H:1900.000000, Viewport W:2104 H:1434
[2026.09.04-00.41.29:355][ 58]LogMetal: Display: Viewport Size Mismatch: Drawable W:3024.000000 H:1900.000000, Texture W:1900 H:1900, Viewport W:2104.000000 H:1434.000000, layer frame W:1512.000000, H:950.000000
[2026.09.04-00.41.29:409][ 59]LogMotionWorldNetwork: Display: MotionWorld network observation sent: session=8D77D263F54B episode=7312 observation=36 state_sequence=312 simulation_time_s=17.112000 facing_yaw_deg=0.000000 previous_action_present=true previous_action_source=34.
[2026.09.04-00.41.29:409][ 59]LogMotionWorldBridge: Display: MotionWorld command echo: revision=149 frame=character_local resolved=true facing_yaw_deg=0.00 finite=true requested_frame=(100.00, 0.00, 0.00) submitted_world=(100.00, 0.00, 0.00) echoed_world=(100.00, 0.00, 0.00) match=true
[2026.09.04-00.41.29:412][ 59]LogMetal: Display: Viewport Size Mismatch: Drawable W:3024.000000 H:1900.000000, Viewport W:2104 H:1434
[2026.09.04-00.41.29:412][ 59]LogMetal: Display: Viewport Size Mismatch: Drawable W:3024.000000 H:1900.000000, Texture W:1900 H:1900, Viewport W:2104.000000 H:1434.000000, layer frame W:1512.000000, H:950.000000
[2026.09.04-00.41.29:413][ 59]LogMetal: Display: Viewport Size Mismatch: Drawable W:3024.000000 H:1900.000000, Viewport W:2104 H:1434
[2026.09.04-00.41.29:413][ 59]LogMetal: Display: Viewport Size Mismatch: Drawable W:3024.000000 H:1900.000000, Viewport W:2104 H:1434
[2026.09.04-00.41.29:413][ 59]LogMetal: Display: Viewport Size Mismatch: Drawable W:3024.000000 H:1900.000000, Texture W:1900 H:1900, Viewport W:2104.000000 H:1434.000000, layer frame W:1512.000000, H:950.000000
[2026.09.04-00.41.29:431][ 60]LogMetal: Display: Viewport Size Mismatch: Drawable W:3024.000000 H:1900.000000, Viewport W:2104 H:1434
[2026.09.04-00.41.29:431][ 60]LogMetal: Display: Viewport Size Mismatch: Drawable W:3024.000000 H:1900.000000, Texture W:1900 H:1900, Viewport W:2104.000000 H:1434.000000, layer frame W:1512.000000, H:950.000000
[2026.09.04-00.41.29:432][ 60]LogMetal: Display: Viewport Size Mismatch: Drawable W:3024.000000 H:1900.000000, Viewport W:2104 H:1434
[2026.09.04-00.41.29:432][ 60]LogMetal: Display: Viewport Size Mismatch: Drawable W:3024.000000 H:1900.000000, Viewport W:2104 H:1434
[2026.09.04-00.41.29:432][ 60]LogMetal: Display: Viewport Size Mismatch: Drawable W:3024.000000 H:1900.000000, Texture W:1900 H:1900, Viewport W:2104.000000 H:1434.000000, layer frame W:1512.000000, H:950.000000
[2026.09.04-00.41.29:432][ 60]LogMotionWorldNetwork: Display: MotionWorld network action accepted: session=8D77D263F54B episode=7312 source_observation=36 desired_local_cm_per_sec=(100.000000, 0.000000) unreal_end_to_end_latency_ms=23.194417 current_identity_match=true before_deadline=true.
[2026.09.04-00.41.29:498][ 61]LogMotionWorldNetwork: Display: MotionWorld network observation sent: session=8D77D263F54B episode=7312 observation=37 state_sequence=314 simulation_time_s=17.204000 facing_yaw_deg=0.000000 previous_action_present=true previous_action_source=36.
[2026.09.04-00.41.29:498][ 61]LogMotionWorldBridge: Display: MotionWorld command echo: revision=150 frame=character_local resolved=true facing_yaw_deg=0.00 finite=true requested_frame=(100.00, 0.00, 0.00) submitted_world=(100.00, 0.00, 0.00) echoed_world=(100.00, 0.00, 0.00) match=true
[2026.09.04-00.41.29:501][ 61]LogMetal: Display: Viewport Size Mismatch: Drawable W:3024.000000 H:1900.000000, Viewport W:2104 H:1434
[2026.09.04-00.41.29:501][ 61]LogMetal: Display: Viewport Size Mismatch: Drawable W:3024.000000 H:1900.000000, Texture W:1900 H:1900, Viewport W:2104.000000 H:1434.000000, layer frame W:1512.000000, H:950.000000
[2026.09.04-00.41.29:502][ 61]LogMetal: Display: Viewport Size Mismatch: Drawable W:3024.000000 H:1900.000000, Viewport W:2104 H:1434
[2026.09.04-00.41.29:502][ 61]LogMetal: Display: Viewport Size Mismatch: Drawable W:3024.000000 H:1900.000000, Viewport W:2104 H:1434
[2026.09.04-00.41.29:502][ 61]LogMetal: Display: Viewport Size Mismatch: Drawable W:3024.000000 H:1900.000000, Texture W:1900 H:1900, Viewport W:2104.000000 H:1434.000000, layer frame W:1512.000000, H:950.000000
[2026.09.04-00.41.29:538][ 62]LogMotionWorldNetwork: Display: MotionWorld network action accepted: session=8D77D263F54B episode=7312 source_observation=37 desired_local_cm_per_sec=(100.000000, 0.000000) unreal_end_to_end_latency_ms=40.230665 current_identity_match=true before_deadline=true.
[2026.09.04-00.41.29:542][ 62]LogMetal: Display: Viewport Size Mismatch: Drawable W:3024.000000 H:1900.000000, Viewport W:2104 H:1434
[2026.09.04-00.41.29:542][ 62]LogMetal: Display: Viewport Size Mismatch: Drawable W:3024.000000 H:1900.000000, Texture W:1900 H:1900, Viewport W:2104.000000 H:1434.000000, layer frame W:1512.000000, H:950.000000
[2026.09.04-00.41.29:543][ 62]LogMetal: Display: Viewport Size Mismatch: Drawable W:3024.000000 H:1900.000000, Viewport W:2104 H:1434
[2026.09.04-00.41.29:543][ 62]LogMetal: Display: Viewport Size Mismatch: Drawable W:3024.000000 H:1900.000000, Viewport W:2104 H:1434
[2026.09.04-00.41.29:543][ 62]LogMetal: Display: Viewport Size Mismatch: Drawable W:3024.000000 H:1900.000000, Texture W:1900 H:1900, Viewport W:2104.000000 H:1434.000000, layer frame W:1512.000000, H:950.000000
[2026.09.04-00.41.29:602][ 63]LogMotionWorldNetwork: Display: MotionWorld network observation sent: session=8D77D263F54B episode=7312 observation=38 state_sequence=316 simulation_time_s=17.305000 facing_yaw_deg=0.000000 previous_action_present=true previous_action_source=37.
[2026.09.04-00.41.29:602][ 63]LogMotionWorldBridge: Display: MotionWorld command echo: revision=151 frame=character_local resolved=true facing_yaw_deg=0.00 finite=true requested_frame=(100.00, 0.00, 0.00) submitted_world=(100.00, 0.00, 0.00) echoed_world=(100.00, 0.00, 0.00) match=true
[2026.09.04-00.41.29:605][ 63]LogMetal: Display: Viewport Size Mismatch: Drawable W:3024.000000 H:1900.000000, Viewport W:2104 H:1434
[2026.09.04-00.41.29:605][ 63]LogMetal: Display: Viewport Size Mismatch: Drawable W:3024.000000 H:1900.000000, Texture W:1900 H:1900, Viewport W:2104.000000 H:1434.000000, layer frame W:1512.000000, H:950.000000
[2026.09.04-00.41.29:605][ 63]LogMetal: Display: Viewport Size Mismatch: Drawable W:3024.000000 H:1900.000000, Viewport W:2104 H:1434
[2026.09.04-00.41.29:605][ 63]LogMetal: Display: Viewport Size Mismatch: Drawable W:3024.000000 H:1900.000000, Viewport W:2104 H:1434
[2026.09.04-00.41.29:605][ 63]LogMetal: Display: Viewport Size Mismatch: Drawable W:3024.000000 H:1900.000000, Texture W:1900 H:1900, Viewport W:2104.000000 H:1434.000000, layer frame W:1512.000000, H:950.000000
[2026.09.04-00.41.29:648][ 64]LogMotionWorldNetwork: Display: MotionWorld network action accepted: session=8D77D263F54B episode=7312 source_observation=38 desired_local_cm_per_sec=(100.000000, 0.000000) unreal_end_to_end_latency_ms=46.367958 current_identity_match=true before_deadline=true.
[2026.09.04-00.41.29:649][ 64]LogMetal: Display: Viewport Size Mismatch: Drawable W:3024.000000 H:1900.000000, Viewport W:2104 H:1434
[2026.09.04-00.41.29:649][ 64]LogMetal: Display: Viewport Size Mismatch: Drawable W:3024.000000 H:1900.000000, Texture W:1900 H:1900, Viewport W:2104.000000 H:1434.000000, layer frame W:1512.000000, H:950.000000
[2026.09.04-00.41.29:650][ 64]LogMetal: Display: Viewport Size Mismatch: Drawable W:3024.000000 H:1900.000000, Viewport W:2104 H:1434
[2026.09.04-00.41.29:661][ 64]LogMetal: Display: Viewport Size Mismatch: Drawable W:3024.000000 H:1900.000000, Viewport W:2104 H:1434
[2026.09.04-00.41.29:661][ 64]LogMetal: Display: Viewport Size Mismatch: Drawable W:3024.000000 H:1900.000000, Texture W:1900 H:1900, Viewport W:2104.000000 H:1434.000000, layer frame W:1512.000000, H:950.000000
[2026.09.04-00.41.29:685][ 65]LogMotionWorldBridge: Display: MotionWorld command echo: revision=152 frame=character_local resolved=true facing_yaw_deg=0.00 finite=true requested_frame=(100.00, 0.00, 0.00) submitted_world=(100.00, 0.00, 0.00) echoed_world=(100.00, 0.00, 0.00) match=true
[2026.09.04-00.41.29:690][ 65]LogMetal: Display: Viewport Size Mismatch: Drawable W:3024.000000 H:1900.000000, Viewport W:2104 H:1434
[2026.09.04-00.41.29:690][ 65]LogMetal: Display: Viewport Size Mismatch: Drawable W:3024.000000 H:1900.000000, Texture W:1900 H:1900, Viewport W:2104.000000 H:1434.000000, layer frame W:1512.000000, H:950.000000
[2026.09.04-00.41.29:691][ 65]LogMetal: Display: Viewport Size Mismatch: Drawable W:3024.000000 H:1900.000000, Viewport W:2104 H:1434
[2026.09.04-00.41.29:694][ 65]LogMetal: Display: Viewport Size Mismatch: Drawable W:3024.000000 H:1900.000000, Viewport W:2104 H:1434
[2026.09.04-00.41.29:694][ 65]LogMetal: Display: Viewport Size Mismatch: Drawable W:3024.000000 H:1900.000000, Texture W:1900 H:1900, Viewport W:2104.000000 H:1434.000000, layer frame W:1512.000000, H:950.000000
[2026.09.04-00.41.29:742][ 66]LogMetal: Display: Viewport Size Mismatch: Drawable W:3024.000000 H:1900.000000, Viewport W:2104 H:1434
[2026.09.04-00.41.29:742][ 66]LogMetal: Display: Viewport Size Mismatch: Drawable W:3024.000000 H:1900.000000, Texture W:1900 H:1900, Viewport W:2104.000000 H:1434.000000, layer frame W:1512.000000, H:950.000000
[2026.09.04-00.41.29:742][ 66]LogMetal: Display: Viewport Size Mismatch: Drawable W:3024.000000 H:1900.000000, Viewport W:2104 H:1434
[2026.09.04-00.41.29:744][ 66]LogMotionWorldNetwork: Display: MotionWorld network observation sent: session=8D77D263F54B episode=7312 observation=39 state_sequence=319 simulation_time_s=17.445000 facing_yaw_deg=0.000000 previous_action_present=true previous_action_source=38.
[2026.09.04-00.41.29:761][ 66]LogMetal: Display: Viewport Size Mismatch: Drawable W:3024.000000 H:1900.000000, Viewport W:2104 H:1434
[2026.09.04-00.41.29:761][ 66]LogMetal: Display: Viewport Size Mismatch: Drawable W:3024.000000 H:1900.000000, Texture W:1900 H:1900, Viewport W:2104.000000 H:1434.000000, layer frame W:1512.000000, H:950.000000
[2026.09.04-00.41.29:790][ 67]LogMotionWorldNetwork: Display: MotionWorld network action accepted: session=8D77D263F54B episode=7312 source_observation=39 desired_local_cm_per_sec=(100.000000, 0.000000) unreal_end_to_end_latency_ms=46.489917 current_identity_match=true before_deadline=true.
[2026.09.04-00.41.29:791][ 67]LogMetal: Display: Viewport Size Mismatch: Drawable W:3024.000000 H:1900.000000, Viewport W:2104 H:1434
[2026.09.04-00.41.29:791][ 67]LogMetal: Display: Viewport Size Mismatch: Drawable W:3024.000000 H:1900.000000, Texture W:1900 H:1900, Viewport W:2104.000000 H:1434.000000, layer frame W:1512.000000, H:950.000000
[2026.09.04-00.41.29:792][ 67]LogMetal: Display: Viewport Size Mismatch: Drawable W:3024.000000 H:1900.000000, Viewport W:2104 H:1434
[2026.09.04-00.41.29:792][ 67]LogMetal: Display: Viewport Size Mismatch: Drawable W:3024.000000 H:1900.000000, Viewport W:2104 H:1434
[2026.09.04-00.41.29:792][ 67]LogMetal: Display: Viewport Size Mismatch: Drawable W:3024.000000 H:1900.000000, Texture W:1900 H:1900, Viewport W:2104.000000 H:1434.000000, layer frame W:1512.000000, H:950.000000
[2026.09.04-00.41.29:833][ 68]LogMotionWorldNetwork: Display: MotionWorld network observation sent: session=8D77D263F54B episode=7312 observation=40 state_sequence=321 simulation_time_s=17.537000 facing_yaw_deg=0.000000 previous_action_present=true previous_action_source=39.
[2026.09.04-00.41.29:834][ 68]LogMotionWorldBridge: Display: MotionWorld command echo: revision=153 frame=character_local resolved=true facing_yaw_deg=0.00 finite=true requested_frame=(100.00, 0.00, 0.00) submitted_world=(100.00, 0.00, 0.00) echoed_world=(100.00, 0.00, 0.00) match=true
[2026.09.04-00.41.29:835][ 68]LogMetal: Display: Viewport Size Mismatch: Drawable W:3024.000000 H:1900.000000, Viewport W:2104 H:1434
[2026.09.04-00.41.29:835][ 68]LogMetal: Display: Viewport Size Mismatch: Drawable W:3024.000000 H:1900.000000, Texture W:1900 H:1900, Viewport W:2104.000000 H:1434.000000, layer frame W:1512.000000, H:950.000000
[2026.09.04-00.41.29:836][ 68]LogMetal: Display: Viewport Size Mismatch: Drawable W:3024.000000 H:1900.000000, Viewport W:2104 H:1434
[2026.09.04-00.41.29:836][ 68]LogMetal: Display: Viewport Size Mismatch: Drawable W:3024.000000 H:1900.000000, Viewport W:2104 H:1434
[2026.09.04-00.41.29:836][ 68]LogMetal: Display: Viewport Size Mismatch: Drawable W:3024.000000 H:1900.000000, Texture W:1900 H:1900, Viewport W:2104.000000 H:1434.000000, layer frame W:1512.000000, H:950.000000
[2026.09.04-00.41.29:903][ 69]LogMotionWorldNetwork: Display: MotionWorld network observation sent: session=8D77D263F54B episode=7312 observation=41 state_sequence=322 simulation_time_s=17.603000 facing_yaw_deg=0.000000 previous_action_present=true previous_action_source=39.
[2026.09.04-00.41.29:903][ 69]LogMotionWorldBridge: Display: MotionWorld command echo: revision=154 frame=character_local resolved=true facing_yaw_deg=0.00 finite=true requested_frame=(100.00, 0.00, 0.00) submitted_world=(100.00, 0.00, 0.00) echoed_world=(100.00, 0.00, 0.00) match=true
[2026.09.04-00.41.29:904][ 69]LogMetal: Display: Viewport Size Mismatch: Drawable W:3024.000000 H:1900.000000, Viewport W:2104 H:1434
[2026.09.04-00.41.29:904][ 69]LogMetal: Display: Viewport Size Mismatch: Drawable W:3024.000000 H:1900.000000, Texture W:1900 H:1900, Viewport W:2104.000000 H:1434.000000, layer frame W:1512.000000, H:950.000000
[2026.09.04-00.41.29:905][ 69]LogMetal: Display: Viewport Size Mismatch: Drawable W:3024.000000 H:1900.000000, Viewport W:2104 H:1434
[2026.09.04-00.41.29:905][ 69]LogMetal: Display: Viewport Size Mismatch: Drawable W:3024.000000 H:1900.000000, Viewport W:2104 H:1434
[2026.09.04-00.41.29:905][ 69]LogMetal: Display: Viewport Size Mismatch: Drawable W:3024.000000 H:1900.000000, Texture W:1900 H:1900, Viewport W:2104.000000 H:1434.000000, layer frame W:1512.000000, H:950.000000
[2026.09.04-00.41.29:942][ 70]LogMetal: Display: Viewport Size Mismatch: Drawable W:3024.000000 H:1900.000000, Viewport W:2104 H:1434
[2026.09.04-00.41.29:942][ 70]LogMetal: Display: Viewport Size Mismatch: Drawable W:3024.000000 H:1900.000000, Texture W:1900 H:1900, Viewport W:2104.000000 H:1434.000000, layer frame W:1512.000000, H:950.000000
[2026.09.04-00.41.29:942][ 70]LogMotionWorldNetwork: Display: MotionWorld network action accepted: session=8D77D263F54B episode=7312 source_observation=41 desired_local_cm_per_sec=(100.000000, 0.000000) unreal_end_to_end_latency_ms=39.070543 current_identity_match=true before_deadline=true.
[2026.09.04-00.41.29:943][ 70]LogMetal: Display: Viewport Size Mismatch: Drawable W:3024.000000 H:1900.000000, Viewport W:2104 H:1434
[2026.09.04-00.41.29:943][ 70]LogMetal: Display: Viewport Size Mismatch: Drawable W:3024.000000 H:1900.000000, Viewport W:2104 H:1434
[2026.09.04-00.41.29:943][ 70]LogMetal: Display: Viewport Size Mismatch: Drawable W:3024.000000 H:1900.000000, Texture W:1900 H:1900, Viewport W:2104.000000 H:1434.000000, layer frame W:1512.000000, H:950.000000
[2026.09.04-00.41.30:002][ 71]LogMotionWorldNetwork: Display: MotionWorld network observation sent: session=8D77D263F54B episode=7312 observation=42 state_sequence=324 simulation_time_s=17.707000 facing_yaw_deg=0.000000 previous_action_present=true previous_action_source=41.
[2026.09.04-00.41.30:002][ 71]LogMotionWorldBridge: Display: MotionWorld command echo: revision=155 frame=character_local resolved=true facing_yaw_deg=0.00 finite=true requested_frame=(100.00, 0.00, 0.00) submitted_world=(100.00, 0.00, 0.00) echoed_world=(100.00, 0.00, 0.00) match=true
[2026.09.04-00.41.30:005][ 71]LogMetal: Display: Viewport Size Mismatch: Drawable W:3024.000000 H:1900.000000, Viewport W:2104 H:1434
[2026.09.04-00.41.30:006][ 71]LogMetal: Display: Viewport Size Mismatch: Drawable W:3024.000000 H:1900.000000, Texture W:1900 H:1900, Viewport W:2104.000000 H:1434.000000, layer frame W:1512.000000, H:950.000000
[2026.09.04-00.41.30:007][ 71]LogMetal: Display: Viewport Size Mismatch: Drawable W:3024.000000 H:1900.000000, Viewport W:2104 H:1434
[2026.09.04-00.41.30:007][ 71]LogMetal: Display: Viewport Size Mismatch: Drawable W:3024.000000 H:1900.000000, Viewport W:2104 H:1434
[2026.09.04-00.41.30:007][ 71]LogMetal: Display: Viewport Size Mismatch: Drawable W:3024.000000 H:1900.000000, Texture W:1900 H:1900, Viewport W:2104.000000 H:1434.000000, layer frame W:1512.000000, H:950.000000
[2026.09.04-00.41.30:062][ 72]LogMotionWorldNetwork: Display: MotionWorld network action accepted: session=8D77D263F54B episode=7312 source_observation=42 desired_local_cm_per_sec=(100.000000, 0.000000) unreal_end_to_end_latency_ms=59.880253 current_identity_match=true before_deadline=true.
[2026.09.04-00.41.30:064][ 72]LogMetal: Display: Viewport Size Mismatch: Drawable W:3024.000000 H:1900.000000, Viewport W:2104 H:1434
[2026.09.04-00.41.30:064][ 72]LogMetal: Display: Viewport Size Mismatch: Drawable W:3024.000000 H:1900.000000, Texture W:1900 H:1900, Viewport W:2104.000000 H:1434.000000, layer frame W:1512.000000, H:950.000000
[2026.09.04-00.41.30:065][ 72]LogMetal: Display: Viewport Size Mismatch: Drawable W:3024.000000 H:1900.000000, Viewport W:2104 H:1434
[2026.09.04-00.41.30:065][ 72]LogMetal: Display: Viewport Size Mismatch: Drawable W:3024.000000 H:1900.000000, Viewport W:2104 H:1434
[2026.09.04-00.41.30:065][ 72]LogMetal: Display: Viewport Size Mismatch: Drawable W:3024.000000 H:1900.000000, Texture W:1900 H:1900, Viewport W:2104.000000 H:1434.000000, layer frame W:1512.000000, H:950.000000
[2026.09.04-00.41.30:105][ 73]LogMotionWorldNetwork: Display: MotionWorld network observation sent: session=8D77D263F54B episode=7312 observation=43 state_sequence=326 simulation_time_s=17.810000 facing_yaw_deg=0.000000 previous_action_present=true previous_action_source=42.
[2026.09.04-00.41.30:105][ 73]LogMotionWorldBridge: Display: MotionWorld command echo: revision=156 frame=character_local resolved=true facing_yaw_deg=0.00 finite=true requested_frame=(100.00, 0.00, 0.00) submitted_world=(100.00, 0.00, 0.00) echoed_world=(100.00, 0.00, 0.00) match=true
[2026.09.04-00.41.30:109][ 73]LogMetal: Display: Viewport Size Mismatch: Drawable W:3024.000000 H:1900.000000, Viewport W:2104 H:1434
[2026.09.04-00.41.30:109][ 73]LogMetal: Display: Viewport Size Mismatch: Drawable W:3024.000000 H:1900.000000, Texture W:1900 H:1900, Viewport W:2104.000000 H:1434.000000, layer frame W:1512.000000, H:950.000000
[2026.09.04-00.41.30:110][ 73]LogMetal: Display: Viewport Size Mismatch: Drawable W:3024.000000 H:1900.000000, Viewport W:2104 H:1434
[2026.09.04-00.41.30:110][ 73]LogMetal: Display: Viewport Size Mismatch: Drawable W:3024.000000 H:1900.000000, Viewport W:2104 H:1434
[2026.09.04-00.41.30:110][ 73]LogMetal: Display: Viewport Size Mismatch: Drawable W:3024.000000 H:1900.000000, Texture W:1900 H:1900, Viewport W:2104.000000 H:1434.000000, layer frame W:1512.000000, H:950.000000
[2026.09.04-00.41.30:169][ 74]LogMotionWorldNetwork: Display: MotionWorld network action accepted: session=8D77D263F54B episode=7312 source_observation=43 desired_local_cm_per_sec=(100.000000, 0.000000) unreal_end_to_end_latency_ms=64.336292 current_identity_match=true before_deadline=true.
[2026.09.04-00.41.30:170][ 74]LogMetal: Display: Viewport Size Mismatch: Drawable W:3024.000000 H:1900.000000, Viewport W:2104 H:1434
[2026.09.04-00.41.30:170][ 74]LogMetal: Display: Viewport Size Mismatch: Drawable W:3024.000000 H:1900.000000, Texture W:1900 H:1900, Viewport W:2104.000000 H:1434.000000, layer frame W:1512.000000, H:950.000000
[2026.09.04-00.41.30:171][ 74]LogMetal: Display: Viewport Size Mismatch: Drawable W:3024.000000 H:1900.000000, Viewport W:2104 H:1434
[2026.09.04-00.41.30:171][ 74]LogMetal: Display: Viewport Size Mismatch: Drawable W:3024.000000 H:1900.000000, Viewport W:2104 H:1434
[2026.09.04-00.41.30:171][ 74]LogMetal: Display: Viewport Size Mismatch: Drawable W:3024.000000 H:1900.000000, Texture W:1900 H:1900, Viewport W:2104.000000 H:1434.000000, layer frame W:1512.000000, H:950.000000
[2026.09.04-00.41.30:222][ 75]LogMotionWorldNetwork: Display: MotionWorld network observation sent: session=8D77D263F54B episode=7312 observation=44 state_sequence=328 simulation_time_s=17.928000 facing_yaw_deg=0.000000 previous_action_present=true previous_action_source=43.
[2026.09.04-00.41.30:222][ 75]LogMotionWorldBridge: Display: MotionWorld command echo: revision=157 frame=character_local resolved=true facing_yaw_deg=0.00 finite=true requested_frame=(100.00, 0.00, 0.00) submitted_world=(100.00, 0.00, 0.00) echoed_world=(100.00, 0.00, 0.00) match=true
[2026.09.04-00.41.30:223][ 75]LogMetal: Display: Viewport Size Mismatch: Drawable W:3024.000000 H:1900.000000, Viewport W:2104 H:1434
[2026.09.04-00.41.30:223][ 75]LogMetal: Display: Viewport Size Mismatch: Drawable W:3024.000000 H:1900.000000, Texture W:1900 H:1900, Viewport W:2104.000000 H:1434.000000, layer frame W:1512.000000, H:950.000000
[2026.09.04-00.41.30:223][ 75]LogMetal: Display: Viewport Size Mismatch: Drawable W:3024.000000 H:1900.000000, Viewport W:2104 H:1434
[2026.09.04-00.41.30:223][ 75]LogMetal: Display: Viewport Size Mismatch: Drawable W:3024.000000 H:1900.000000, Viewport W:2104 H:1434
[2026.09.04-00.41.30:223][ 75]LogMetal: Display: Viewport Size Mismatch: Drawable W:3024.000000 H:1900.000000, Texture W:1900 H:1900, Viewport W:2104.000000 H:1434.000000, layer frame W:1512.000000, H:950.000000
[2026.09.04-00.41.30:264][ 76]LogMotionWorldNetwork: Display: MotionWorld network action accepted: session=8D77D263F54B episode=7312 source_observation=44 desired_local_cm_per_sec=(100.000000, 0.000000) unreal_end_to_end_latency_ms=41.206416 current_identity_match=true before_deadline=true.
[2026.09.04-00.41.30:265][ 76]LogMetal: Display: Viewport Size Mismatch: Drawable W:3024.000000 H:1900.000000, Viewport W:2104 H:1434
[2026.09.04-00.41.30:265][ 76]LogMetal: Display: Viewport Size Mismatch: Drawable W:3024.000000 H:1900.000000, Texture W:1900 H:1900, Viewport W:2104.000000 H:1434.000000, layer frame W:1512.000000, H:950.000000
[2026.09.04-00.41.30:265][ 76]LogMetal: Display: Viewport Size Mismatch: Drawable W:3024.000000 H:1900.000000, Viewport W:2104 H:1434
[2026.09.04-00.41.30:265][ 76]LogMetal: Display: Viewport Size Mismatch: Drawable W:3024.000000 H:1900.000000, Viewport W:2104 H:1434
[2026.09.04-00.41.30:265][ 76]LogMetal: Display: Viewport Size Mismatch: Drawable W:3024.000000 H:1900.000000, Texture W:1900 H:1900, Viewport W:2104.000000 H:1434.000000, layer frame W:1512.000000, H:950.000000
[2026.09.04-00.41.30:324][ 77]LogMotionWorldNetwork: Display: MotionWorld network observation sent: session=8D77D263F54B episode=7312 observation=45 state_sequence=330 simulation_time_s=18.028000 facing_yaw_deg=0.000000 previous_action_present=true previous_action_source=44.
[2026.09.04-00.41.30:324][ 77]LogMotionWorldBridge: Display: MotionWorld command echo: revision=158 frame=character_local resolved=true facing_yaw_deg=0.00 finite=true requested_frame=(100.00, 0.00, 0.00) submitted_world=(100.00, 0.00, 0.00) echoed_world=(100.00, 0.00, 0.00) match=true
[2026.09.04-00.41.30:330][ 77]LogMetal: Display: Viewport Size Mismatch: Drawable W:3024.000000 H:1900.000000, Viewport W:2104 H:1434
[2026.09.04-00.41.30:330][ 77]LogMetal: Display: Viewport Size Mismatch: Drawable W:3024.000000 H:1900.000000, Texture W:1900 H:1900, Viewport W:2104.000000 H:1434.000000, layer frame W:1512.000000, H:950.000000
[2026.09.04-00.41.30:331][ 77]LogMetal: Display: Viewport Size Mismatch: Drawable W:3024.000000 H:1900.000000, Viewport W:2104 H:1434
[2026.09.04-00.41.30:332][ 77]LogMetal: Display: Viewport Size Mismatch: Drawable W:3024.000000 H:1900.000000, Viewport W:2104 H:1434
[2026.09.04-00.41.30:332][ 77]LogMetal: Display: Viewport Size Mismatch: Drawable W:3024.000000 H:1900.000000, Texture W:1900 H:1900, Viewport W:2104.000000 H:1434.000000, layer frame W:1512.000000, H:950.000000
[2026.09.04-00.41.30:364][ 78]LogMotionWorldNetwork: Display: MotionWorld network action accepted: session=8D77D263F54B episode=7312 source_observation=45 desired_local_cm_per_sec=(100.000000, 0.000000) unreal_end_to_end_latency_ms=39.848290 current_identity_match=true before_deadline=true.
[2026.09.04-00.41.30:365][ 78]LogMetal: Display: Viewport Size Mismatch: Drawable W:3024.000000 H:1900.000000, Viewport W:2104 H:1434
[2026.09.04-00.41.30:365][ 78]LogMetal: Display: Viewport Size Mismatch: Drawable W:3024.000000 H:1900.000000, Texture W:1900 H:1900, Viewport W:2104.000000 H:1434.000000, layer frame W:1512.000000, H:950.000000
[2026.09.04-00.41.30:366][ 78]LogMetal: Display: Viewport Size Mismatch: Drawable W:3024.000000 H:1900.000000, Viewport W:2104 H:1434
[2026.09.04-00.41.30:366][ 78]LogMetal: Display: Viewport Size Mismatch: Drawable W:3024.000000 H:1900.000000, Viewport W:2104 H:1434
[2026.09.04-00.41.30:366][ 78]LogMetal: Display: Viewport Size Mismatch: Drawable W:3024.000000 H:1900.000000, Texture W:1900 H:1900, Viewport W:2104.000000 H:1434.000000, layer frame W:1512.000000, H:950.000000
[2026.09.04-00.41.30:438][ 79]LogMotionWorldNetwork: Display: MotionWorld network observation sent: session=8D77D263F54B episode=7312 observation=46 state_sequence=332 simulation_time_s=18.143000 facing_yaw_deg=0.000000 previous_action_present=true previous_action_source=45.
[2026.09.04-00.41.30:438][ 79]LogMotionWorldBridge: Display: MotionWorld command echo: revision=159 frame=character_local resolved=true facing_yaw_deg=0.00 finite=true requested_frame=(100.00, 0.00, 0.00) submitted_world=(100.00, 0.00, 0.00) echoed_world=(100.00, 0.00, 0.00) match=true
[2026.09.04-00.41.30:442][ 79]LogMetal: Display: Viewport Size Mismatch: Drawable W:3024.000000 H:1900.000000, Viewport W:2104 H:1434
[2026.09.04-00.41.30:442][ 79]LogMetal: Display: Viewport Size Mismatch: Drawable W:3024.000000 H:1900.000000, Texture W:1900 H:1900, Viewport W:2104.000000 H:1434.000000, layer frame W:1512.000000, H:950.000000
[2026.09.04-00.41.30:443][ 79]LogMetal: Display: Viewport Size Mismatch: Drawable W:3024.000000 H:1900.000000, Viewport W:2104 H:1434
[2026.09.04-00.41.30:443][ 79]LogMetal: Display: Viewport Size Mismatch: Drawable W:3024.000000 H:1900.000000, Viewport W:2104 H:1434
[2026.09.04-00.41.30:443][ 79]LogMetal: Display: Viewport Size Mismatch: Drawable W:3024.000000 H:1900.000000, Texture W:1900 H:1900, Viewport W:2104.000000 H:1434.000000, layer frame W:1512.000000, H:950.000000
[2026.09.04-00.41.30:502][ 80]LogMotionWorldNetwork: Display: MotionWorld network observation sent: session=8D77D263F54B episode=7312 observation=47 state_sequence=333 simulation_time_s=18.205000 facing_yaw_deg=0.000000 previous_action_present=true previous_action_source=45.
[2026.09.04-00.41.30:502][ 80]LogMotionWorldBridge: Display: MotionWorld command echo: revision=160 frame=character_local resolved=true facing_yaw_deg=0.00 finite=true requested_frame=(100.00, 0.00, 0.00) submitted_world=(100.00, 0.00, 0.00) echoed_world=(100.00, 0.00, 0.00) match=true
[2026.09.04-00.41.30:505][ 80]LogMetal: Display: Viewport Size Mismatch: Drawable W:3024.000000 H:1900.000000, Viewport W:2104 H:1434
[2026.09.04-00.41.30:506][ 80]LogMetal: Display: Viewport Size Mismatch: Drawable W:3024.000000 H:1900.000000, Texture W:1900 H:1900, Viewport W:2104.000000 H:1434.000000, layer frame W:1512.000000, H:950.000000
[2026.09.04-00.41.30:506][ 80]LogMetal: Display: Viewport Size Mismatch: Drawable W:3024.000000 H:1900.000000, Viewport W:2104 H:1434
[2026.09.04-00.41.30:506][ 80]LogMetal: Display: Viewport Size Mismatch: Drawable W:3024.000000 H:1900.000000, Viewport W:2104 H:1434
[2026.09.04-00.41.30:506][ 80]LogMetal: Display: Viewport Size Mismatch: Drawable W:3024.000000 H:1900.000000, Texture W:1900 H:1900, Viewport W:2104.000000 H:1434.000000, layer frame W:1512.000000, H:950.000000
[2026.09.04-00.41.30:568][ 81]LogMotionWorldNetwork: Display: MotionWorld network action accepted: session=8D77D263F54B episode=7312 source_observation=47 desired_local_cm_per_sec=(100.000000, 0.000000) unreal_end_to_end_latency_ms=66.452332 current_identity_match=true before_deadline=true.
[2026.09.04-00.41.30:571][ 81]LogMetal: Display: Viewport Size Mismatch: Drawable W:3024.000000 H:1900.000000, Viewport W:2104 H:1434
[2026.09.04-00.41.30:571][ 81]LogMetal: Display: Viewport Size Mismatch: Drawable W:3024.000000 H:1900.000000, Texture W:1900 H:1900, Viewport W:2104.000000 H:1434.000000, layer frame W:1512.000000, H:950.000000
[2026.09.04-00.41.30:572][ 81]LogMetal: Display: Viewport Size Mismatch: Drawable W:3024.000000 H:1900.000000, Viewport W:2104 H:1434
[2026.09.04-00.41.30:572][ 81]LogMetal: Display: Viewport Size Mismatch: Drawable W:3024.000000 H:1900.000000, Viewport W:2104 H:1434
[2026.09.04-00.41.30:572][ 81]LogMetal: Display: Viewport Size Mismatch: Drawable W:3024.000000 H:1900.000000, Texture W:1900 H:1900, Viewport W:2104.000000 H:1434.000000, layer frame W:1512.000000, H:950.000000
[2026.09.04-00.41.30:607][ 82]LogMotionWorldNetwork: Display: MotionWorld network observation sent: session=8D77D263F54B episode=7312 observation=48 state_sequence=335 simulation_time_s=18.313000 facing_yaw_deg=0.000000 previous_action_present=true previous_action_source=47.
[2026.09.04-00.41.30:607][ 82]LogMotionWorldBridge: Display: MotionWorld command echo: revision=161 frame=character_local resolved=true facing_yaw_deg=0.00 finite=true requested_frame=(100.00, 0.00, 0.00) submitted_world=(100.00, 0.00, 0.00) echoed_world=(100.00, 0.00, 0.00) match=true
[2026.09.04-00.41.30:609][ 82]LogMetal: Display: Viewport Size Mismatch: Drawable W:3024.000000 H:1900.000000, Viewport W:2104 H:1434
[2026.09.04-00.41.30:609][ 82]LogMetal: Display: Viewport Size Mismatch: Drawable W:3024.000000 H:1900.000000, Texture W:1900 H:1900, Viewport W:2104.000000 H:1434.000000, layer frame W:1512.000000, H:950.000000
[2026.09.04-00.41.30:610][ 82]LogMetal: Display: Viewport Size Mismatch: Drawable W:3024.000000 H:1900.000000, Viewport W:2104 H:1434
[2026.09.04-00.41.30:628][ 82]LogMetal: Display: Viewport Size Mismatch: Drawable W:3024.000000 H:1900.000000, Viewport W:2104 H:1434
[2026.09.04-00.41.30:628][ 82]LogMetal: Display: Viewport Size Mismatch: Drawable W:3024.000000 H:1900.000000, Texture W:1900 H:1900, Viewport W:2104.000000 H:1434.000000, layer frame W:1512.000000, H:950.000000
[2026.09.04-00.41.30:662][ 83]LogMotionWorldNetwork: Display: MotionWorld network action accepted: session=8D77D263F54B episode=7312 source_observation=48 desired_local_cm_per_sec=(100.000000, 0.000000) unreal_end_to_end_latency_ms=54.279499 current_identity_match=true before_deadline=true.
[2026.09.04-00.41.30:666][ 83]LogMetal: Display: Viewport Size Mismatch: Drawable W:3024.000000 H:1900.000000, Viewport W:2104 H:1434
[2026.09.04-00.41.30:666][ 83]LogMetal: Display: Viewport Size Mismatch: Drawable W:3024.000000 H:1900.000000, Texture W:1900 H:1900, Viewport W:2104.000000 H:1434.000000, layer frame W:1512.000000, H:950.000000
[2026.09.04-00.41.30:667][ 83]LogMetal: Display: Viewport Size Mismatch: Drawable W:3024.000000 H:1900.000000, Viewport W:2104 H:1434
[2026.09.04-00.41.30:667][ 83]LogMetal: Display: Viewport Size Mismatch: Drawable W:3024.000000 H:1900.000000, Viewport W:2104 H:1434
[2026.09.04-00.41.30:667][ 83]LogMetal: Display: Viewport Size Mismatch: Drawable W:3024.000000 H:1900.000000, Texture W:1900 H:1900, Viewport W:2104.000000 H:1434.000000, layer frame W:1512.000000, H:950.000000
[2026.09.04-00.41.30:724][ 84]LogMotionWorldNetwork: Display: MotionWorld network observation sent: session=8D77D263F54B episode=7312 observation=49 state_sequence=337 simulation_time_s=18.427000 facing_yaw_deg=0.000000 previous_action_present=true previous_action_source=48.
[2026.09.04-00.41.30:724][ 84]LogMotionWorldBridge: Display: MotionWorld command echo: revision=162 frame=character_local resolved=true facing_yaw_deg=0.00 finite=true requested_frame=(100.00, 0.00, 0.00) submitted_world=(100.00, 0.00, 0.00) echoed_world=(100.00, 0.00, 0.00) match=true
[2026.09.04-00.41.30:725][ 84]LogMetal: Display: Viewport Size Mismatch: Drawable W:3024.000000 H:1900.000000, Viewport W:2104 H:1434
[2026.09.04-00.41.30:725][ 84]LogMetal: Display: Viewport Size Mismatch: Drawable W:3024.000000 H:1900.000000, Texture W:1900 H:1900, Viewport W:2104.000000 H:1434.000000, layer frame W:1512.000000, H:950.000000
[2026.09.04-00.41.30:726][ 84]LogMetal: Display: Viewport Size Mismatch: Drawable W:3024.000000 H:1900.000000, Viewport W:2104 H:1434
[2026.09.04-00.41.30:728][ 84]LogMetal: Display: Viewport Size Mismatch: Drawable W:3024.000000 H:1900.000000, Viewport W:2104 H:1434
[2026.09.04-00.41.30:728][ 84]LogMetal: Display: Viewport Size Mismatch: Drawable W:3024.000000 H:1900.000000, Texture W:1900 H:1900, Viewport W:2104.000000 H:1434.000000, layer frame W:1512.000000, H:950.000000
[2026.09.04-00.41.30:776][ 85]LogMotionWorldNetwork: Display: MotionWorld network action accepted: session=8D77D263F54B episode=7312 source_observation=49 desired_local_cm_per_sec=(100.000000, 0.000000) unreal_end_to_end_latency_ms=52.795626 current_identity_match=true before_deadline=true.
[2026.09.04-00.41.30:779][ 85]LogMetal: Display: Viewport Size Mismatch: Drawable W:3024.000000 H:1900.000000, Viewport W:2104 H:1434
[2026.09.04-00.41.30:779][ 85]LogMetal: Display: Viewport Size Mismatch: Drawable W:3024.000000 H:1900.000000, Texture W:1900 H:1900, Viewport W:2104.000000 H:1434.000000, layer frame W:1512.000000, H:950.000000
[2026.09.04-00.41.30:780][ 85]LogMetal: Display: Viewport Size Mismatch: Drawable W:3024.000000 H:1900.000000, Viewport W:2104 H:1434
[2026.09.04-00.41.30:795][ 85]LogMetal: Display: Viewport Size Mismatch: Drawable W:3024.000000 H:1900.000000, Viewport W:2104 H:1434
[2026.09.04-00.41.30:795][ 85]LogMetal: Display: Viewport Size Mismatch: Drawable W:3024.000000 H:1900.000000, Texture W:1900 H:1900, Viewport W:2104.000000 H:1434.000000, layer frame W:1512.000000, H:950.000000
[2026.09.04-00.41.30:831][ 86]LogMotionWorldNetwork: Display: MotionWorld network observation sent: session=8D77D263F54B episode=7312 observation=50 state_sequence=339 simulation_time_s=18.534000 facing_yaw_deg=0.000000 previous_action_present=true previous_action_source=49.
[2026.09.04-00.41.30:831][ 86]LogMotionWorldBridge: Display: MotionWorld command echo: revision=163 frame=character_local resolved=true facing_yaw_deg=0.00 finite=true requested_frame=(100.00, 0.00, 0.00) submitted_world=(100.00, 0.00, 0.00) echoed_world=(100.00, 0.00, 0.00) match=true
[2026.09.04-00.41.30:833][ 86]LogMetal: Display: Viewport Size Mismatch: Drawable W:3024.000000 H:1900.000000, Viewport W:2104 H:1434
[2026.09.04-00.41.30:833][ 86]LogMetal: Display: Viewport Size Mismatch: Drawable W:3024.000000 H:1900.000000, Texture W:1900 H:1900, Viewport W:2104.000000 H:1434.000000, layer frame W:1512.000000, H:950.000000
[2026.09.04-00.41.30:834][ 86]LogMetal: Display: Viewport Size Mismatch: Drawable W:3024.000000 H:1900.000000, Viewport W:2104 H:1434
[2026.09.04-00.41.30:834][ 86]LogMetal: Display: Viewport Size Mismatch: Drawable W:3024.000000 H:1900.000000, Viewport W:2104 H:1434
[2026.09.04-00.41.30:834][ 86]LogMetal: Display: Viewport Size Mismatch: Drawable W:3024.000000 H:1900.000000, Texture W:1900 H:1900, Viewport W:2104.000000 H:1434.000000, layer frame W:1512.000000, H:950.000000
[2026.09.04-00.41.30:873][ 87]LogMotionWorldNetwork: Display: MotionWorld network action accepted: session=8D77D263F54B episode=7312 source_observation=50 desired_local_cm_per_sec=(100.000000, 0.000000) unreal_end_to_end_latency_ms=42.207167 current_identity_match=true before_deadline=true.
[2026.09.04-00.41.30:876][ 87]LogMetal: Display: Viewport Size Mismatch: Drawable W:3024.000000 H:1900.000000, Viewport W:2104 H:1434
[2026.09.04-00.41.30:876][ 87]LogMetal: Display: Viewport Size Mismatch: Drawable W:3024.000000 H:1900.000000, Texture W:1900 H:1900, Viewport W:2104.000000 H:1434.000000, layer frame W:1512.000000, H:950.000000
[2026.09.04-00.41.30:877][ 87]LogMetal: Display: Viewport Size Mismatch: Drawable W:3024.000000 H:1900.000000, Viewport W:2104 H:1434
[2026.09.04-00.41.30:894][ 87]LogMetal: Display: Viewport Size Mismatch: Drawable W:3024.000000 H:1900.000000, Viewport W:2104 H:1434
[2026.09.04-00.41.30:894][ 87]LogMetal: Display: Viewport Size Mismatch: Drawable W:3024.000000 H:1900.000000, Texture W:1900 H:1900, Viewport W:2104.000000 H:1434.000000, layer frame W:1512.000000, H:950.000000
[2026.09.04-00.41.30:924][ 88]LogMotionWorldNetwork: Display: MotionWorld network observation sent: session=8D77D263F54B episode=7312 observation=51 state_sequence=341 simulation_time_s=18.628000 facing_yaw_deg=0.000000 previous_action_present=true previous_action_source=50.
[2026.09.04-00.41.30:924][ 88]LogMotionWorldBridge: Display: MotionWorld command echo: revision=164 frame=character_local resolved=true facing_yaw_deg=0.00 finite=true requested_frame=(100.00, 0.00, 0.00) submitted_world=(100.00, 0.00, 0.00) echoed_world=(100.00, 0.00, 0.00) match=true
[2026.09.04-00.41.30:925][ 88]LogMetal: Display: Viewport Size Mismatch: Drawable W:3024.000000 H:1900.000000, Viewport W:2104 H:1434
[2026.09.04-00.41.30:925][ 88]LogMetal: Display: Viewport Size Mismatch: Drawable W:3024.000000 H:1900.000000, Texture W:1900 H:1900, Viewport W:2104.000000 H:1434.000000, layer frame W:1512.000000, H:950.000000
[2026.09.04-00.41.30:926][ 88]LogMetal: Display: Viewport Size Mismatch: Drawable W:3024.000000 H:1900.000000, Viewport W:2104 H:1434
[2026.09.04-00.41.30:936][ 88]LogMetal: Display: Viewport Size Mismatch: Drawable W:3024.000000 H:1900.000000, Viewport W:2104 H:1434
[2026.09.04-00.41.30:936][ 88]LogMetal: Display: Viewport Size Mismatch: Drawable W:3024.000000 H:1900.000000, Texture W:1900 H:1900, Viewport W:2104.000000 H:1434.000000, layer frame W:1512.000000, H:950.000000
[2026.09.04-00.41.30:976][ 89]LogMotionWorldNetwork: Display: MotionWorld network action accepted: session=8D77D263F54B episode=7312 source_observation=51 desired_local_cm_per_sec=(100.000000, 0.000000) unreal_end_to_end_latency_ms=52.618209 current_identity_match=true before_deadline=true.
[2026.09.04-00.41.30:977][ 89]LogMetal: Display: Viewport Size Mismatch: Drawable W:3024.000000 H:1900.000000, Viewport W:2104 H:1434
[2026.09.04-00.41.30:977][ 89]LogMetal: Display: Viewport Size Mismatch: Drawable W:3024.000000 H:1900.000000, Texture W:1900 H:1900, Viewport W:2104.000000 H:1434.000000, layer frame W:1512.000000, H:950.000000
[2026.09.04-00.41.30:979][ 89]LogMetal: Display: Viewport Size Mismatch: Drawable W:3024.000000 H:1900.000000, Viewport W:2104 H:1434
[2026.09.04-00.41.30:979][ 89]LogMetal: Display: Viewport Size Mismatch: Drawable W:3024.000000 H:1900.000000, Viewport W:2104 H:1434
[2026.09.04-00.41.30:979][ 89]LogMetal: Display: Viewport Size Mismatch: Drawable W:3024.000000 H:1900.000000, Texture W:1900 H:1900, Viewport W:2104.000000 H:1434.000000, layer frame W:1512.000000, H:950.000000
[2026.09.04-00.41.31:036][ 90]LogMotionWorldNetwork: Display: MotionWorld network observation sent: session=8D77D263F54B episode=7312 observation=52 state_sequence=343 simulation_time_s=18.738000 facing_yaw_deg=0.000000 previous_action_present=true previous_action_source=51.
[2026.09.04-00.41.31:036][ 90]LogMotionWorldBridge: Display: MotionWorld command echo: revision=165 frame=character_local resolved=true facing_yaw_deg=0.00 finite=true requested_frame=(100.00, 0.00, 0.00) submitted_world=(100.00, 0.00, 0.00) echoed_world=(100.00, 0.00, 0.00) match=true
[2026.09.04-00.41.31:039][ 90]LogMetal: Display: Viewport Size Mismatch: Drawable W:3024.000000 H:1900.000000, Viewport W:2104 H:1434
[2026.09.04-00.41.31:040][ 90]LogMetal: Display: Viewport Size Mismatch: Drawable W:3024.000000 H:1900.000000, Texture W:1900 H:1900, Viewport W:2104.000000 H:1434.000000, layer frame W:1512.000000, H:950.000000
[2026.09.04-00.41.31:042][ 90]LogMetal: Display: Viewport Size Mismatch: Drawable W:3024.000000 H:1900.000000, Viewport W:2104 H:1434
[2026.09.04-00.41.31:042][ 90]LogMetal: Display: Viewport Size Mismatch: Drawable W:3024.000000 H:1900.000000, Viewport W:2104 H:1434
[2026.09.04-00.41.31:042][ 90]LogMetal: Display: Viewport Size Mismatch: Drawable W:3024.000000 H:1900.000000, Texture W:1900 H:1900, Viewport W:2104.000000 H:1434.000000, layer frame W:1512.000000, H:950.000000
[2026.09.04-00.41.31:076][ 91]LogMotionWorldNetwork: Display: MotionWorld network action accepted: session=8D77D263F54B episode=7312 source_observation=52 desired_local_cm_per_sec=(100.000000, 0.000000) unreal_end_to_end_latency_ms=40.427167 current_identity_match=true before_deadline=true.
[2026.09.04-00.41.31:084][ 91]LogMetal: Display: Viewport Size Mismatch: Drawable W:3024.000000 H:1900.000000, Viewport W:2104 H:1434
[2026.09.04-00.41.31:084][ 91]LogMetal: Display: Viewport Size Mismatch: Drawable W:3024.000000 H:1900.000000, Texture W:1900 H:1900, Viewport W:2104.000000 H:1434.000000, layer frame W:1512.000000, H:950.000000
[2026.09.04-00.41.31:085][ 91]LogMetal: Display: Viewport Size Mismatch: Drawable W:3024.000000 H:1900.000000, Viewport W:2104 H:1434
[2026.09.04-00.41.31:094][ 91]LogMetal: Display: Viewport Size Mismatch: Drawable W:3024.000000 H:1900.000000, Viewport W:2104 H:1434
[2026.09.04-00.41.31:095][ 91]LogMetal: Display: Viewport Size Mismatch: Drawable W:3024.000000 H:1900.000000, Texture W:1900 H:1900, Viewport W:2104.000000 H:1434.000000, layer frame W:1512.000000, H:950.000000
[2026.09.04-00.41.31:124][ 92]LogMotionWorldNetwork: Display: MotionWorld network observation sent: session=8D77D263F54B episode=7312 observation=53 state_sequence=345 simulation_time_s=18.828000 facing_yaw_deg=0.000000 previous_action_present=true previous_action_source=52.
[2026.09.04-00.41.31:125][ 92]LogMotionWorldBridge: Display: MotionWorld command echo: revision=166 frame=character_local resolved=true facing_yaw_deg=0.00 finite=true requested_frame=(100.00, 0.00, 0.00) submitted_world=(100.00, 0.00, 0.00) echoed_world=(100.00, 0.00, 0.00) match=true
[2026.09.04-00.41.31:130][ 92]LogMetal: Display: Viewport Size Mismatch: Drawable W:3024.000000 H:1900.000000, Viewport W:2104 H:1434
[2026.09.04-00.41.31:130][ 92]LogMetal: Display: Viewport Size Mismatch: Drawable W:3024.000000 H:1900.000000, Texture W:1900 H:1900, Viewport W:2104.000000 H:1434.000000, layer frame W:1512.000000, H:950.000000
[2026.09.04-00.41.31:131][ 92]LogMetal: Display: Viewport Size Mismatch: Drawable W:3024.000000 H:1900.000000, Viewport W:2104 H:1434
[2026.09.04-00.41.31:137][ 92]LogMetal: Display: Viewport Size Mismatch: Drawable W:3024.000000 H:1900.000000, Viewport W:2104 H:1434
[2026.09.04-00.41.31:137][ 92]LogMetal: Display: Viewport Size Mismatch: Drawable W:3024.000000 H:1900.000000, Texture W:1900 H:1900, Viewport W:2104.000000 H:1434.000000, layer frame W:1512.000000, H:950.000000
[2026.09.04-00.41.31:184][ 93]LogMotionWorldNetwork: Display: MotionWorld network action accepted: session=8D77D263F54B episode=7312 source_observation=53 desired_local_cm_per_sec=(100.000000, 0.000000) unreal_end_to_end_latency_ms=59.957083 current_identity_match=true before_deadline=true.
[2026.09.04-00.41.31:185][ 93]LogMetal: Display: Viewport Size Mismatch: Drawable W:3024.000000 H:1900.000000, Viewport W:2104 H:1434
[2026.09.04-00.41.31:185][ 93]LogMetal: Display: Viewport Size Mismatch: Drawable W:3024.000000 H:1900.000000, Texture W:1900 H:1900, Viewport W:2104.000000 H:1434.000000, layer frame W:1512.000000, H:950.000000
[2026.09.04-00.41.31:188][ 93]LogMetal: Display: Viewport Size Mismatch: Drawable W:3024.000000 H:1900.000000, Viewport W:2104 H:1434
[2026.09.04-00.41.31:188][ 93]LogMetal: Display: Viewport Size Mismatch: Drawable W:3024.000000 H:1900.000000, Viewport W:2104 H:1434
[2026.09.04-00.41.31:188][ 93]LogMetal: Display: Viewport Size Mismatch: Drawable W:3024.000000 H:1900.000000, Texture W:1900 H:1900, Viewport W:2104.000000 H:1434.000000, layer frame W:1512.000000, H:950.000000
[2026.09.04-00.41.31:234][ 94]LogMotionWorldNetwork: Display: MotionWorld network observation sent: session=8D77D263F54B episode=7312 observation=54 state_sequence=347 simulation_time_s=18.939000 facing_yaw_deg=0.000000 previous_action_present=true previous_action_source=53.
[2026.09.04-00.41.31:235][ 94]LogMotionWorldBridge: Display: MotionWorld command echo: revision=167 frame=character_local resolved=true facing_yaw_deg=0.00 finite=true requested_frame=(100.00, 0.00, 0.00) submitted_world=(100.00, 0.00, 0.00) echoed_world=(100.00, 0.00, 0.00) match=true
[2026.09.04-00.41.31:245][ 94]LogMetal: Display: Viewport Size Mismatch: Drawable W:3024.000000 H:1900.000000, Viewport W:2104 H:1434
[2026.09.04-00.41.31:245][ 94]LogMetal: Display: Viewport Size Mismatch: Drawable W:3024.000000 H:1900.000000, Texture W:1900 H:1900, Viewport W:2104.000000 H:1434.000000, layer frame W:1512.000000, H:950.000000
[2026.09.04-00.41.31:246][ 94]LogMetal: Display: Viewport Size Mismatch: Drawable W:3024.000000 H:1900.000000, Viewport W:2104 H:1434
[2026.09.04-00.41.31:246][ 94]LogMetal: Display: Viewport Size Mismatch: Drawable W:3024.000000 H:1900.000000, Viewport W:2104 H:1434
[2026.09.04-00.41.31:246][ 94]LogMetal: Display: Viewport Size Mismatch: Drawable W:3024.000000 H:1900.000000, Texture W:1900 H:1900, Viewport W:2104.000000 H:1434.000000, layer frame W:1512.000000, H:950.000000
[2026.09.04-00.41.31:280][ 95]LogMotionWorldNetwork: Display: MotionWorld network action accepted: session=8D77D263F54B episode=7312 source_observation=54 desired_local_cm_per_sec=(100.000000, 0.000000) unreal_end_to_end_latency_ms=45.659374 current_identity_match=true before_deadline=true.
[2026.09.04-00.41.31:287][ 95]LogMetal: Display: Viewport Size Mismatch: Drawable W:3024.000000 H:1900.000000, Viewport W:2104 H:1434
[2026.09.04-00.41.31:288][ 95]LogMetal: Display: Viewport Size Mismatch: Drawable W:3024.000000 H:1900.000000, Texture W:1900 H:1900, Viewport W:2104.000000 H:1434.000000, layer frame W:1512.000000, H:950.000000
[2026.09.04-00.41.31:288][ 95]LogMetal: Display: Viewport Size Mismatch: Drawable W:3024.000000 H:1900.000000, Viewport W:2104 H:1434
[2026.09.04-00.41.31:295][ 95]LogMetal: Display: Viewport Size Mismatch: Drawable W:3024.000000 H:1900.000000, Viewport W:2104 H:1434
[2026.09.04-00.41.31:295][ 95]LogMetal: Display: Viewport Size Mismatch: Drawable W:3024.000000 H:1900.000000, Texture W:1900 H:1900, Viewport W:2104.000000 H:1434.000000, layer frame W:1512.000000, H:950.000000
[2026.09.04-00.41.31:342][ 96]LogMotionWorldNetwork: Display: MotionWorld network observation sent: session=8D77D263F54B episode=7312 observation=55 state_sequence=349 simulation_time_s=19.038000 facing_yaw_deg=0.000000 previous_action_present=true previous_action_source=54.
[2026.09.04-00.41.31:342][ 96]LogMotionWorldBridge: Display: MotionWorld command echo: revision=168 frame=character_local resolved=true facing_yaw_deg=0.00 finite=true requested_frame=(100.00, 0.00, 0.00) submitted_world=(100.00, 0.00, 0.00) echoed_world=(100.00, 0.00, 0.00) match=true
[2026.09.04-00.41.31:346][ 96]LogMetal: Display: Viewport Size Mismatch: Drawable W:3024.000000 H:1900.000000, Viewport W:2104 H:1434
[2026.09.04-00.41.31:346][ 96]LogMetal: Display: Viewport Size Mismatch: Drawable W:3024.000000 H:1900.000000, Texture W:1900 H:1900, Viewport W:2104.000000 H:1434.000000, layer frame W:1512.000000, H:950.000000
[2026.09.04-00.41.31:347][ 96]LogMetal: Display: Viewport Size Mismatch: Drawable W:3024.000000 H:1900.000000, Viewport W:2104 H:1434
[2026.09.04-00.41.31:347][ 96]LogMetal: Display: Viewport Size Mismatch: Drawable W:3024.000000 H:1900.000000, Viewport W:2104 H:1434
[2026.09.04-00.41.31:347][ 96]LogMetal: Display: Viewport Size Mismatch: Drawable W:3024.000000 H:1900.000000, Texture W:1900 H:1900, Viewport W:2104.000000 H:1434.000000, layer frame W:1512.000000, H:950.000000
[2026.09.04-00.41.31:404][ 97]LogMotionWorldNetwork: Display: MotionWorld network observation sent: session=8D77D263F54B episode=7312 observation=56 state_sequence=350 simulation_time_s=19.102000 facing_yaw_deg=0.000000 previous_action_present=true previous_action_source=54.
[2026.09.04-00.41.31:404][ 97]LogMotionWorldBridge: Display: MotionWorld command echo: revision=169 frame=character_local resolved=true facing_yaw_deg=0.00 finite=true requested_frame=(100.00, 0.00, 0.00) submitted_world=(100.00, 0.00, 0.00) echoed_world=(100.00, 0.00, 0.00) match=true
[2026.09.04-00.41.31:409][ 97]LogMetal: Display: Viewport Size Mismatch: Drawable W:3024.000000 H:1900.000000, Viewport W:2104 H:1434
[2026.09.04-00.41.31:409][ 97]LogMetal: Display: Viewport Size Mismatch: Drawable W:3024.000000 H:1900.000000, Texture W:1900 H:1900, Viewport W:2104.000000 H:1434.000000, layer frame W:1512.000000, H:950.000000
[2026.09.04-00.41.31:409][ 97]LogMetal: Display: Viewport Size Mismatch: Drawable W:3024.000000 H:1900.000000, Viewport W:2104 H:1434
[2026.09.04-00.41.31:409][ 97]LogMetal: Display: Viewport Size Mismatch: Drawable W:3024.000000 H:1900.000000, Viewport W:2104 H:1434
[2026.09.04-00.41.31:409][ 97]LogMetal: Display: Viewport Size Mismatch: Drawable W:3024.000000 H:1900.000000, Texture W:1900 H:1900, Viewport W:2104.000000 H:1434.000000, layer frame W:1512.000000, H:950.000000
[2026.09.04-00.41.31:452][ 98]LogMotionWorldNetwork: Display: MotionWorld network action accepted: session=8D77D263F54B episode=7312 source_observation=56 desired_local_cm_per_sec=(100.000000, 0.000000) unreal_end_to_end_latency_ms=48.771124 current_identity_match=true before_deadline=true.
[2026.09.04-00.41.31:456][ 98]LogMetal: Display: Viewport Size Mismatch: Drawable W:3024.000000 H:1900.000000, Viewport W:2104 H:1434
[2026.09.04-00.41.31:456][ 98]LogMetal: Display: Viewport Size Mismatch: Drawable W:3024.000000 H:1900.000000, Texture W:1900 H:1900, Viewport W:2104.000000 H:1434.000000, layer frame W:1512.000000, H:950.000000
[2026.09.04-00.41.31:457][ 98]LogMetal: Display: Viewport Size Mismatch: Drawable W:3024.000000 H:1900.000000, Viewport W:2104 H:1434
[2026.09.04-00.41.31:457][ 98]LogMetal: Display: Viewport Size Mismatch: Drawable W:3024.000000 H:1900.000000, Viewport W:2104 H:1434
[2026.09.04-00.41.31:457][ 98]LogMetal: Display: Viewport Size Mismatch: Drawable W:3024.000000 H:1900.000000, Texture W:1900 H:1900, Viewport W:2104.000000 H:1434.000000, layer frame W:1512.000000, H:950.000000
[2026.09.04-00.41.31:505][ 99]LogMotionWorldNetwork: Display: MotionWorld network observation sent: session=8D77D263F54B episode=7312 observation=57 state_sequence=352 simulation_time_s=19.204000 facing_yaw_deg=0.000000 previous_action_present=true previous_action_source=56.
[2026.09.04-00.41.31:505][ 99]LogMotionWorldBridge: Display: MotionWorld command echo: revision=170 frame=character_local resolved=true facing_yaw_deg=0.00 finite=true requested_frame=(100.00, 0.00, 0.00) submitted_world=(100.00, 0.00, 0.00) echoed_world=(100.00, 0.00, 0.00) match=true
[2026.09.04-00.41.31:507][ 99]LogMetal: Display: Viewport Size Mismatch: Drawable W:3024.000000 H:1900.000000, Viewport W:2104 H:1434
[2026.09.04-00.41.31:508][ 99]LogMetal: Display: Viewport Size Mismatch: Drawable W:3024.000000 H:1900.000000, Texture W:1900 H:1900, Viewport W:2104.000000 H:1434.000000, layer frame W:1512.000000, H:950.000000
[2026.09.04-00.41.31:509][ 99]LogMetal: Display: Viewport Size Mismatch: Drawable W:3024.000000 H:1900.000000, Viewport W:2104 H:1434
[2026.09.04-00.41.31:509][ 99]LogMetal: Display: Viewport Size Mismatch: Drawable W:3024.000000 H:1900.000000, Viewport W:2104 H:1434
[2026.09.04-00.41.31:509][ 99]LogMetal: Display: Viewport Size Mismatch: Drawable W:3024.000000 H:1900.000000, Texture W:1900 H:1900, Viewport W:2104.000000 H:1434.000000, layer frame W:1512.000000, H:950.000000
[2026.09.04-00.41.31:556][100]LogMotionWorldNetwork: Display: MotionWorld network action accepted: session=8D77D263F54B episode=7312 source_observation=57 desired_local_cm_per_sec=(100.000000, 0.000000) unreal_end_to_end_latency_ms=50.402872 current_identity_match=true before_deadline=true.
[2026.09.04-00.41.31:562][100]LogMetal: Display: Viewport Size Mismatch: Drawable W:3024.000000 H:1900.000000, Viewport W:2104 H:1434
[2026.09.04-00.41.31:562][100]LogMetal: Display: Viewport Size Mismatch: Drawable W:3024.000000 H:1900.000000, Texture W:1900 H:1900, Viewport W:2104.000000 H:1434.000000, layer frame W:1512.000000, H:950.000000
[2026.09.04-00.41.31:563][100]LogMetal: Display: Viewport Size Mismatch: Drawable W:3024.000000 H:1900.000000, Viewport W:2104 H:1434
[2026.09.04-00.41.31:563][100]LogMetal: Display: Viewport Size Mismatch: Drawable W:3024.000000 H:1900.000000, Viewport W:2104 H:1434
[2026.09.04-00.41.31:563][100]LogMetal: Display: Viewport Size Mismatch: Drawable W:3024.000000 H:1900.000000, Texture W:1900 H:1900, Viewport W:2104.000000 H:1434.000000, layer frame W:1512.000000, H:950.000000
[2026.09.04-00.41.31:626][101]LogMotionWorldNetwork: Display: MotionWorld network observation sent: session=8D77D263F54B episode=7312 observation=58 state_sequence=354 simulation_time_s=19.329000 facing_yaw_deg=0.000000 previous_action_present=true previous_action_source=57.
[2026.09.04-00.41.31:626][101]LogMotionWorldBridge: Display: MotionWorld command echo: revision=171 frame=character_local resolved=true facing_yaw_deg=0.00 finite=true requested_frame=(100.00, 0.00, 0.00) submitted_world=(100.00, 0.00, 0.00) echoed_world=(100.00, 0.00, 0.00) match=true
[2026.09.04-00.41.31:643][101]LogMetal: Display: Viewport Size Mismatch: Drawable W:3024.000000 H:1900.000000, Viewport W:2104 H:1434
[2026.09.04-00.41.31:643][101]LogMetal: Display: Viewport Size Mismatch: Drawable W:3024.000000 H:1900.000000, Texture W:1900 H:1900, Viewport W:2104.000000 H:1434.000000, layer frame W:1512.000000, H:950.000000
[2026.09.04-00.41.31:646][101]LogMetal: Display: Viewport Size Mismatch: Drawable W:3024.000000 H:1900.000000, Viewport W:2104 H:1434
[2026.09.04-00.41.31:646][101]LogMetal: Display: Viewport Size Mismatch: Drawable W:3024.000000 H:1900.000000, Viewport W:2104 H:1434
[2026.09.04-00.41.31:646][101]LogMetal: Display: Viewport Size Mismatch: Drawable W:3024.000000 H:1900.000000, Texture W:1900 H:1900, Viewport W:2104.000000 H:1434.000000, layer frame W:1512.000000, H:950.000000
[2026.09.04-00.41.31:675][101]LogMetal: Display: Viewport Size Mismatch: Drawable W:3024.000000 H:1900.000000, Viewport W:2104 H:1434
[2026.09.04-00.41.31:675][101]LogMetal: Display: Viewport Size Mismatch: Drawable W:3024.000000 H:1900.000000, Texture W:1900 H:1900, Viewport W:2104.000000 H:1434.000000, layer frame W:1512.000000, H:950.000000
[2026.09.04-00.41.31:676][101]LogMetal: Display: Viewport Size Mismatch: Drawable W:3024.000000 H:1900.000000, Viewport W:2104 H:1434
[2026.09.04-00.41.31:676][101]LogMetal: Display: Viewport Size Mismatch: Drawable W:3024.000000 H:1900.000000, Viewport W:2104 H:1434
[2026.09.04-00.41.31:676][101]LogMetal: Display: Viewport Size Mismatch: Drawable W:3024.000000 H:1900.000000, Texture W:1900 H:1900, Viewport W:2104.000000 H:1434.000000, layer frame W:1512.000000, H:950.000000
[2026.09.04-00.41.31:727][101]LogSlate: Updating window title bar state: overlay mode, drag disabled, window buttons hidden, title bar hidden
[2026.09.04-00.41.31:727][101]LogWorld: BeginTearingDown for /Game/Levels/UEDPIE_0_DefaultLevel
[2026.09.04-00.41.31:751][101]LogMotionWorldBridge: Display: MotionWorld episode stopped: episode=7312 observed=111 attempted=110 recorded=110 rejected=0 rejected_seeds=0 capacity_drops=0.
[2026.09.04-00.41.31:751][101]LogMotionWorldNetwork: Display: MotionWorld network evidence stopped: session=8D77D263F54B observations_sent=159 actions_accepted=130 rejected=28 stale=27 malformed=1 missed=8 held=8 safe_stops=0 evidence_written=295 evidence_dropped=0.
