[2026.09.03-20.07.33:597][590]LogMotionWorldNetwork: Display: MotionWorld network evidence started: session=31E1BBC5684B controller=echo max_lines=2048 endpoints=127.0.0.1:52580->127.0.0.1:52581.
[2026.09.03-20.07.33:597][590]PIE: Server logged in
[2026.09.03-20.07.33:600][590]PIE: Play in editor total start time 0.865 seconds.
[2026.09.03-20.07.33:605][590]LogMotionWorldBridge: Display: MotionWorld state sample: protocol=1 sequence=0 valid=true mover_step_frame=1 sim_time_s=0.066000 step_s=0.066000 resim=false mode=Walking position_world_cm=(-800.00, 0.00, 90.00) velocity_world_cm_per_sec=(0.00, 0.00, 0.00) velocity_local_planar_cm_per_sec=(0.00, 0.00, 0.00) facing_yaw_deg=0.00 facing_unit_world=(1.000000, 0.000000) angular_velocity_world_deg_per_sec=(0.00, 0.00, 0.00)
[2026.09.03-20.07.33:605][590]LogMotionWorldBridge: Display: MotionWorld reset anchor captured: source_state_sequence=0 position_world_cm=(-800.00, 0.00, 90.00) yaw_deg=0.00 mode=Walking.
[2026.09.03-20.07.33:605][590]LogMotionWorldBridge: Display: MotionWorld command echo: revision=2 frame=character_local resolved=true facing_yaw_deg=0.00 finite=true requested_frame=(0.00, 0.00, 0.00) submitted_world=(0.00, 0.00, 0.00) echoed_world=(0.00, 0.00, 0.00) match=true
[2026.09.03-20.07.36:194][619]LogMotionWorldNetwork: Display: MotionWorld network reset boundary: session=31E1BBC5684B old_episode=-1 outstanding_observation=-1 action_state_cleared=true.
[2026.09.03-20.07.36:195][619]LogMotionWorldBridge: Display: MotionWorld reset queued: episode=7221 request_state_sequence=29 request_mover_frame=30 before_position_world_cm=(-800.00, 0.00, 90.00) distance_from_anchor_cm=0.000 target_position_world_cm=(-800.00, 0.00, 90.00) target_yaw_deg=0.00 target_mode=Walking; recorder stopped and reset frame forced to zero input.
[2026.09.03-20.07.36:196][619]LogMotionWorldBridge: Display: MotionWorld command echo: revision=4 frame=character_local resolved=true facing_yaw_deg=0.00 finite=true requested_frame=(0.00, 0.00, 0.00) submitted_world=(0.00, 0.00, 0.00) echoed_world=(0.00, 0.00, 0.00) match=true
[2026.09.03-20.07.36:214][620]LogMotionWorldBridge: Display: MotionWorld episode started: episode=7221 capacity=4096; awaiting seed state.
[2026.09.03-20.07.36:214][620]LogMotionWorldNetwork: Display: MotionWorld network episode started: session=31E1BBC5684B episode=7221 first_observation_sequence=0 applied_local_cm_per_sec=(0.00, 0.00) prior_state_cleared=true.
[2026.09.03-20.07.36:214][620]LogMotionWorldBridge: Display: MotionWorld reset verified: episode=7221 attempts=1 state_sequence=30 mover_frame=31 position_world_cm=(-800.00, 0.00, 90.00) yaw_deg=0.00 mode=Walking position_error_cm=0.000 facing_error_deg=0.000 linear_speed_cm_per_sec=0.000 angular_speed_deg_per_sec=0.000; new episode may seed this state.
[2026.09.03-20.07.36:214][620]LogMotionWorldNetwork: Display: MotionWorld network observation sent: session=31E1BBC5684B episode=7221 observation=0 state_sequence=30 simulation_time_s=0.970000 facing_yaw_deg=0.000000 previous_action_present=false previous_action_source=-1.
[2026.09.03-20.07.36:214][620]LogMotionWorldBridge: Display: MotionWorld episode seeded: episode=7221 state_sequence=30 mover_step_frame=31 sim_time_s=0.970000.
[2026.09.03-20.07.36:265][621]LogMotionWorldBridge: Display: MotionWorld transition recorded: episode=7221 transition_sequence=0 previous_state_sequence=30 next_state_sequence=31 delta_s=0.051000 action_world_cm_per_sec=(0.00, 0.00, 0.00) action_local_cm_per_sec=(0.00, 0.00, 0.00) automated=true recorded=1 rejected=0.
[2026.09.03-20.07.36:265][621]LogMotionWorldBridge: Display: MotionWorld command echo: revision=6 frame=character_local resolved=true facing_yaw_deg=0.00 finite=true requested_frame=(0.00, 0.00, 0.00) submitted_world=(0.00, 0.00, 0.00) echoed_world=(0.00, 0.00, 0.00) match=true
[2026.09.03-20.07.36:269][621]LogMotionWorldNetwork: Display: MotionWorld network action accepted: session=31E1BBC5684B episode=7221 source_observation=0 desired_local_cm_per_sec=(100.000000, 0.000000) unreal_end_to_end_latency_ms=51.494207 current_identity_match=true before_deadline=true.
[2026.09.03-20.07.36:283][622]LogMotionWorldBridge: Display: MotionWorld command echo: revision=7 frame=character_local resolved=true facing_yaw_deg=0.00 finite=true requested_frame=(100.00, 0.00, 0.00) submitted_world=(100.00, 0.00, 0.00) echoed_world=(100.00, 0.00, 0.00) match=true
[2026.09.03-20.07.36:335][624]LogMotionWorldNetwork: Display: MotionWorld network observation sent: session=31E1BBC5684B episode=7221 observation=1 state_sequence=34 simulation_time_s=1.092000 facing_yaw_deg=0.000000 previous_action_present=true previous_action_source=0.
[2026.09.03-20.07.36:353][625]LogMotionWorldNetwork: Display: MotionWorld network action accepted: session=31E1BBC5684B episode=7221 source_observation=1 desired_local_cm_per_sec=(100.000000, 0.000000) unreal_end_to_end_latency_ms=17.579459 current_identity_match=true before_deadline=true.
[2026.09.03-20.07.36:369][626]LogMotionWorldBridge: Display: MotionWorld command echo: revision=8 frame=character_local resolved=true facing_yaw_deg=0.00 finite=true requested_frame=(100.00, 0.00, 0.00) submitted_world=(100.00, 0.00, 0.00) echoed_world=(100.00, 0.00, 0.00) match=true
[2026.09.03-20.07.36:422][629]LogMotionWorldNetwork: Display: MotionWorld network observation sent: session=31E1BBC5684B episode=7221 observation=2 state_sequence=39 simulation_time_s=1.178000 facing_yaw_deg=0.000000 previous_action_present=true previous_action_source=1.
[2026.09.03-20.07.36:440][630]LogMotionWorldNetwork: Display: MotionWorld network action accepted: session=31E1BBC5684B episode=7221 source_observation=2 desired_local_cm_per_sec=(100.000000, 0.000000) unreal_end_to_end_latency_ms=17.747793 current_identity_match=true before_deadline=true.
[2026.09.03-20.07.36:457][631]LogMotionWorldBridge: Display: MotionWorld command echo: revision=9 frame=character_local resolved=true facing_yaw_deg=0.00 finite=true requested_frame=(100.00, 0.00, 0.00) submitted_world=(100.00, 0.00, 0.00) echoed_world=(100.00, 0.00, 0.00) match=true
[2026.09.03-20.07.36:518][634]LogMotionWorldNetwork: Display: MotionWorld network observation sent: session=31E1BBC5684B episode=7221 observation=3 state_sequence=44 simulation_time_s=1.274000 facing_yaw_deg=0.000000 previous_action_present=true previous_action_source=2.
[2026.09.03-20.07.36:540][635]LogMotionWorldNetwork: Display: MotionWorld network action accepted: session=31E1BBC5684B episode=7221 source_observation=3 desired_local_cm_per_sec=(100.000000, 0.000000) unreal_end_to_end_latency_ms=21.694914 current_identity_match=true before_deadline=true.
[2026.09.03-20.07.36:560][636]LogMotionWorldBridge: Display: MotionWorld command echo: revision=10 frame=character_local resolved=true facing_yaw_deg=0.00 finite=true requested_frame=(100.00, 0.00, 0.00) submitted_world=(100.00, 0.00, 0.00) echoed_world=(100.00, 0.00, 0.00) match=true
[2026.09.03-20.07.36:621][639]LogMotionWorldNetwork: Display: MotionWorld network observation sent: session=31E1BBC5684B episode=7221 observation=4 state_sequence=49 simulation_time_s=1.377000 facing_yaw_deg=0.000000 previous_action_present=true previous_action_source=3.
[2026.09.03-20.07.36:642][640]LogMotionWorldNetwork: Display: MotionWorld network action accepted: session=31E1BBC5684B episode=7221 source_observation=4 desired_local_cm_per_sec=(100.000000, 0.000000) unreal_end_to_end_latency_ms=21.168709 current_identity_match=true before_deadline=true.
[2026.09.03-20.07.36:662][641]LogMotionWorldBridge: Display: MotionWorld command echo: revision=11 frame=character_local resolved=true facing_yaw_deg=0.00 finite=true requested_frame=(100.00, 0.00, 0.00) submitted_world=(100.00, 0.00, 0.00) echoed_world=(100.00, 0.00, 0.00) match=true
[2026.09.03-20.07.36:788][643]LogMotionWorldNetwork: Display: MotionWorld network observation sent: session=31E1BBC5684B episode=7221 observation=5 state_sequence=53 simulation_time_s=1.539000 facing_yaw_deg=0.000000 previous_action_present=true previous_action_source=4.
[2026.09.03-20.07.36:803][644]LogMotionWorldNetwork: Display: MotionWorld network action accepted: session=31E1BBC5684B episode=7221 source_observation=5 desired_local_cm_per_sec=(100.000000, 0.000000) unreal_end_to_end_latency_ms=14.713708 current_identity_match=true before_deadline=true.
[2026.09.03-20.07.36:820][645]LogMotionWorldNetwork: Display: MotionWorld network observation sent: session=31E1BBC5684B episode=7221 observation=6 state_sequence=55 simulation_time_s=1.573000 facing_yaw_deg=0.000000 previous_action_present=true previous_action_source=5.
[2026.09.03-20.07.36:820][645]LogMotionWorldBridge: Display: MotionWorld command echo: revision=12 frame=character_local resolved=true facing_yaw_deg=0.00 finite=true requested_frame=(100.00, 0.00, 0.00) submitted_world=(100.00, 0.00, 0.00) echoed_world=(100.00, 0.00, 0.00) match=true
[2026.09.03-20.07.36:837][646]LogMotionWorldNetwork: Display: MotionWorld network action accepted: session=31E1BBC5684B episode=7221 source_observation=6 desired_local_cm_per_sec=(100.000000, 0.000000) unreal_end_to_end_latency_ms=17.587457 current_identity_match=true before_deadline=true.
[2026.09.03-20.07.36:857][647]LogMotionWorldBridge: Display: MotionWorld command echo: revision=13 frame=character_local resolved=true facing_yaw_deg=0.00 finite=true requested_frame=(100.00, 0.00, 0.00) submitted_world=(100.00, 0.00, 0.00) echoed_world=(100.00, 0.00, 0.00) match=true
[2026.09.03-20.07.36:907][650]LogMotionWorldBridge: Display: MotionWorld state sample: protocol=1 sequence=60 valid=true mover_step_frame=61 sim_time_s=1.660000 step_s=0.016000 resim=false mode=Walking position_world_cm=(-754.11, 0.00, 88.27) velocity_world_cm_per_sec=(99.96, 0.00, 0.00) velocity_local_planar_cm_per_sec=(99.96, 0.00, 0.00) facing_yaw_deg=0.00 facing_unit_world=(1.000000, 0.000000) angular_velocity_world_deg_per_sec=(0.00, 0.00, 0.00)
[2026.09.03-20.07.36:926][651]LogMotionWorldNetwork: Display: MotionWorld network observation sent: session=31E1BBC5684B episode=7221 observation=7 state_sequence=61 simulation_time_s=1.679000 facing_yaw_deg=0.000000 previous_action_present=true previous_action_source=6.
[2026.09.03-20.07.36:949][652]LogMotionWorldNetwork: Display: MotionWorld network action accepted: session=31E1BBC5684B episode=7221 source_observation=7 desired_local_cm_per_sec=(100.000000, 0.000000) unreal_end_to_end_latency_ms=23.491543 current_identity_match=true before_deadline=true.
[2026.09.03-20.07.36:983][653]LogMotionWorldBridge: Display: MotionWorld command echo: revision=14 frame=character_local resolved=true facing_yaw_deg=0.00 finite=true requested_frame=(100.00, 0.00, 0.00) submitted_world=(100.00, 0.00, 0.00) echoed_world=(100.00, 0.00, 0.00) match=true
[2026.09.03-20.07.37:043][655]LogMotionWorldNetwork: Display: MotionWorld network observation sent: session=31E1BBC5684B episode=7221 observation=8 state_sequence=65 simulation_time_s=1.793000 facing_yaw_deg=0.000000 previous_action_present=true previous_action_source=7.
[2026.09.03-20.07.37:069][656]LogMotionWorldNetwork: Display: MotionWorld network action accepted: session=31E1BBC5684B episode=7221 source_observation=8 desired_local_cm_per_sec=(100.000000, 0.000000) unreal_end_to_end_latency_ms=26.416000 current_identity_match=true before_deadline=true.
[2026.09.03-20.07.37:090][657]LogMotionWorldBridge: Display: MotionWorld command echo: revision=15 frame=character_local resolved=true facing_yaw_deg=0.00 finite=true requested_frame=(100.00, 0.00, 0.00) submitted_world=(100.00, 0.00, 0.00) echoed_world=(100.00, 0.00, 0.00) match=true
[2026.09.03-20.07.37:136][659]LogMotionWorldNetwork: Display: MotionWorld network observation sent: session=31E1BBC5684B episode=7221 observation=9 state_sequence=69 simulation_time_s=1.886000 facing_yaw_deg=0.000000 previous_action_present=true previous_action_source=8.
[2026.09.03-20.07.37:158][660]LogMotionWorldNetwork: Display: MotionWorld network action accepted: session=31E1BBC5684B episode=7221 source_observation=9 desired_local_cm_per_sec=(100.000000, 0.000000) unreal_end_to_end_latency_ms=22.178166 current_identity_match=true before_deadline=true.
[2026.09.03-20.07.37:182][661]LogMotionWorldBridge: Display: MotionWorld command echo: revision=16 frame=character_local resolved=true facing_yaw_deg=0.00 finite=true requested_frame=(100.00, 0.00, 0.00) submitted_world=(100.00, 0.00, 0.00) echoed_world=(100.00, 0.00, 0.00) match=true
[2026.09.03-20.07.37:230][663]LogMotionWorldNetwork: Display: MotionWorld network observation sent: session=31E1BBC5684B episode=7221 observation=10 state_sequence=73 simulation_time_s=1.982000 facing_yaw_deg=0.000000 previous_action_present=true previous_action_source=9.
[2026.09.03-20.07.37:270][664]LogMotionWorldNetwork: Display: MotionWorld network action accepted: session=31E1BBC5684B episode=7221 source_observation=10 desired_local_cm_per_sec=(100.000000, 0.000000) unreal_end_to_end_latency_ms=40.140416 current_identity_match=true before_deadline=true.
[2026.09.03-20.07.37:299][665]LogMotionWorldBridge: Display: MotionWorld command echo: revision=17 frame=character_local resolved=true facing_yaw_deg=0.00 finite=true requested_frame=(100.00, 0.00, 0.00) submitted_world=(100.00, 0.00, 0.00) echoed_world=(100.00, 0.00, 0.00) match=true
[2026.09.03-20.07.37:317][666]LogMotionWorldNetwork: Display: MotionWorld network observation sent: session=31E1BBC5684B episode=7221 observation=11 state_sequence=76 simulation_time_s=2.070000 facing_yaw_deg=0.000000 previous_action_present=true previous_action_source=10.
[2026.09.03-20.07.37:344][667]LogMotionWorldNetwork: Display: MotionWorld network action accepted: session=31E1BBC5684B episode=7221 source_observation=11 desired_local_cm_per_sec=(100.000000, 0.000000) unreal_end_to_end_latency_ms=27.592707 current_identity_match=true before_deadline=true.
[2026.09.03-20.07.37:361][668]LogMotionWorldBridge: Display: MotionWorld command echo: revision=18 frame=character_local resolved=true facing_yaw_deg=0.00 finite=true requested_frame=(100.00, 0.00, 0.00) submitted_world=(100.00, 0.00, 0.00) echoed_world=(100.00, 0.00, 0.00) match=true
[2026.09.03-20.07.37:426][671]LogMotionWorldNetwork: Display: MotionWorld network observation sent: session=31E1BBC5684B episode=7221 observation=12 state_sequence=81 simulation_time_s=2.174000 facing_yaw_deg=0.000000 previous_action_present=true previous_action_source=11.
[2026.09.03-20.07.37:450][672]LogMotionWorldNetwork: Display: MotionWorld network action accepted: session=31E1BBC5684B episode=7221 source_observation=12 desired_local_cm_per_sec=(100.000000, 0.000000) unreal_end_to_end_latency_ms=24.055332 current_identity_match=true before_deadline=true.
[2026.09.03-20.07.37:473][673]LogMotionWorldBridge: Display: MotionWorld command echo: revision=19 frame=character_local resolved=true facing_yaw_deg=0.00 finite=true requested_frame=(100.00, 0.00, 0.00) submitted_world=(100.00, 0.00, 0.00) echoed_world=(100.00, 0.00, 0.00) match=true
[2026.09.03-20.07.37:520][675]LogMotionWorldNetwork: Display: MotionWorld network observation sent: session=31E1BBC5684B episode=7221 observation=13 state_sequence=85 simulation_time_s=2.270000 facing_yaw_deg=0.000000 previous_action_present=true previous_action_source=12.
[2026.09.03-20.07.37:546][676]LogMotionWorldNetwork: Display: MotionWorld network action accepted: session=31E1BBC5684B episode=7221 source_observation=13 desired_local_cm_per_sec=(100.000000, 0.000000) unreal_end_to_end_latency_ms=25.752332 current_identity_match=true before_deadline=true.
[2026.09.03-20.07.37:571][677]LogMotionWorldBridge: Display: MotionWorld command echo: revision=20 frame=character_local resolved=true facing_yaw_deg=0.00 finite=true requested_frame=(100.00, 0.00, 0.00) submitted_world=(100.00, 0.00, 0.00) echoed_world=(100.00, 0.00, 0.00) match=true
[2026.09.03-20.07.37:627][680]LogMotionWorldNetwork: Display: MotionWorld network observation sent: session=31E1BBC5684B episode=7221 observation=14 state_sequence=90 simulation_time_s=2.380000 facing_yaw_deg=0.000000 previous_action_present=true previous_action_source=13.
[2026.09.03-20.07.37:627][680]LogMotionWorldBridge: Display: MotionWorld transition recorded: episode=7221 transition_sequence=59 previous_state_sequence=89 next_state_sequence=90 delta_s=0.019000 action_world_cm_per_sec=(100.00, 0.00, 0.00) action_local_cm_per_sec=(100.00, 0.00, 0.00) automated=true recorded=60 rejected=0.
[2026.09.03-20.07.37:650][681]LogMotionWorldNetwork: Display: MotionWorld network action accepted: session=31E1BBC5684B episode=7221 source_observation=14 desired_local_cm_per_sec=(100.000000, 0.000000) unreal_end_to_end_latency_ms=22.252668 current_identity_match=true before_deadline=true.
[2026.09.03-20.07.37:668][682]LogMotionWorldBridge: Display: MotionWorld command echo: revision=21 frame=character_local resolved=true facing_yaw_deg=0.00 finite=true requested_frame=(100.00, 0.00, 0.00) submitted_world=(100.00, 0.00, 0.00) echoed_world=(100.00, 0.00, 0.00) match=true
[2026.09.03-20.07.37:733][685]LogMotionWorldNetwork: Display: MotionWorld network observation sent: session=31E1BBC5684B episode=7221 observation=15 state_sequence=95 simulation_time_s=2.483000 facing_yaw_deg=0.000000 previous_action_present=true previous_action_source=14.
[2026.09.03-20.07.37:759][686]LogMotionWorldNetwork: Display: MotionWorld network action accepted: session=31E1BBC5684B episode=7221 source_observation=15 desired_local_cm_per_sec=(100.000000, 0.000000) unreal_end_to_end_latency_ms=25.052790 current_identity_match=true before_deadline=true.
[2026.09.03-20.07.37:779][687]LogMotionWorldBridge: Display: MotionWorld command echo: revision=22 frame=character_local resolved=true facing_yaw_deg=0.00 finite=true requested_frame=(100.00, 0.00, 0.00) submitted_world=(100.00, 0.00, 0.00) echoed_world=(100.00, 0.00, 0.00) match=true
[2026.09.03-20.07.37:825][689]LogMotionWorldNetwork: Display: MotionWorld network observation sent: session=31E1BBC5684B episode=7221 observation=16 state_sequence=99 simulation_time_s=2.576000 facing_yaw_deg=0.000000 previous_action_present=true previous_action_source=15.
[2026.09.03-20.07.37:844][690]LogMotionWorldNetwork: Display: MotionWorld network action accepted: session=31E1BBC5684B episode=7221 source_observation=16 desired_local_cm_per_sec=(100.000000, 0.000000) unreal_end_to_end_latency_ms=19.212626 current_identity_match=true before_deadline=true.
[2026.09.03-20.07.37:863][691]LogMotionWorldBridge: Display: MotionWorld command echo: revision=23 frame=character_local resolved=true facing_yaw_deg=0.00 finite=true requested_frame=(100.00, 0.00, 0.00) submitted_world=(100.00, 0.00, 0.00) echoed_world=(100.00, 0.00, 0.00) match=true
[2026.09.03-20.07.37:919][694]LogMotionWorldNetwork: Display: MotionWorld network observation sent: session=31E1BBC5684B episode=7221 observation=17 state_sequence=104 simulation_time_s=2.671000 facing_yaw_deg=0.000000 previous_action_present=true previous_action_source=16.
[2026.09.03-20.07.37:944][695]LogMotionWorldNetwork: Display: MotionWorld network action accepted: session=31E1BBC5684B episode=7221 source_observation=17 desired_local_cm_per_sec=(100.000000, 0.000000) unreal_end_to_end_latency_ms=24.109833 current_identity_match=true before_deadline=true.
[2026.09.03-20.07.37:961][696]LogMotionWorldBridge: Display: MotionWorld command echo: revision=24 frame=character_local resolved=true facing_yaw_deg=0.00 finite=true requested_frame=(100.00, 0.00, 0.00) submitted_world=(100.00, 0.00, 0.00) echoed_world=(100.00, 0.00, 0.00) match=true
[2026.09.03-20.07.38:019][699]LogMotionWorldNetwork: Display: MotionWorld network observation sent: session=31E1BBC5684B episode=7221 observation=18 state_sequence=109 simulation_time_s=2.771000 facing_yaw_deg=0.000000 previous_action_present=true previous_action_source=17.
[2026.09.03-20.07.38:040][700]LogMotionWorldNetwork: Display: MotionWorld network action accepted: session=31E1BBC5684B episode=7221 source_observation=18 desired_local_cm_per_sec=(100.000000, 0.000000) unreal_end_to_end_latency_ms=19.986290 current_identity_match=true before_deadline=true.
[2026.09.03-20.07.38:057][701]LogMotionWorldBridge: Display: MotionWorld command echo: revision=25 frame=character_local resolved=true facing_yaw_deg=0.00 finite=true requested_frame=(100.00, 0.00, 0.00) submitted_world=(100.00, 0.00, 0.00) echoed_world=(100.00, 0.00, 0.00) match=true
[2026.09.03-20.07.38:129][705]LogMotionWorldNetwork: Display: MotionWorld network observation sent: session=31E1BBC5684B episode=7221 observation=19 state_sequence=115 simulation_time_s=2.881000 facing_yaw_deg=0.000000 previous_action_present=true previous_action_source=18.
[2026.09.03-20.07.38:150][706]LogMotionWorldNetwork: Display: MotionWorld network action accepted: session=31E1BBC5684B episode=7221 source_observation=19 desired_local_cm_per_sec=(100.000000, 0.000000) unreal_end_to_end_latency_ms=20.596877 current_identity_match=true before_deadline=true.
[2026.09.03-20.07.38:171][707]LogMotionWorldBridge: Display: MotionWorld command echo: revision=26 frame=character_local resolved=true facing_yaw_deg=0.00 finite=true requested_frame=(100.00, 0.00, 0.00) submitted_world=(100.00, 0.00, 0.00) echoed_world=(100.00, 0.00, 0.00) match=true
[2026.09.03-20.07.38:225][710]LogMotionWorldBridge: Display: MotionWorld state sample: protocol=1 sequence=120 valid=true mover_step_frame=121 sim_time_s=2.978000 step_s=0.018000 resim=false mode=Walking position_world_cm=(-622.31, 0.00, 88.27) velocity_world_cm_per_sec=(100.00, 0.00, 0.00) velocity_local_planar_cm_per_sec=(100.00, 0.00, 0.00) facing_yaw_deg=0.00 facing_unit_world=(1.000000, 0.000000) angular_velocity_world_deg_per_sec=(0.00, 0.00, 0.00)
[2026.09.03-20.07.38:225][710]LogMotionWorldNetwork: Display: MotionWorld network observation sent: session=31E1BBC5684B episode=7221 observation=20 state_sequence=120 simulation_time_s=2.978000 facing_yaw_deg=0.000000 previous_action_present=true previous_action_source=19.
[2026.09.03-20.07.38:253][711]LogMotionWorldNetwork: Display: MotionWorld network action accepted: session=31E1BBC5684B episode=7221 source_observation=20 desired_local_cm_per_sec=(100.000000, 0.000000) unreal_end_to_end_latency_ms=27.354874 current_identity_match=true before_deadline=true.
[2026.09.03-20.07.38:269][712]LogMotionWorldBridge: Display: MotionWorld command echo: revision=27 frame=character_local resolved=true facing_yaw_deg=0.00 finite=true requested_frame=(100.00, 0.00, 0.00) submitted_world=(100.00, 0.00, 0.00) echoed_world=(100.00, 0.00, 0.00) match=true
[2026.09.03-20.07.38:333][715]LogMotionWorldNetwork: Display: MotionWorld network observation sent: session=31E1BBC5684B episode=7221 observation=21 state_sequence=125 simulation_time_s=3.083000 facing_yaw_deg=0.000000 previous_action_present=true previous_action_source=20.
[2026.09.03-20.07.38:352][716]LogMotionWorldNetwork: Display: MotionWorld network action accepted: session=31E1BBC5684B episode=7221 source_observation=21 desired_local_cm_per_sec=(100.000000, 0.000000) unreal_end_to_end_latency_ms=18.965919 current_identity_match=true before_deadline=true.
[2026.09.03-20.07.38:371][717]LogMotionWorldBridge: Display: MotionWorld command echo: revision=28 frame=character_local resolved=true facing_yaw_deg=0.00 finite=true requested_frame=(100.00, 0.00, 0.00) submitted_world=(100.00, 0.00, 0.00) echoed_world=(100.00, 0.00, 0.00) match=true
[2026.09.03-20.07.38:429][720]LogMotionWorldNetwork: Display: MotionWorld network observation sent: session=31E1BBC5684B episode=7221 observation=22 state_sequence=130 simulation_time_s=3.179000 facing_yaw_deg=0.000000 previous_action_present=true previous_action_source=21.
[2026.09.03-20.07.38:447][721]LogMotionWorldNetwork: Display: MotionWorld network action accepted: session=31E1BBC5684B episode=7221 source_observation=22 desired_local_cm_per_sec=(100.000000, 0.000000) unreal_end_to_end_latency_ms=18.494125 current_identity_match=true before_deadline=true.
[2026.09.03-20.07.38:466][722]LogMotionWorldBridge: Display: MotionWorld command echo: revision=29 frame=character_local resolved=true facing_yaw_deg=0.00 finite=true requested_frame=(100.00, 0.00, 0.00) submitted_world=(100.00, 0.00, 0.00) echoed_world=(100.00, 0.00, 0.00) match=true
[2026.09.03-20.07.38:522][725]LogMotionWorldNetwork: Display: MotionWorld network observation sent: session=31E1BBC5684B episode=7221 observation=23 state_sequence=135 simulation_time_s=3.274000 facing_yaw_deg=0.000000 previous_action_present=true previous_action_source=22.
[2026.09.03-20.07.38:541][726]LogMotionWorldNetwork: Display: MotionWorld network action accepted: session=31E1BBC5684B episode=7221 source_observation=23 desired_local_cm_per_sec=(100.000000, 0.000000) unreal_end_to_end_latency_ms=18.760916 current_identity_match=true before_deadline=true.
[2026.09.03-20.07.38:560][727]LogMotionWorldBridge: Display: MotionWorld command echo: revision=30 frame=character_local resolved=true facing_yaw_deg=0.00 finite=true requested_frame=(100.00, 0.00, 0.00) submitted_world=(100.00, 0.00, 0.00) echoed_world=(100.00, 0.00, 0.00) match=true
[2026.09.03-20.07.38:635][731]LogMotionWorldNetwork: Display: MotionWorld network observation sent: session=31E1BBC5684B episode=7221 observation=24 state_sequence=141 simulation_time_s=3.387000 facing_yaw_deg=0.000000 previous_action_present=true previous_action_source=23.
[2026.09.03-20.07.38:653][732]LogMotionWorldNetwork: Display: MotionWorld network action accepted: session=31E1BBC5684B episode=7221 source_observation=24 desired_local_cm_per_sec=(100.000000, 0.000000) unreal_end_to_end_latency_ms=17.638583 current_identity_match=true before_deadline=true.
[2026.09.03-20.07.38:671][733]LogMotionWorldBridge: Display: MotionWorld command echo: revision=31 frame=character_local resolved=true facing_yaw_deg=0.00 finite=true requested_frame=(100.00, 0.00, 0.00) submitted_world=(100.00, 0.00, 0.00) echoed_world=(100.00, 0.00, 0.00) match=true
[2026.09.03-20.07.38:732][736]LogMotionWorldNetwork: Display: MotionWorld network observation sent: session=31E1BBC5684B episode=7221 observation=25 state_sequence=146 simulation_time_s=3.485000 facing_yaw_deg=0.000000 previous_action_present=true previous_action_source=24.
[2026.09.03-20.07.38:750][737]LogMotionWorldNetwork: Display: MotionWorld network action accepted: session=31E1BBC5684B episode=7221 source_observation=25 desired_local_cm_per_sec=(100.000000, 0.000000) unreal_end_to_end_latency_ms=18.622667 current_identity_match=true before_deadline=true.
[2026.09.03-20.07.38:769][738]LogMotionWorldBridge: Display: MotionWorld command echo: revision=32 frame=character_local resolved=true facing_yaw_deg=0.00 finite=true requested_frame=(100.00, 0.00, 0.00) submitted_world=(100.00, 0.00, 0.00) echoed_world=(100.00, 0.00, 0.00) match=true
[2026.09.03-20.07.38:813][740]LogMotionWorldBridge: Display: MotionWorld transition recorded: episode=7221 transition_sequence=119 previous_state_sequence=149 next_state_sequence=150 delta_s=0.022000 action_world_cm_per_sec=(100.00, 0.00, 0.00) action_local_cm_per_sec=(100.00, 0.00, 0.00) automated=true recorded=120 rejected=0.
[2026.09.03-20.07.38:832][741]LogMotionWorldNetwork: Display: MotionWorld network observation sent: session=31E1BBC5684B episode=7221 observation=26 state_sequence=151 simulation_time_s=3.584000 facing_yaw_deg=0.000000 previous_action_present=true previous_action_source=25.
[2026.09.03-20.07.38:851][742]LogMotionWorldNetwork: Display: MotionWorld network action accepted: session=31E1BBC5684B episode=7221 source_observation=26 desired_local_cm_per_sec=(100.000000, 0.000000) unreal_end_to_end_latency_ms=19.273791 current_identity_match=true before_deadline=true.
[2026.09.03-20.07.38:868][743]LogMotionWorldBridge: Display: MotionWorld command echo: revision=33 frame=character_local resolved=true facing_yaw_deg=0.00 finite=true requested_frame=(100.00, 0.00, 0.00) submitted_world=(100.00, 0.00, 0.00) echoed_world=(100.00, 0.00, 0.00) match=true
[2026.09.03-20.07.38:923][746]LogMotionWorldNetwork: Display: MotionWorld network observation sent: session=31E1BBC5684B episode=7221 observation=27 state_sequence=156 simulation_time_s=3.675000 facing_yaw_deg=0.000000 previous_action_present=true previous_action_source=26.
[2026.09.03-20.07.38:944][747]LogMotionWorldNetwork: Display: MotionWorld network action accepted: session=31E1BBC5684B episode=7221 source_observation=27 desired_local_cm_per_sec=(100.000000, 0.000000) unreal_end_to_end_latency_ms=20.413458 current_identity_match=true before_deadline=true.
[2026.09.03-20.07.38:960][748]LogMotionWorldBridge: Display: MotionWorld command echo: revision=34 frame=character_local resolved=true facing_yaw_deg=0.00 finite=true requested_frame=(100.00, 0.00, 0.00) submitted_world=(100.00, 0.00, 0.00) echoed_world=(100.00, 0.00, 0.00) match=true
[2026.09.03-20.07.39:020][751]LogMotionWorldNetwork: Display: MotionWorld network observation sent: session=31E1BBC5684B episode=7221 observation=28 state_sequence=161 simulation_time_s=3.772000 facing_yaw_deg=0.000000 previous_action_present=true previous_action_source=27.
[2026.09.03-20.07.39:038][752]LogMotionWorldNetwork: Display: MotionWorld network action accepted: session=31E1BBC5684B episode=7221 source_observation=28 desired_local_cm_per_sec=(100.000000, 0.000000) unreal_end_to_end_latency_ms=18.567372 current_identity_match=true before_deadline=true.
[2026.09.03-20.07.39:061][753]LogMotionWorldBridge: Display: MotionWorld command echo: revision=35 frame=character_local resolved=true facing_yaw_deg=0.00 finite=true requested_frame=(100.00, 0.00, 0.00) submitted_world=(100.00, 0.00, 0.00) echoed_world=(100.00, 0.00, 0.00) match=true
[2026.09.03-20.07.39:129][757]LogMotionWorldNetwork: Display: MotionWorld network observation sent: session=31E1BBC5684B episode=7221 observation=29 state_sequence=167 simulation_time_s=3.882000 facing_yaw_deg=0.000000 previous_action_present=true previous_action_source=28.
[2026.09.03-20.07.39:147][758]LogMotionWorldNetwork: Display: MotionWorld network action accepted: session=31E1BBC5684B episode=7221 source_observation=29 desired_local_cm_per_sec=(100.000000, 0.000000) unreal_end_to_end_latency_ms=18.542543 current_identity_match=true before_deadline=true.
[2026.09.03-20.07.39:165][759]LogMotionWorldBridge: Display: MotionWorld command echo: revision=36 frame=character_local resolved=true facing_yaw_deg=0.00 finite=true requested_frame=(100.00, 0.00, 0.00) submitted_world=(100.00, 0.00, 0.00) echoed_world=(100.00, 0.00, 0.00) match=true
[2026.09.03-20.07.39:219][762]LogMotionWorldNetwork: Display: MotionWorld network observation sent: session=31E1BBC5684B episode=7221 observation=30 state_sequence=172 simulation_time_s=3.972000 facing_yaw_deg=0.000000 previous_action_present=true previous_action_source=29.
[2026.09.03-20.07.39:238][763]LogMotionWorldNetwork: Display: MotionWorld network action accepted: session=31E1BBC5684B episode=7221 source_observation=30 desired_local_cm_per_sec=(100.000000, 0.000000) unreal_end_to_end_latency_ms=18.874377 current_identity_match=true before_deadline=true.
[2026.09.03-20.07.39:257][764]LogMotionWorldBridge: Display: MotionWorld command echo: revision=37 frame=character_local resolved=true facing_yaw_deg=0.00 finite=true requested_frame=(100.00, 0.00, 0.00) submitted_world=(100.00, 0.00, 0.00) echoed_world=(100.00, 0.00, 0.00) match=true
[2026.09.03-20.07.39:332][768]LogMotionWorldNetwork: Display: MotionWorld network observation sent: session=31E1BBC5684B episode=7221 observation=31 state_sequence=178 simulation_time_s=4.085000 facing_yaw_deg=0.000000 previous_action_present=true previous_action_source=30.
[2026.09.03-20.07.39:355][769]LogMotionWorldNetwork: Display: MotionWorld network action accepted: session=31E1BBC5684B episode=7221 source_observation=31 desired_local_cm_per_sec=(100.000000, 0.000000) unreal_end_to_end_latency_ms=22.285290 current_identity_match=true before_deadline=true.
[2026.09.03-20.07.39:373][770]LogMotionWorldBridge: Display: MotionWorld state sample: protocol=1 sequence=180 valid=true mover_step_frame=181 sim_time_s=4.125000 step_s=0.021000 resim=false mode=Walking position_world_cm=(-507.61, 0.00, 88.27) velocity_world_cm_per_sec=(100.00, 0.00, 0.00) velocity_local_planar_cm_per_sec=(100.00, 0.00, 0.00) facing_yaw_deg=0.00 facing_unit_world=(1.000000, 0.000000) angular_velocity_world_deg_per_sec=(0.00, 0.00, 0.00)
[2026.09.03-20.07.39:373][770]LogMotionWorldBridge: Display: MotionWorld command echo: revision=38 frame=character_local resolved=true facing_yaw_deg=0.00 finite=true requested_frame=(100.00, 0.00, 0.00) submitted_world=(100.00, 0.00, 0.00) echoed_world=(100.00, 0.00, 0.00) match=true
[2026.09.03-20.07.39:442][773]LogMotionWorldNetwork: Display: MotionWorld network observation sent: session=31E1BBC5684B episode=7221 observation=32 state_sequence=183 simulation_time_s=4.183000 facing_yaw_deg=0.000000 previous_action_present=true previous_action_source=31.
[2026.09.03-20.07.39:466][774]LogMotionWorldNetwork: Display: MotionWorld network action accepted: session=31E1BBC5684B episode=7221 source_observation=32 desired_local_cm_per_sec=(100.000000, 0.000000) unreal_end_to_end_latency_ms=27.864955 current_identity_match=true before_deadline=true.
[2026.09.03-20.07.39:482][775]LogMotionWorldBridge: Display: MotionWorld command echo: revision=39 frame=character_local resolved=true facing_yaw_deg=0.00 finite=true requested_frame=(100.00, 0.00, 0.00) submitted_world=(100.00, 0.00, 0.00) echoed_world=(100.00, 0.00, 0.00) match=true
[2026.09.03-20.07.39:534][778]LogMotionWorldNetwork: Display: MotionWorld network observation sent: session=31E1BBC5684B episode=7221 observation=33 state_sequence=188 simulation_time_s=4.286000 facing_yaw_deg=0.000000 previous_action_present=true previous_action_source=32.
[2026.09.03-20.07.39:553][779]LogMotionWorldNetwork: Display: MotionWorld network action accepted: session=31E1BBC5684B episode=7221 source_observation=33 desired_local_cm_per_sec=(100.000000, 0.000000) unreal_end_to_end_latency_ms=19.085586 current_identity_match=true before_deadline=true.
[2026.09.03-20.07.39:571][780]LogMotionWorldBridge: Display: MotionWorld command echo: revision=40 frame=character_local resolved=true facing_yaw_deg=0.00 finite=true requested_frame=(100.00, 0.00, 0.00) submitted_world=(100.00, 0.00, 0.00) echoed_world=(100.00, 0.00, 0.00) match=true
[2026.09.03-20.07.39:627][783]LogMotionWorldNetwork: Display: MotionWorld network observation sent: session=31E1BBC5684B episode=7221 observation=34 state_sequence=193 simulation_time_s=4.378000 facing_yaw_deg=0.000000 previous_action_present=true previous_action_source=33.
[2026.09.03-20.07.39:646][784]LogMotionWorldNetwork: Display: MotionWorld network action accepted: session=31E1BBC5684B episode=7221 source_observation=34 desired_local_cm_per_sec=(100.000000, 0.000000) unreal_end_to_end_latency_ms=19.050043 current_identity_match=true before_deadline=true.
[2026.09.03-20.07.39:665][785]LogMotionWorldBridge: Display: MotionWorld command echo: revision=41 frame=character_local resolved=true facing_yaw_deg=0.00 finite=true requested_frame=(100.00, 0.00, 0.00) submitted_world=(100.00, 0.00, 0.00) echoed_world=(100.00, 0.00, 0.00) match=true
[2026.09.03-20.07.39:720][788]LogMotionWorldNetwork: Display: MotionWorld network observation sent: session=31E1BBC5684B episode=7221 observation=35 state_sequence=198 simulation_time_s=4.471000 facing_yaw_deg=0.000000 previous_action_present=true previous_action_source=34.
[2026.09.03-20.07.39:739][789]LogMotionWorldNetwork: Display: MotionWorld network action accepted: session=31E1BBC5684B episode=7221 source_observation=35 desired_local_cm_per_sec=(100.000000, 0.000000) unreal_end_to_end_latency_ms=18.729709 current_identity_match=true before_deadline=true.
[2026.09.03-20.07.39:756][790]LogMotionWorldBridge: Display: MotionWorld command echo: revision=42 frame=character_local resolved=true facing_yaw_deg=0.00 finite=true requested_frame=(100.00, 0.00, 0.00) submitted_world=(100.00, 0.00, 0.00) echoed_world=(100.00, 0.00, 0.00) match=true
[2026.09.03-20.07.39:828][794]LogMotionWorldNetwork: Display: MotionWorld network observation sent: session=31E1BBC5684B episode=7221 observation=36 state_sequence=204 simulation_time_s=4.581000 facing_yaw_deg=0.000000 previous_action_present=true previous_action_source=35.
[2026.09.03-20.07.39:845][795]LogMotionWorldNetwork: Display: MotionWorld network action accepted: session=31E1BBC5684B episode=7221 source_observation=36 desired_local_cm_per_sec=(100.000000, 0.000000) unreal_end_to_end_latency_ms=16.652044 current_identity_match=true before_deadline=true.
[2026.09.03-20.07.39:862][796]LogMotionWorldBridge: Display: MotionWorld command echo: revision=43 frame=character_local resolved=true facing_yaw_deg=0.00 finite=true requested_frame=(100.00, 0.00, 0.00) submitted_world=(100.00, 0.00, 0.00) echoed_world=(100.00, 0.00, 0.00) match=true
[2026.09.03-20.07.39:933][800]LogMotionWorldNetwork: Display: MotionWorld network observation sent: session=31E1BBC5684B episode=7221 observation=37 state_sequence=210 simulation_time_s=4.684000 facing_yaw_deg=0.000000 previous_action_present=true previous_action_source=36.
[2026.09.03-20.07.39:933][800]LogMotionWorldBridge: Display: MotionWorld transition recorded: episode=7221 transition_sequence=179 previous_state_sequence=209 next_state_sequence=210 delta_s=0.018000 action_world_cm_per_sec=(100.00, 0.00, 0.00) action_local_cm_per_sec=(100.00, 0.00, 0.00) automated=true recorded=180 rejected=0.
[2026.09.03-20.07.39:955][801]LogMotionWorldNetwork: Display: MotionWorld network action accepted: session=31E1BBC5684B episode=7221 source_observation=37 desired_local_cm_per_sec=(100.000000, 0.000000) unreal_end_to_end_latency_ms=21.530207 current_identity_match=true before_deadline=true.
[2026.09.03-20.07.39:974][802]LogMotionWorldBridge: Display: MotionWorld command echo: revision=44 frame=character_local resolved=true facing_yaw_deg=0.00 finite=true requested_frame=(100.00, 0.00, 0.00) submitted_world=(100.00, 0.00, 0.00) echoed_world=(100.00, 0.00, 0.00) match=true
[2026.09.03-20.07.40:031][805]LogMotionWorldNetwork: Display: MotionWorld network observation sent: session=31E1BBC5684B episode=7221 observation=38 state_sequence=215 simulation_time_s=4.784000 facing_yaw_deg=0.000000 previous_action_present=true previous_action_source=37.
[2026.09.03-20.07.40:051][806]LogMotionWorldNetwork: Display: MotionWorld network action accepted: session=31E1BBC5684B episode=7221 source_observation=38 desired_local_cm_per_sec=(100.000000, 0.000000) unreal_end_to_end_latency_ms=19.942418 current_identity_match=true before_deadline=true.
[2026.09.03-20.07.40:069][807]LogMotionWorldBridge: Display: MotionWorld command echo: revision=45 frame=character_local resolved=true facing_yaw_deg=0.00 finite=true requested_frame=(100.00, 0.00, 0.00) submitted_world=(100.00, 0.00, 0.00) echoed_world=(100.00, 0.00, 0.00) match=true
[2026.09.03-20.07.40:124][810]LogMotionWorldNetwork: Display: MotionWorld network observation sent: session=31E1BBC5684B episode=7221 observation=39 state_sequence=220 simulation_time_s=4.876000 facing_yaw_deg=0.000000 previous_action_present=true previous_action_source=38.
[2026.09.03-20.07.40:140][811]LogMotionWorldNetwork: Display: MotionWorld network action accepted: session=31E1BBC5684B episode=7221 source_observation=39 desired_local_cm_per_sec=(100.000000, 0.000000) unreal_end_to_end_latency_ms=16.009249 current_identity_match=true before_deadline=true.
[2026.09.03-20.07.40:155][812]LogMotionWorldBridge: Display: MotionWorld command echo: revision=46 frame=character_local resolved=true facing_yaw_deg=0.00 finite=true requested_frame=(100.00, 0.00, 0.00) submitted_world=(100.00, 0.00, 0.00) echoed_world=(100.00, 0.00, 0.00) match=true
[2026.09.03-20.07.40:233][816]LogMotionWorldNetwork: Display: MotionWorld network observation sent: session=31E1BBC5684B episode=7221 observation=40 state_sequence=226 simulation_time_s=4.984000 facing_yaw_deg=0.000000 previous_action_present=true previous_action_source=39.
[2026.09.03-20.07.40:258][817]LogMotionWorldNetwork: Display: MotionWorld network action accepted: session=31E1BBC5684B episode=7221 source_observation=40 desired_local_cm_per_sec=(100.000000, 0.000000) unreal_end_to_end_latency_ms=24.884790 current_identity_match=true before_deadline=true.
[2026.09.03-20.07.40:277][818]LogMotionWorldBridge: Display: MotionWorld command echo: revision=47 frame=character_local resolved=true facing_yaw_deg=0.00 finite=true requested_frame=(100.00, 0.00, 0.00) submitted_world=(100.00, 0.00, 0.00) echoed_world=(100.00, 0.00, 0.00) match=true
[2026.09.03-20.07.40:333][821]LogMotionWorldNetwork: Display: MotionWorld network observation sent: session=31E1BBC5684B episode=7221 observation=41 state_sequence=231 simulation_time_s=5.085000 facing_yaw_deg=0.000000 previous_action_present=true previous_action_source=40.
[2026.09.03-20.07.40:352][822]LogMotionWorldNetwork: Display: MotionWorld network action accepted: session=31E1BBC5684B episode=7221 source_observation=41 desired_local_cm_per_sec=(100.000000, 0.000000) unreal_end_to_end_latency_ms=18.960293 current_identity_match=true before_deadline=true.
[2026.09.03-20.07.40:369][823]LogMotionWorldBridge: Display: MotionWorld command echo: revision=48 frame=character_local resolved=true facing_yaw_deg=0.00 finite=true requested_frame=(100.00, 0.00, 0.00) submitted_world=(100.00, 0.00, 0.00) echoed_world=(100.00, 0.00, 0.00) match=true
[2026.09.03-20.07.40:422][826]LogMotionWorldNetwork: Display: MotionWorld network observation sent: session=31E1BBC5684B episode=7221 observation=42 state_sequence=236 simulation_time_s=5.175000 facing_yaw_deg=0.000000 previous_action_present=true previous_action_source=41.
[2026.09.03-20.07.40:452][827]LogMotionWorldNetwork: Display: MotionWorld network action accepted: session=31E1BBC5684B episode=7221 source_observation=42 desired_local_cm_per_sec=(100.000000, 0.000000) unreal_end_to_end_latency_ms=29.541042 current_identity_match=true before_deadline=true.
[2026.09.03-20.07.40:470][828]LogMotionWorldBridge: Display: MotionWorld command echo: revision=49 frame=character_local resolved=true facing_yaw_deg=0.00 finite=true requested_frame=(100.00, 0.00, 0.00) submitted_world=(100.00, 0.00, 0.00) echoed_world=(100.00, 0.00, 0.00) match=true
[2026.09.03-20.07.40:506][830]LogMotionWorldBridge: Display: MotionWorld state sample: protocol=1 sequence=240 valid=true mover_step_frame=241 sim_time_s=5.258000 step_s=0.018000 resim=false mode=Walking position_world_cm=(-394.31, 0.00, 88.27) velocity_world_cm_per_sec=(100.00, 0.00, 0.00) velocity_local_planar_cm_per_sec=(100.00, 0.00, 0.00) facing_yaw_deg=0.00 facing_unit_world=(1.000000, 0.000000) angular_velocity_world_deg_per_sec=(0.00, 0.00, 0.00)
[2026.09.03-20.07.40:526][831]LogMotionWorldNetwork: Display: MotionWorld network observation sent: session=31E1BBC5684B episode=7221 observation=43 state_sequence=241 simulation_time_s=5.277000 facing_yaw_deg=0.000000 previous_action_present=true previous_action_source=42.
[2026.09.03-20.07.40:548][832]LogMotionWorldNetwork: Display: MotionWorld network action accepted: session=31E1BBC5684B episode=7221 source_observation=43 desired_local_cm_per_sec=(100.000000, 0.000000) unreal_end_to_end_latency_ms=22.258207 current_identity_match=true before_deadline=true.
[2026.09.03-20.07.40:584][833]LogMotionWorldBridge: Display: MotionWorld command echo: revision=50 frame=character_local resolved=true facing_yaw_deg=0.00 finite=true requested_frame=(100.00, 0.00, 0.00) submitted_world=(100.00, 0.00, 0.00) echoed_world=(100.00, 0.00, 0.00) match=true
[2026.09.03-20.07.40:629][835]LogMotionWorldNetwork: Display: MotionWorld network observation sent: session=31E1BBC5684B episode=7221 observation=44 state_sequence=245 simulation_time_s=5.377000 facing_yaw_deg=0.000000 previous_action_present=true previous_action_source=43.
[2026.09.03-20.07.40:653][836]LogMotionWorldNetwork: Display: MotionWorld network action accepted: session=31E1BBC5684B episode=7221 source_observation=44 desired_local_cm_per_sec=(100.000000, 0.000000) unreal_end_to_end_latency_ms=23.940876 current_identity_match=true before_deadline=true.
[2026.09.03-20.07.40:671][837]LogMotionWorldBridge: Display: MotionWorld command echo: revision=51 frame=character_local resolved=true facing_yaw_deg=0.00 finite=true requested_frame=(100.00, 0.00, 0.00) submitted_world=(100.00, 0.00, 0.00) echoed_world=(100.00, 0.00, 0.00) match=true
[2026.09.03-20.07.40:741][840]LogMotionWorldNetwork: Display: MotionWorld network observation sent: session=31E1BBC5684B episode=7221 observation=45 state_sequence=250 simulation_time_s=5.489000 facing_yaw_deg=0.000000 previous_action_present=true previous_action_source=44.
[2026.09.03-20.07.40:764][841]LogMotionWorldNetwork: Display: MotionWorld network action accepted: session=31E1BBC5684B episode=7221 source_observation=45 desired_local_cm_per_sec=(100.000000, 0.000000) unreal_end_to_end_latency_ms=23.165919 current_identity_match=true before_deadline=true.
[2026.09.03-20.07.40:785][842]LogMotionWorldBridge: Display: MotionWorld command echo: revision=52 frame=character_local resolved=true facing_yaw_deg=0.00 finite=true requested_frame=(100.00, 0.00, 0.00) submitted_world=(100.00, 0.00, 0.00) echoed_world=(100.00, 0.00, 0.00) match=true
[2026.09.03-20.07.40:829][844]LogMotionWorldNetwork: Display: MotionWorld network observation sent: session=31E1BBC5684B episode=7221 observation=46 state_sequence=254 simulation_time_s=5.581000 facing_yaw_deg=0.000000 previous_action_present=true previous_action_source=45.
[2026.09.03-20.07.40:852][845]LogMotionWorldNetwork: Display: MotionWorld network action accepted: session=31E1BBC5684B episode=7221 source_observation=46 desired_local_cm_per_sec=(100.000000, 0.000000) unreal_end_to_end_latency_ms=22.844873 current_identity_match=true before_deadline=true.
[2026.09.03-20.07.40:876][846]LogMotionWorldBridge: Display: MotionWorld command echo: revision=53 frame=character_local resolved=true facing_yaw_deg=0.00 finite=true requested_frame=(100.00, 0.00, 0.00) submitted_world=(100.00, 0.00, 0.00) echoed_world=(100.00, 0.00, 0.00) match=true
[2026.09.03-20.07.40:948][849]LogMotionWorldNetwork: Display: MotionWorld network observation sent: session=31E1BBC5684B episode=7221 observation=47 state_sequence=259 simulation_time_s=5.696000 facing_yaw_deg=0.000000 previous_action_present=true previous_action_source=46.
[2026.09.03-20.07.40:973][850]LogMotionWorldNetwork: Display: MotionWorld network action accepted: session=31E1BBC5684B episode=7221 source_observation=47 desired_local_cm_per_sec=(100.000000, 0.000000) unreal_end_to_end_latency_ms=25.301456 current_identity_match=true before_deadline=true.
[2026.09.03-20.07.40:997][851]LogMotionWorldBridge: Display: MotionWorld command echo: revision=54 frame=character_local resolved=true facing_yaw_deg=0.00 finite=true requested_frame=(100.00, 0.00, 0.00) submitted_world=(100.00, 0.00, 0.00) echoed_world=(100.00, 0.00, 0.00) match=true
[2026.09.03-20.07.41:020][852]LogMotionWorldNetwork: Display: MotionWorld network observation sent: session=31E1BBC5684B episode=7221 observation=48 state_sequence=262 simulation_time_s=5.772000 facing_yaw_deg=0.000000 previous_action_present=true previous_action_source=47.
[2026.09.03-20.07.41:043][853]LogMotionWorldNetwork: Display: MotionWorld network action accepted: session=31E1BBC5684B episode=7221 source_observation=48 desired_local_cm_per_sec=(100.000000, 0.000000) unreal_end_to_end_latency_ms=22.919293 current_identity_match=true before_deadline=true.
[2026.09.03-20.07.41:064][854]LogMotionWorldBridge: Display: MotionWorld command echo: revision=55 frame=character_local resolved=true facing_yaw_deg=0.00 finite=true requested_frame=(100.00, 0.00, 0.00) submitted_world=(100.00, 0.00, 0.00) echoed_world=(100.00, 0.00, 0.00) match=true
[2026.09.03-20.07.41:135][857]LogMotionWorldNetwork: Display: MotionWorld network observation sent: session=31E1BBC5684B episode=7221 observation=49 state_sequence=267 simulation_time_s=5.885000 facing_yaw_deg=0.000000 previous_action_present=true previous_action_source=48.
[2026.09.03-20.07.41:162][858]LogMotionWorldNetwork: Display: MotionWorld network action accepted: session=31E1BBC5684B episode=7221 source_observation=49 desired_local_cm_per_sec=(100.000000, 0.000000) unreal_end_to_end_latency_ms=26.926875 current_identity_match=true before_deadline=true.
[2026.09.03-20.07.41:185][859]LogMotionWorldBridge: Display: MotionWorld command echo: revision=56 frame=character_local resolved=true facing_yaw_deg=0.00 finite=true requested_frame=(100.00, 0.00, 0.00) submitted_world=(100.00, 0.00, 0.00) echoed_world=(100.00, 0.00, 0.00) match=true
[2026.09.03-20.07.41:206][860]LogMotionWorldBridge: Display: MotionWorld transition recorded: episode=7221 transition_sequence=239 previous_state_sequence=269 next_state_sequence=270 delta_s=0.023000 action_world_cm_per_sec=(100.00, 0.00, 0.00) action_local_cm_per_sec=(100.00, 0.00, 0.00) automated=true recorded=240 rejected=0.
[2026.09.03-20.07.41:234][861]LogMotionWorldNetwork: Display: MotionWorld network observation sent: session=31E1BBC5684B episode=7221 observation=50 state_sequence=271 simulation_time_s=5.979000 facing_yaw_deg=0.000000 previous_action_present=true previous_action_source=49.
[2026.09.03-20.07.41:265][862]LogMotionWorldNetwork: Display: MotionWorld network action accepted: session=31E1BBC5684B episode=7221 source_observation=50 desired_local_cm_per_sec=(100.000000, 0.000000) unreal_end_to_end_latency_ms=31.164955 current_identity_match=true before_deadline=true.
[2026.09.03-20.07.41:291][863]LogMotionWorldBridge: Display: MotionWorld command echo: revision=57 frame=character_local resolved=true facing_yaw_deg=0.00 finite=true requested_frame=(100.00, 0.00, 0.00) submitted_world=(100.00, 0.00, 0.00) echoed_world=(100.00, 0.00, 0.00) match=true
[2026.09.03-20.07.41:337][865]LogMotionWorldNetwork: Display: MotionWorld network observation sent: session=31E1BBC5684B episode=7221 observation=51 state_sequence=275 simulation_time_s=6.083000 facing_yaw_deg=0.000000 previous_action_present=true previous_action_source=50.
[2026.09.03-20.07.41:361][866]LogMotionWorldNetwork: Display: MotionWorld network action accepted: session=31E1BBC5684B episode=7221 source_observation=51 desired_local_cm_per_sec=(100.000000, 0.000000) unreal_end_to_end_latency_ms=23.739789 current_identity_match=true before_deadline=true.
[2026.09.03-20.07.41:380][867]LogMotionWorldBridge: Display: MotionWorld command echo: revision=58 frame=character_local resolved=true facing_yaw_deg=0.00 finite=true requested_frame=(100.00, 0.00, 0.00) submitted_world=(100.00, 0.00, 0.00) echoed_world=(100.00, 0.00, 0.00) match=true
[2026.09.03-20.07.41:425][869]LogMotionWorldNetwork: Display: MotionWorld network observation sent: session=31E1BBC5684B episode=7221 observation=52 state_sequence=279 simulation_time_s=6.175000 facing_yaw_deg=0.000000 previous_action_present=true previous_action_source=51.
[2026.09.03-20.07.41:456][870]LogMotionWorldNetwork: Display: MotionWorld network action accepted: session=31E1BBC5684B episode=7221 source_observation=52 desired_local_cm_per_sec=(100.000000, 0.000000) unreal_end_to_end_latency_ms=30.608375 current_identity_match=true before_deadline=true.
[2026.09.03-20.07.41:479][871]LogMotionWorldBridge: Display: MotionWorld command echo: revision=59 frame=character_local resolved=true facing_yaw_deg=0.00 finite=true requested_frame=(100.00, 0.00, 0.00) submitted_world=(100.00, 0.00, 0.00) echoed_world=(100.00, 0.00, 0.00) match=true
[2026.09.03-20.07.41:521][873]LogMotionWorldNetwork: Display: MotionWorld network observation sent: session=31E1BBC5684B episode=7221 observation=53 state_sequence=283 simulation_time_s=6.273000 facing_yaw_deg=0.000000 previous_action_present=true previous_action_source=52.
[2026.09.03-20.07.41:541][874]LogMotionWorldNetwork: Display: MotionWorld network action accepted: session=31E1BBC5684B episode=7221 source_observation=53 desired_local_cm_per_sec=(100.000000, 0.000000) unreal_end_to_end_latency_ms=20.344499 current_identity_match=true before_deadline=true.
[2026.09.03-20.07.41:563][875]LogMotionWorldBridge: Display: MotionWorld command echo: revision=60 frame=character_local resolved=true facing_yaw_deg=0.00 finite=true requested_frame=(100.00, 0.00, 0.00) submitted_world=(100.00, 0.00, 0.00) echoed_world=(100.00, 0.00, 0.00) match=true
[2026.09.03-20.07.41:621][878]LogMotionWorldNetwork: Display: MotionWorld network observation sent: session=31E1BBC5684B episode=7221 observation=54 state_sequence=288 simulation_time_s=6.373000 facing_yaw_deg=0.000000 previous_action_present=true previous_action_source=53.
[2026.09.03-20.07.41:639][879]LogMotionWorldNetwork: Display: MotionWorld network action accepted: session=31E1BBC5684B episode=7221 source_observation=54 desired_local_cm_per_sec=(100.000000, 0.000000) unreal_end_to_end_latency_ms=17.873041 current_identity_match=true before_deadline=true.
[2026.09.03-20.07.41:656][880]LogMotionWorldBridge: Display: MotionWorld command echo: revision=61 frame=character_local resolved=true facing_yaw_deg=0.00 finite=true requested_frame=(100.00, 0.00, 0.00) submitted_world=(100.00, 0.00, 0.00) echoed_world=(100.00, 0.00, 0.00) match=true
[2026.09.03-20.07.41:738][884]LogMotionWorldNetwork: Display: MotionWorld network observation sent: session=31E1BBC5684B episode=7221 observation=55 state_sequence=294 simulation_time_s=6.490000 facing_yaw_deg=0.000000 previous_action_present=true previous_action_source=54.
[2026.09.03-20.07.41:761][885]LogMotionWorldNetwork: Display: MotionWorld network action accepted: session=31E1BBC5684B episode=7221 source_observation=55 desired_local_cm_per_sec=(100.000000, 0.000000) unreal_end_to_end_latency_ms=22.826541 current_identity_match=true before_deadline=true.
[2026.09.03-20.07.41:780][886]LogMotionWorldBridge: Display: MotionWorld command echo: revision=62 frame=character_local resolved=true facing_yaw_deg=0.00 finite=true requested_frame=(100.00, 0.00, 0.00) submitted_world=(100.00, 0.00, 0.00) echoed_world=(100.00, 0.00, 0.00) match=true
[2026.09.03-20.07.41:820][888]LogMotionWorldNetwork: Display: MotionWorld network observation sent: session=31E1BBC5684B episode=7221 observation=56 state_sequence=298 simulation_time_s=6.573000 facing_yaw_deg=0.000000 previous_action_present=true previous_action_source=55.
[2026.09.03-20.07.41:843][889]LogMotionWorldNetwork: Display: MotionWorld network action accepted: session=31E1BBC5684B episode=7221 source_observation=56 desired_local_cm_per_sec=(100.000000, 0.000000) unreal_end_to_end_latency_ms=22.151250 current_identity_match=true before_deadline=true.
[2026.09.03-20.07.41:860][890]LogMotionWorldBridge: Display: MotionWorld state sample: protocol=1 sequence=300 valid=true mover_step_frame=301 sim_time_s=6.612000 step_s=0.019000 resim=false mode=Walking position_world_cm=(-258.91, 0.00, 88.27) velocity_world_cm_per_sec=(100.00, 0.00, 0.00) velocity_local_planar_cm_per_sec=(100.00, 0.00, 0.00) facing_yaw_deg=0.00 facing_unit_world=(1.000000, 0.000000) angular_velocity_world_deg_per_sec=(0.00, 0.00, 0.00)
[2026.09.03-20.07.41:860][890]LogMotionWorldBridge: Display: MotionWorld command echo: revision=63 frame=character_local resolved=true facing_yaw_deg=0.00 finite=true requested_frame=(100.00, 0.00, 0.00) submitted_world=(100.00, 0.00, 0.00) echoed_world=(100.00, 0.00, 0.00) match=true
[2026.09.03-20.07.41:932][894]LogMotionWorldNetwork: Display: MotionWorld network observation sent: session=31E1BBC5684B episode=7221 observation=57 state_sequence=304 simulation_time_s=6.685000 facing_yaw_deg=0.000000 previous_action_present=true previous_action_source=56.
[2026.09.03-20.07.41:950][895]LogMotionWorldNetwork: Display: MotionWorld network action accepted: session=31E1BBC5684B episode=7221 source_observation=57 desired_local_cm_per_sec=(100.000000, 0.000000) unreal_end_to_end_latency_ms=17.956164 current_identity_match=true before_deadline=true.
[2026.09.03-20.07.41:967][896]LogMotionWorldBridge: Display: MotionWorld command echo: revision=64 frame=character_local resolved=true facing_yaw_deg=0.00 finite=true requested_frame=(100.00, 0.00, 0.00) submitted_world=(100.00, 0.00, 0.00) echoed_world=(100.00, 0.00, 0.00) match=true
[2026.09.03-20.07.42:021][899]LogMotionWorldNetwork: Display: MotionWorld network observation sent: session=31E1BBC5684B episode=7221 observation=58 state_sequence=309 simulation_time_s=6.773000 facing_yaw_deg=0.000000 previous_action_present=true previous_action_source=57.
[2026.09.03-20.07.42:038][900]LogMotionWorldNetwork: Display: MotionWorld network action accepted: session=31E1BBC5684B episode=7221 source_observation=58 desired_local_cm_per_sec=(100.000000, 0.000000) unreal_end_to_end_latency_ms=16.412873 current_identity_match=true before_deadline=true.
[2026.09.03-20.07.42:056][901]LogMotionWorldBridge: Display: MotionWorld command echo: revision=65 frame=character_local resolved=true facing_yaw_deg=0.00 finite=true requested_frame=(100.00, 0.00, 0.00) submitted_world=(100.00, 0.00, 0.00) echoed_world=(100.00, 0.00, 0.00) match=true
[2026.09.03-20.07.42:127][905]LogMotionWorldNetwork: Display: MotionWorld network observation sent: session=31E1BBC5684B episode=7221 observation=59 state_sequence=315 simulation_time_s=6.880000 facing_yaw_deg=0.000000 previous_action_present=true previous_action_source=58.
[2026.09.03-20.07.42:148][906]LogMotionWorldNetwork: Display: MotionWorld network action accepted: session=31E1BBC5684B episode=7221 source_observation=59 desired_local_cm_per_sec=(100.000000, 0.000000) unreal_end_to_end_latency_ms=20.074833 current_identity_match=true before_deadline=true.
[2026.09.03-20.07.42:166][907]LogMotionWorldBridge: Display: MotionWorld command echo: revision=66 frame=character_local resolved=true facing_yaw_deg=0.00 finite=true requested_frame=(100.00, 0.00, 0.00) submitted_world=(100.00, 0.00, 0.00) echoed_world=(100.00, 0.00, 0.00) match=true
[2026.09.03-20.07.42:222][910]LogMotionWorldNetwork: Display: MotionWorld network observation sent: session=31E1BBC5684B episode=7221 observation=60 state_sequence=320 simulation_time_s=6.974000 facing_yaw_deg=0.000000 previous_action_present=true previous_action_source=59.
[2026.09.03-20.07.42:241][911]LogMotionWorldNetwork: Display: MotionWorld network action accepted: session=31E1BBC5684B episode=7221 source_observation=60 desired_local_cm_per_sec=(100.000000, 0.000000) unreal_end_to_end_latency_ms=18.600415 current_identity_match=true before_deadline=true.
[2026.09.03-20.07.42:256][912]LogMotionWorldBridge: Display: MotionWorld command echo: revision=67 frame=character_local resolved=true facing_yaw_deg=0.00 finite=true requested_frame=(100.00, 0.00, 0.00) submitted_world=(100.00, 0.00, 0.00) echoed_world=(100.00, 0.00, 0.00) match=true
[2026.09.03-20.07.42:329][916]LogMotionWorldNetwork: Display: MotionWorld network observation sent: session=31E1BBC5684B episode=7221 observation=61 state_sequence=326 simulation_time_s=7.081000 facing_yaw_deg=0.000000 previous_action_present=true previous_action_source=60.
[2026.09.03-20.07.42:350][917]LogMotionWorldNetwork: Display: MotionWorld network action accepted: session=31E1BBC5684B episode=7221 source_observation=61 desired_local_cm_per_sec=(100.000000, 0.000000) unreal_end_to_end_latency_ms=20.196542 current_identity_match=true before_deadline=true.
[2026.09.03-20.07.42:369][918]LogMotionWorldBridge: Display: MotionWorld command echo: revision=68 frame=character_local resolved=true facing_yaw_deg=0.00 finite=true requested_frame=(100.00, 0.00, 0.00) submitted_world=(100.00, 0.00, 0.00) echoed_world=(100.00, 0.00, 0.00) match=true
[2026.09.03-20.07.42:405][920]LogMotionWorldBridge: Display: MotionWorld transition recorded: episode=7221 transition_sequence=299 previous_state_sequence=329 next_state_sequence=330 delta_s=0.018000 action_world_cm_per_sec=(100.00, 0.00, 0.00) action_local_cm_per_sec=(100.00, 0.00, 0.00) automated=true recorded=300 rejected=0.
[2026.09.03-20.07.42:425][921]LogMotionWorldNetwork: Display: MotionWorld network observation sent: session=31E1BBC5684B episode=7221 observation=62 state_sequence=331 simulation_time_s=7.176000 facing_yaw_deg=0.000000 previous_action_present=true previous_action_source=61.
[2026.09.03-20.07.42:445][922]LogMotionWorldNetwork: Display: MotionWorld network action accepted: session=31E1BBC5684B episode=7221 source_observation=62 desired_local_cm_per_sec=(100.000000, 0.000000) unreal_end_to_end_latency_ms=19.620374 current_identity_match=true before_deadline=true.
[2026.09.03-20.07.42:464][923]LogMotionWorldBridge: Display: MotionWorld command echo: revision=69 frame=character_local resolved=true facing_yaw_deg=0.00 finite=true requested_frame=(100.00, 0.00, 0.00) submitted_world=(100.00, 0.00, 0.00) echoed_world=(100.00, 0.00, 0.00) match=true
[2026.09.03-20.07.42:535][927]LogMotionWorldNetwork: Display: MotionWorld network observation sent: session=31E1BBC5684B episode=7221 observation=63 state_sequence=337 simulation_time_s=7.287000 facing_yaw_deg=0.000000 previous_action_present=true previous_action_source=62.
[2026.09.03-20.07.42:554][928]LogMotionWorldNetwork: Display: MotionWorld network action accepted: session=31E1BBC5684B episode=7221 source_observation=63 desired_local_cm_per_sec=(100.000000, 0.000000) unreal_end_to_end_latency_ms=19.011293 current_identity_match=true before_deadline=true.
[2026.09.03-20.07.42:572][929]LogMotionWorldBridge: Display: MotionWorld command echo: revision=70 frame=character_local resolved=true facing_yaw_deg=0.00 finite=true requested_frame=(100.00, 0.00, 0.00) submitted_world=(100.00, 0.00, 0.00) echoed_world=(100.00, 0.00, 0.00) match=true
[2026.09.03-20.07.42:625][932]LogMotionWorldNetwork: Display: MotionWorld network observation sent: session=31E1BBC5684B episode=7221 observation=64 state_sequence=342 simulation_time_s=7.377000 facing_yaw_deg=0.000000 previous_action_present=true previous_action_source=63.
[2026.09.03-20.07.42:645][933]LogMotionWorldNetwork: Display: MotionWorld network action accepted: session=31E1BBC5684B episode=7221 source_observation=64 desired_local_cm_per_sec=(100.000000, 0.000000) unreal_end_to_end_latency_ms=19.846044 current_identity_match=true before_deadline=true.
[2026.09.03-20.07.42:663][934]LogMotionWorldBridge: Display: MotionWorld command echo: revision=71 frame=character_local resolved=true facing_yaw_deg=0.00 finite=true requested_frame=(100.00, 0.00, 0.00) submitted_world=(100.00, 0.00, 0.00) echoed_world=(100.00, 0.00, 0.00) match=true
[2026.09.03-20.07.42:733][938]LogMotionWorldNetwork: Display: MotionWorld network observation sent: session=31E1BBC5684B episode=7221 observation=65 state_sequence=348 simulation_time_s=7.486000 facing_yaw_deg=0.000000 previous_action_present=true previous_action_source=64.
[2026.09.03-20.07.42:753][939]LogMotionWorldNetwork: Display: MotionWorld network action accepted: session=31E1BBC5684B episode=7221 source_observation=65 desired_local_cm_per_sec=(100.000000, 0.000000) unreal_end_to_end_latency_ms=20.194624 current_identity_match=true before_deadline=true.
[2026.09.03-20.07.42:772][940]LogMotionWorldBridge: Display: MotionWorld command echo: revision=72 frame=character_local resolved=true facing_yaw_deg=0.00 finite=true requested_frame=(100.00, 0.00, 0.00) submitted_world=(100.00, 0.00, 0.00) echoed_world=(100.00, 0.00, 0.00) match=true
[2026.09.03-20.07.42:828][943]LogMotionWorldNetwork: Display: MotionWorld network observation sent: session=31E1BBC5684B episode=7221 observation=66 state_sequence=353 simulation_time_s=7.577000 facing_yaw_deg=0.000000 previous_action_present=true previous_action_source=65.
[2026.09.03-20.07.42:848][944]LogMotionWorldNetwork: Display: MotionWorld network action accepted: session=31E1BBC5684B episode=7221 source_observation=66 desired_local_cm_per_sec=(100.000000, 0.000000) unreal_end_to_end_latency_ms=19.523248 current_identity_match=true before_deadline=true.
[2026.09.03-20.07.42:866][945]LogMotionWorldBridge: Display: MotionWorld command echo: revision=73 frame=character_local resolved=true facing_yaw_deg=0.00 finite=true requested_frame=(100.00, 0.00, 0.00) submitted_world=(100.00, 0.00, 0.00) echoed_world=(100.00, 0.00, 0.00) match=true
[2026.09.03-20.07.42:932][948]LogMotionWorldNetwork: Display: MotionWorld network observation sent: session=31E1BBC5684B episode=7221 observation=67 state_sequence=358 simulation_time_s=7.681000 facing_yaw_deg=0.000000 previous_action_present=true previous_action_source=66.
[2026.09.03-20.07.42:951][949]LogMotionWorldNetwork: Display: MotionWorld network action accepted: session=31E1BBC5684B episode=7221 source_observation=67 desired_local_cm_per_sec=(100.000000, 0.000000) unreal_end_to_end_latency_ms=19.807544 current_identity_match=true before_deadline=true.
[2026.09.03-20.07.42:969][950]LogMotionWorldBridge: Display: MotionWorld state sample: protocol=1 sequence=360 valid=true mover_step_frame=361 sim_time_s=7.721000 step_s=0.019000 resim=false mode=Walking position_world_cm=(-148.01, 0.00, 88.27) velocity_world_cm_per_sec=(100.00, 0.00, 0.00) velocity_local_planar_cm_per_sec=(100.00, 0.00, 0.00) facing_yaw_deg=0.00 facing_unit_world=(1.000000, 0.000000) angular_velocity_world_deg_per_sec=(0.00, 0.00, 0.00)
[2026.09.03-20.07.42:969][950]LogMotionWorldBridge: Display: MotionWorld command echo: revision=74 frame=character_local resolved=true facing_yaw_deg=0.00 finite=true requested_frame=(100.00, 0.00, 0.00) submitted_world=(100.00, 0.00, 0.00) echoed_world=(100.00, 0.00, 0.00) match=true
[2026.09.03-20.07.43:025][953]LogMotionWorldNetwork: Display: MotionWorld network observation sent: session=31E1BBC5684B episode=7221 observation=68 state_sequence=363 simulation_time_s=7.775000 facing_yaw_deg=0.000000 previous_action_present=true previous_action_source=67.
[2026.09.03-20.07.43:042][954]LogMotionWorldNetwork: Display: MotionWorld network action accepted: session=31E1BBC5684B episode=7221 source_observation=68 desired_local_cm_per_sec=(100.000000, 0.000000) unreal_end_to_end_latency_ms=17.518044 current_identity_match=true before_deadline=true.
[2026.09.03-20.07.43:060][955]LogMotionWorldBridge: Display: MotionWorld command echo: revision=75 frame=character_local resolved=true facing_yaw_deg=0.00 finite=true requested_frame=(100.00, 0.00, 0.00) submitted_world=(100.00, 0.00, 0.00) echoed_world=(100.00, 0.00, 0.00) match=true
[2026.09.03-20.07.43:132][959]LogMotionWorldNetwork: Display: MotionWorld network observation sent: session=31E1BBC5684B episode=7221 observation=69 state_sequence=369 simulation_time_s=7.884000 facing_yaw_deg=0.000000 previous_action_present=true previous_action_source=68.
[2026.09.03-20.07.43:150][960]LogMotionWorldNetwork: Display: MotionWorld network action accepted: session=31E1BBC5684B episode=7221 source_observation=69 desired_local_cm_per_sec=(100.000000, 0.000000) unreal_end_to_end_latency_ms=18.229250 current_identity_match=true before_deadline=true.
[2026.09.03-20.07.43:168][961]LogMotionWorldBridge: Display: MotionWorld command echo: revision=76 frame=character_local resolved=true facing_yaw_deg=0.00 finite=true requested_frame=(100.00, 0.00, 0.00) submitted_world=(100.00, 0.00, 0.00) echoed_world=(100.00, 0.00, 0.00) match=true
[2026.09.03-20.07.43:222][964]LogMotionWorldNetwork: Display: MotionWorld network observation sent: session=31E1BBC5684B episode=7221 observation=70 state_sequence=374 simulation_time_s=7.974000 facing_yaw_deg=0.000000 previous_action_present=true previous_action_source=69.
[2026.09.03-20.07.43:240][965]LogMotionWorldNetwork: Display: MotionWorld network action accepted: session=31E1BBC5684B episode=7221 source_observation=70 desired_local_cm_per_sec=(100.000000, 0.000000) unreal_end_to_end_latency_ms=18.484920 current_identity_match=true before_deadline=true.
[2026.09.03-20.07.43:257][966]LogMotionWorldBridge: Display: MotionWorld command echo: revision=77 frame=character_local resolved=true facing_yaw_deg=0.00 finite=true requested_frame=(100.00, 0.00, 0.00) submitted_world=(100.00, 0.00, 0.00) echoed_world=(100.00, 0.00, 0.00) match=true
[2026.09.03-20.07.43:332][970]LogMotionWorldNetwork: Display: MotionWorld network observation sent: session=31E1BBC5684B episode=7221 observation=71 state_sequence=380 simulation_time_s=8.084000 facing_yaw_deg=0.000000 previous_action_present=true previous_action_source=70.
[2026.09.03-20.07.43:351][971]LogMotionWorldNetwork: Display: MotionWorld network action accepted: session=31E1BBC5684B episode=7221 source_observation=71 desired_local_cm_per_sec=(100.000000, 0.000000) unreal_end_to_end_latency_ms=19.259211 current_identity_match=true before_deadline=true.
[2026.09.03-20.07.43:370][972]LogMotionWorldBridge: Display: MotionWorld command echo: revision=78 frame=character_local resolved=true facing_yaw_deg=0.00 finite=true requested_frame=(100.00, 0.00, 0.00) submitted_world=(100.00, 0.00, 0.00) echoed_world=(100.00, 0.00, 0.00) match=true
[2026.09.03-20.07.43:429][975]LogMotionWorldNetwork: Display: MotionWorld network observation sent: session=31E1BBC5684B episode=7221 observation=72 state_sequence=385 simulation_time_s=8.181000 facing_yaw_deg=0.000000 previous_action_present=true previous_action_source=71.
[2026.09.03-20.07.43:447][976]LogMotionWorldNetwork: Display: MotionWorld network action accepted: session=31E1BBC5684B episode=7221 source_observation=72 desired_local_cm_per_sec=(100.000000, 0.000000) unreal_end_to_end_latency_ms=18.027373 current_identity_match=true before_deadline=true.
[2026.09.03-20.07.43:466][977]LogMotionWorldBridge: Display: MotionWorld command echo: revision=79 frame=character_local resolved=true facing_yaw_deg=0.00 finite=true requested_frame=(100.00, 0.00, 0.00) submitted_world=(100.00, 0.00, 0.00) echoed_world=(100.00, 0.00, 0.00) match=true
[2026.09.03-20.07.43:519][980]LogMotionWorldNetwork: Display: MotionWorld network observation sent: session=31E1BBC5684B episode=7221 observation=73 state_sequence=390 simulation_time_s=8.271000 facing_yaw_deg=0.000000 previous_action_present=true previous_action_source=72.
[2026.09.03-20.07.43:519][980]LogMotionWorldBridge: Display: MotionWorld transition recorded: episode=7221 transition_sequence=359 previous_state_sequence=389 next_state_sequence=390 delta_s=0.018000 action_world_cm_per_sec=(100.00, 0.00, 0.00) action_local_cm_per_sec=(100.00, 0.00, 0.00) automated=true recorded=360 rejected=0.
[2026.09.03-20.07.43:537][981]LogMotionWorldNetwork: Display: MotionWorld network action accepted: session=31E1BBC5684B episode=7221 source_observation=73 desired_local_cm_per_sec=(100.000000, 0.000000) unreal_end_to_end_latency_ms=17.429125 current_identity_match=true before_deadline=true.
[2026.09.03-20.07.43:553][982]LogMotionWorldBridge: Display: MotionWorld command echo: revision=80 frame=character_local resolved=true facing_yaw_deg=0.00 finite=true requested_frame=(100.00, 0.00, 0.00) submitted_world=(100.00, 0.00, 0.00) echoed_world=(100.00, 0.00, 0.00) match=true
[2026.09.03-20.07.43:623][986]LogMotionWorldNetwork: Display: MotionWorld network observation sent: session=31E1BBC5684B episode=7221 observation=74 state_sequence=396 simulation_time_s=8.376000 facing_yaw_deg=0.000000 previous_action_present=true previous_action_source=73.
[2026.09.03-20.07.43:644][987]LogMotionWorldNetwork: Display: MotionWorld network action accepted: session=31E1BBC5684B episode=7221 source_observation=74 desired_local_cm_per_sec=(100.000000, 0.000000) unreal_end_to_end_latency_ms=21.455128 current_identity_match=true before_deadline=true.
[2026.09.03-20.07.43:662][988]LogMotionWorldBridge: Display: MotionWorld command echo: revision=81 frame=character_local resolved=true facing_yaw_deg=0.00 finite=true requested_frame=(100.00, 0.00, 0.00) submitted_world=(100.00, 0.00, 0.00) echoed_world=(100.00, 0.00, 0.00) match=true
[2026.09.03-20.07.43:720][991]LogMotionWorldNetwork: Display: MotionWorld network observation sent: session=31E1BBC5684B episode=7221 observation=75 state_sequence=401 simulation_time_s=8.471000 facing_yaw_deg=0.000000 previous_action_present=true previous_action_source=74.
[2026.09.03-20.07.43:738][992]LogMotionWorldNetwork: Display: MotionWorld network action accepted: session=31E1BBC5684B episode=7221 source_observation=75 desired_local_cm_per_sec=(100.000000, 0.000000) unreal_end_to_end_latency_ms=18.709585 current_identity_match=true before_deadline=true.
[2026.09.03-20.07.43:757][993]LogMotionWorldBridge: Display: MotionWorld command echo: revision=82 frame=character_local resolved=true facing_yaw_deg=0.00 finite=true requested_frame=(100.00, 0.00, 0.00) submitted_world=(100.00, 0.00, 0.00) echoed_world=(100.00, 0.00, 0.00) match=true
[2026.09.03-20.07.43:831][997]LogMotionWorldNetwork: Display: MotionWorld network observation sent: session=31E1BBC5684B episode=7221 observation=76 state_sequence=407 simulation_time_s=8.583000 facing_yaw_deg=0.000000 previous_action_present=true previous_action_source=75.
[2026.09.03-20.07.43:852][998]LogMotionWorldNetwork: Display: MotionWorld network action accepted: session=31E1BBC5684B episode=7221 source_observation=76 desired_local_cm_per_sec=(100.000000, 0.000000) unreal_end_to_end_latency_ms=20.518750 current_identity_match=true before_deadline=true.
[2026.09.03-20.07.43:870][999]LogMotionWorldBridge: Display: MotionWorld command echo: revision=83 frame=character_local resolved=true facing_yaw_deg=0.00 finite=true requested_frame=(100.00, 0.00, 0.00) submitted_world=(100.00, 0.00, 0.00) echoed_world=(100.00, 0.00, 0.00) match=true
[2026.09.03-20.07.43:928][  2]LogMotionWorldNetwork: Display: MotionWorld network observation sent: session=31E1BBC5684B episode=7221 observation=77 state_sequence=412 simulation_time_s=8.680000 facing_yaw_deg=0.000000 previous_action_present=true previous_action_source=76.
[2026.09.03-20.07.43:947][  3]LogMotionWorldNetwork: Display: MotionWorld network action accepted: session=31E1BBC5684B episode=7221 source_observation=77 desired_local_cm_per_sec=(100.000000, 0.000000) unreal_end_to_end_latency_ms=19.647416 current_identity_match=true before_deadline=true.
[2026.09.03-20.07.43:965][  4]LogMotionWorldBridge: Display: MotionWorld command echo: revision=84 frame=character_local resolved=true facing_yaw_deg=0.00 finite=true requested_frame=(100.00, 0.00, 0.00) submitted_world=(100.00, 0.00, 0.00) echoed_world=(100.00, 0.00, 0.00) match=true
[2026.09.03-20.07.44:017][  7]LogMotionWorldNetwork: Display: MotionWorld network observation sent: session=31E1BBC5684B episode=7221 observation=78 state_sequence=417 simulation_time_s=8.770000 facing_yaw_deg=0.000000 previous_action_present=true previous_action_source=77.
[2026.09.03-20.07.44:037][  8]LogMotionWorldNetwork: Display: MotionWorld network action accepted: session=31E1BBC5684B episode=7221 source_observation=78 desired_local_cm_per_sec=(100.000000, 0.000000) unreal_end_to_end_latency_ms=19.469041 current_identity_match=true before_deadline=true.
[2026.09.03-20.07.44:054][  9]LogMotionWorldBridge: Display: MotionWorld command echo: revision=85 frame=character_local resolved=true facing_yaw_deg=0.00 finite=true requested_frame=(100.00, 0.00, 0.00) submitted_world=(100.00, 0.00, 0.00) echoed_world=(100.00, 0.00, 0.00) match=true
[2026.09.03-20.07.44:071][ 10]LogMotionWorldBridge: Display: MotionWorld state sample: protocol=1 sequence=420 valid=true mover_step_frame=421 sim_time_s=8.824000 step_s=0.018000 resim=false mode=Walking position_world_cm=(-37.71, 0.00, 88.27) velocity_world_cm_per_sec=(100.00, 0.00, 0.00) velocity_local_planar_cm_per_sec=(100.00, 0.00, 0.00) facing_yaw_deg=0.00 facing_unit_world=(1.000000, 0.000000) angular_velocity_world_deg_per_sec=(0.00, 0.00, 0.00)
[2026.09.03-20.07.44:125][ 13]LogMotionWorldNetwork: Display: MotionWorld network observation sent: session=31E1BBC5684B episode=7221 observation=79 state_sequence=423 simulation_time_s=8.878000 facing_yaw_deg=0.000000 previous_action_present=true previous_action_source=78.
[2026.09.03-20.07.44:145][ 14]LogMotionWorldNetwork: Display: MotionWorld network action accepted: session=31E1BBC5684B episode=7221 source_observation=79 desired_local_cm_per_sec=(100.000000, 0.000000) unreal_end_to_end_latency_ms=20.284418 current_identity_match=true before_deadline=true.
[2026.09.03-20.07.44:162][ 15]LogMotionWorldBridge: Display: MotionWorld command echo: revision=86 frame=character_local resolved=true facing_yaw_deg=0.00 finite=true requested_frame=(100.00, 0.00, 0.00) submitted_world=(100.00, 0.00, 0.00) echoed_world=(100.00, 0.00, 0.00) match=true
[2026.09.03-20.07.44:218][ 18]LogMotionWorldNetwork: Display: MotionWorld network observation sent: session=31E1BBC5684B episode=7221 observation=80 state_sequence=428 simulation_time_s=8.970000 facing_yaw_deg=0.000000 previous_action_present=true previous_action_source=79.
[2026.09.03-20.07.44:240][ 19]LogMotionWorldNetwork: Display: MotionWorld network action accepted: session=31E1BBC5684B episode=7221 source_observation=80 desired_local_cm_per_sec=(100.000000, 0.000000) unreal_end_to_end_latency_ms=22.153918 current_identity_match=true before_deadline=true.
[2026.09.03-20.07.44:259][ 20]LogMotionWorldBridge: Display: MotionWorld command echo: revision=87 frame=character_local resolved=true facing_yaw_deg=0.00 finite=true requested_frame=(100.00, 0.00, 0.00) submitted_world=(100.00, 0.00, 0.00) echoed_world=(100.00, 0.00, 0.00) match=true
[2026.09.03-20.07.44:335][ 24]LogMotionWorldNetwork: Display: MotionWorld network observation sent: session=31E1BBC5684B episode=7221 observation=81 state_sequence=434 simulation_time_s=9.087000 facing_yaw_deg=0.000000 previous_action_present=true previous_action_source=80.
[2026.09.03-20.07.44:354][ 25]LogMotionWorldNetwork: Display: MotionWorld network action accepted: session=31E1BBC5684B episode=7221 source_observation=81 desired_local_cm_per_sec=(100.000000, 0.000000) unreal_end_to_end_latency_ms=19.353040 current_identity_match=true before_deadline=true.
[2026.09.03-20.07.44:373][ 26]LogMotionWorldBridge: Display: MotionWorld command echo: revision=88 frame=character_local resolved=true facing_yaw_deg=0.00 finite=true requested_frame=(100.00, 0.00, 0.00) submitted_world=(100.00, 0.00, 0.00) echoed_world=(100.00, 0.00, 0.00) match=true
[2026.09.03-20.07.44:432][ 29]LogMotionWorldNetwork: Display: MotionWorld network observation sent: session=31E1BBC5684B episode=7221 observation=82 state_sequence=439 simulation_time_s=9.184000 facing_yaw_deg=0.000000 previous_action_present=true previous_action_source=81.
[2026.09.03-20.07.44:452][ 30]LogMotionWorldNetwork: Display: MotionWorld network action accepted: session=31E1BBC5684B episode=7221 source_observation=82 desired_local_cm_per_sec=(100.000000, 0.000000) unreal_end_to_end_latency_ms=20.034958 current_identity_match=true before_deadline=true.
[2026.09.03-20.07.44:475][ 31]LogMotionWorldBridge: Display: MotionWorld command echo: revision=89 frame=character_local resolved=true facing_yaw_deg=0.00 finite=true requested_frame=(100.00, 0.00, 0.00) submitted_world=(100.00, 0.00, 0.00) echoed_world=(100.00, 0.00, 0.00) match=true
[2026.09.03-20.07.44:533][ 34]LogMotionWorldNetwork: Display: MotionWorld network observation sent: session=31E1BBC5684B episode=7221 observation=83 state_sequence=444 simulation_time_s=9.286000 facing_yaw_deg=0.000000 previous_action_present=true previous_action_source=82.
[2026.09.03-20.07.44:554][ 35]LogMotionWorldNetwork: Display: MotionWorld network action accepted: session=31E1BBC5684B episode=7221 source_observation=83 desired_local_cm_per_sec=(100.000000, 0.000000) unreal_end_to_end_latency_ms=20.852752 current_identity_match=true before_deadline=true.
[2026.09.03-20.07.44:571][ 36]LogMotionWorldBridge: Display: MotionWorld command echo: revision=90 frame=character_local resolved=true facing_yaw_deg=0.00 finite=true requested_frame=(100.00, 0.00, 0.00) submitted_world=(100.00, 0.00, 0.00) echoed_world=(100.00, 0.00, 0.00) match=true
[2026.09.03-20.07.44:634][ 39]LogMotionWorldNetwork: Display: MotionWorld network observation sent: session=31E1BBC5684B episode=7221 observation=84 state_sequence=449 simulation_time_s=9.386000 facing_yaw_deg=0.000000 previous_action_present=true previous_action_source=83.
[2026.09.03-20.07.44:657][ 40]LogMotionWorldBridge: Display: MotionWorld transition recorded: episode=7221 transition_sequence=419 previous_state_sequence=449 next_state_sequence=450 delta_s=0.021000 action_world_cm_per_sec=(100.00, 0.00, 0.00) action_local_cm_per_sec=(100.00, 0.00, 0.00) automated=true recorded=420 rejected=0.
[2026.09.03-20.07.44:658][ 40]LogMotionWorldNetwork: Display: MotionWorld network action accepted: session=31E1BBC5684B episode=7221 source_observation=84 desired_local_cm_per_sec=(100.000000, 0.000000) unreal_end_to_end_latency_ms=23.294792 current_identity_match=true before_deadline=true.
[2026.09.03-20.07.44:681][ 41]LogMotionWorldBridge: Display: MotionWorld command echo: revision=91 frame=character_local resolved=true facing_yaw_deg=0.00 finite=true requested_frame=(100.00, 0.00, 0.00) submitted_world=(100.00, 0.00, 0.00) echoed_world=(100.00, 0.00, 0.00) match=true
[2026.09.03-20.07.44:725][ 43]LogMotionWorldNetwork: Display: MotionWorld network observation sent: session=31E1BBC5684B episode=7221 observation=85 state_sequence=453 simulation_time_s=9.474000 facing_yaw_deg=0.000000 previous_action_present=true previous_action_source=84.
[2026.09.03-20.07.44:746][ 44]LogMotionWorldNetwork: Display: MotionWorld network action accepted: session=31E1BBC5684B episode=7221 source_observation=85 desired_local_cm_per_sec=(100.000000, 0.000000) unreal_end_to_end_latency_ms=20.515669 current_identity_match=true before_deadline=true.
[2026.09.03-20.07.44:763][ 45]LogMotionWorldBridge: Display: MotionWorld command echo: revision=92 frame=character_local resolved=true facing_yaw_deg=0.00 finite=true requested_frame=(100.00, 0.00, 0.00) submitted_world=(100.00, 0.00, 0.00) echoed_world=(100.00, 0.00, 0.00) match=true
[2026.09.03-20.07.44:819][ 48]LogMotionWorldNetwork: Display: MotionWorld network observation sent: session=31E1BBC5684B episode=7221 observation=86 state_sequence=458 simulation_time_s=9.571000 facing_yaw_deg=0.000000 previous_action_present=true previous_action_source=85.
[2026.09.03-20.07.44:840][ 49]LogMotionWorldNetwork: Display: MotionWorld network action accepted: session=31E1BBC5684B episode=7221 source_observation=86 desired_local_cm_per_sec=(100.000000, 0.000000) unreal_end_to_end_latency_ms=20.535290 current_identity_match=true before_deadline=true.
[2026.09.03-20.07.44:858][ 50]LogMotionWorldBridge: Display: MotionWorld command echo: revision=93 frame=character_local resolved=true facing_yaw_deg=0.00 finite=true requested_frame=(100.00, 0.00, 0.00) submitted_world=(100.00, 0.00, 0.00) echoed_world=(100.00, 0.00, 0.00) match=true
[2026.09.03-20.07.44:924][ 53]LogMotionWorldNetwork: Display: MotionWorld network observation sent: session=31E1BBC5684B episode=7221 observation=87 state_sequence=463 simulation_time_s=9.676000 facing_yaw_deg=0.000000 previous_action_present=true previous_action_source=86.
[2026.09.03-20.07.44:945][ 54]LogMotionWorldNetwork: Display: MotionWorld network action accepted: session=31E1BBC5684B episode=7221 source_observation=87 desired_local_cm_per_sec=(100.000000, 0.000000) unreal_end_to_end_latency_ms=20.974375 current_identity_match=true before_deadline=true.
[2026.09.03-20.07.44:965][ 55]LogMotionWorldBridge: Display: MotionWorld command echo: revision=94 frame=character_local resolved=true facing_yaw_deg=0.00 finite=true requested_frame=(100.00, 0.00, 0.00) submitted_world=(100.00, 0.00, 0.00) echoed_world=(100.00, 0.00, 0.00) match=true
[2026.09.03-20.07.45:018][ 58]LogMotionWorldNetwork: Display: MotionWorld network observation sent: session=31E1BBC5684B episode=7221 observation=88 state_sequence=468 simulation_time_s=9.771000 facing_yaw_deg=0.000000 previous_action_present=true previous_action_source=87.
[2026.09.03-20.07.45:035][ 59]LogMotionWorldNetwork: Display: MotionWorld network action accepted: session=31E1BBC5684B episode=7221 source_observation=88 desired_local_cm_per_sec=(100.000000, 0.000000) unreal_end_to_end_latency_ms=17.319627 current_identity_match=true before_deadline=true.
[2026.09.03-20.07.45:052][ 60]LogMotionWorldBridge: Display: MotionWorld command echo: revision=95 frame=character_local resolved=true facing_yaw_deg=0.00 finite=true requested_frame=(100.00, 0.00, 0.00) submitted_world=(100.00, 0.00, 0.00) echoed_world=(100.00, 0.00, 0.00) match=true
[2026.09.03-20.07.45:129][ 64]LogMotionWorldNetwork: Display: MotionWorld network observation sent: session=31E1BBC5684B episode=7221 observation=89 state_sequence=474 simulation_time_s=9.881000 facing_yaw_deg=0.000000 previous_action_present=true previous_action_source=88.
[2026.09.03-20.07.45:152][ 65]LogMotionWorldNetwork: Display: MotionWorld network action accepted: session=31E1BBC5684B episode=7221 source_observation=89 desired_local_cm_per_sec=(100.000000, 0.000000) unreal_end_to_end_latency_ms=22.705376 current_identity_match=true before_deadline=true.
[2026.09.03-20.07.45:172][ 66]LogMotionWorldBridge: Display: MotionWorld command echo: revision=96 frame=character_local resolved=true facing_yaw_deg=0.00 finite=true requested_frame=(100.00, 0.00, 0.00) submitted_world=(100.00, 0.00, 0.00) echoed_world=(100.00, 0.00, 0.00) match=true
[2026.09.03-20.07.45:232][ 69]LogMotionWorldNetwork: Display: MotionWorld network observation sent: session=31E1BBC5684B episode=7221 observation=90 state_sequence=479 simulation_time_s=9.985000 facing_yaw_deg=0.000000 previous_action_present=true previous_action_source=89.
[2026.09.03-20.07.45:255][ 70]LogMotionWorldBridge: Display: MotionWorld state sample: protocol=1 sequence=480 valid=true mover_step_frame=481 sim_time_s=10.006000 step_s=0.021000 resim=false mode=Walking position_world_cm=(80.49, 0.00, 88.27) velocity_world_cm_per_sec=(100.00, 0.00, 0.00) velocity_local_planar_cm_per_sec=(100.00, 0.00, 0.00) facing_yaw_deg=0.00 facing_unit_world=(1.000000, 0.000000) angular_velocity_world_deg_per_sec=(0.00, 0.00, 0.00)
[2026.09.03-20.07.45:256][ 70]LogMotionWorldNetwork: Display: MotionWorld network action accepted: session=31E1BBC5684B episode=7221 source_observation=90 desired_local_cm_per_sec=(100.000000, 0.000000) unreal_end_to_end_latency_ms=23.735415 current_identity_match=true before_deadline=true.
[2026.09.03-20.07.45:276][ 71]LogMotionWorldBridge: Display: MotionWorld command echo: revision=97 frame=character_local resolved=true facing_yaw_deg=0.00 finite=true requested_frame=(100.00, 0.00, 0.00) submitted_world=(100.00, 0.00, 0.00) echoed_world=(100.00, 0.00, 0.00) match=true
[2026.09.03-20.07.45:322][ 73]LogMotionWorldNetwork: Display: MotionWorld network observation sent: session=31E1BBC5684B episode=7221 observation=91 state_sequence=483 simulation_time_s=10.073000 facing_yaw_deg=0.000000 previous_action_present=true previous_action_source=90.
[2026.09.03-20.07.45:341][ 74]LogMotionWorldNetwork: Display: MotionWorld network action accepted: session=31E1BBC5684B episode=7221 source_observation=91 desired_local_cm_per_sec=(100.000000, 0.000000) unreal_end_to_end_latency_ms=18.950459 current_identity_match=true before_deadline=true.
[2026.09.03-20.07.45:358][ 75]LogMotionWorldBridge: Display: MotionWorld command echo: revision=98 frame=character_local resolved=true facing_yaw_deg=0.00 finite=true requested_frame=(100.00, 0.00, 0.00) submitted_world=(100.00, 0.00, 0.00) echoed_world=(100.00, 0.00, 0.00) match=true
[2026.09.03-20.07.45:430][ 79]LogMotionWorldNetwork: Display: MotionWorld network observation sent: session=31E1BBC5684B episode=7221 observation=92 state_sequence=489 simulation_time_s=10.183000 facing_yaw_deg=0.000000 previous_action_present=true previous_action_source=91.
[2026.09.03-20.07.45:448][ 80]LogMotionWorldNetwork: Display: MotionWorld network action accepted: session=31E1BBC5684B episode=7221 source_observation=92 desired_local_cm_per_sec=(100.000000, 0.000000) unreal_end_to_end_latency_ms=18.210001 current_identity_match=true before_deadline=true.
[2026.09.03-20.07.45:465][ 81]LogMotionWorldBridge: Display: MotionWorld command echo: revision=99 frame=character_local resolved=true facing_yaw_deg=0.00 finite=true requested_frame=(100.00, 0.00, 0.00) submitted_world=(100.00, 0.00, 0.00) echoed_world=(100.00, 0.00, 0.00) match=true
[2026.09.03-20.07.45:519][ 84]LogMotionWorldNetwork: Display: MotionWorld network observation sent: session=31E1BBC5684B episode=7221 observation=93 state_sequence=494 simulation_time_s=10.272000 facing_yaw_deg=0.000000 previous_action_present=true previous_action_source=92.
[2026.09.03-20.07.45:538][ 85]LogMotionWorldNetwork: Display: MotionWorld network action accepted: session=31E1BBC5684B episode=7221 source_observation=93 desired_local_cm_per_sec=(100.000000, 0.000000) unreal_end_to_end_latency_ms=18.552791 current_identity_match=true before_deadline=true.
[2026.09.03-20.07.45:555][ 86]LogMotionWorldBridge: Display: MotionWorld command echo: revision=100 frame=character_local resolved=true facing_yaw_deg=0.00 finite=true requested_frame=(100.00, 0.00, 0.00) submitted_world=(100.00, 0.00, 0.00) echoed_world=(100.00, 0.00, 0.00) match=true
[2026.09.03-20.07.45:623][ 90]LogMotionWorldNetwork: Display: MotionWorld network observation sent: session=31E1BBC5684B episode=7221 observation=94 state_sequence=500 simulation_time_s=10.375000 facing_yaw_deg=0.000000 previous_action_present=true previous_action_source=93.
[2026.09.03-20.07.45:642][ 91]LogMotionWorldNetwork: Display: MotionWorld network action accepted: session=31E1BBC5684B episode=7221 source_observation=94 desired_local_cm_per_sec=(100.000000, 0.000000) unreal_end_to_end_latency_ms=19.343000 current_identity_match=true before_deadline=true.
[2026.09.03-20.07.45:658][ 92]LogMotionWorldBridge: Display: MotionWorld command echo: revision=101 frame=character_local resolved=true facing_yaw_deg=0.00 finite=true requested_frame=(100.00, 0.00, 0.00) submitted_world=(100.00, 0.00, 0.00) echoed_world=(100.00, 0.00, 0.00) match=true
[2026.09.03-20.07.45:734][ 96]LogMotionWorldNetwork: Display: MotionWorld network observation sent: session=31E1BBC5684B episode=7221 observation=95 state_sequence=506 simulation_time_s=10.482000 facing_yaw_deg=0.000000 previous_action_present=true previous_action_source=94.
[2026.09.03-20.07.45:754][ 97]LogMotionWorldNetwork: Display: MotionWorld network action accepted: session=31E1BBC5684B episode=7221 source_observation=95 desired_local_cm_per_sec=(100.000000, 0.000000) unreal_end_to_end_latency_ms=19.779041 current_identity_match=true before_deadline=true.
[2026.09.03-20.07.45:773][ 98]LogMotionWorldBridge: Display: MotionWorld command echo: revision=102 frame=character_local resolved=true facing_yaw_deg=0.00 finite=true requested_frame=(100.00, 0.00, 0.00) submitted_world=(100.00, 0.00, 0.00) echoed_world=(100.00, 0.00, 0.00) match=true
[2026.09.03-20.07.45:811][100]LogMotionWorldBridge: Display: MotionWorld transition recorded: episode=7221 transition_sequence=479 previous_state_sequence=509 next_state_sequence=510 delta_s=0.018000 action_world_cm_per_sec=(100.00, 0.00, 0.00) action_local_cm_per_sec=(100.00, 0.00, 0.00) automated=true recorded=480 rejected=0.
[2026.09.03-20.07.45:829][101]LogMotionWorldNetwork: Display: MotionWorld network observation sent: session=31E1BBC5684B episode=7221 observation=96 state_sequence=511 simulation_time_s=10.581000 facing_yaw_deg=0.000000 previous_action_present=true previous_action_source=95.
[2026.09.03-20.07.45:847][102]LogMotionWorldNetwork: Display: MotionWorld network action accepted: session=31E1BBC5684B episode=7221 source_observation=96 desired_local_cm_per_sec=(100.000000, 0.000000) unreal_end_to_end_latency_ms=18.273376 current_identity_match=true before_deadline=true.
[2026.09.03-20.07.45:864][103]LogMotionWorldBridge: Display: MotionWorld command echo: revision=103 frame=character_local resolved=true facing_yaw_deg=0.00 finite=true requested_frame=(100.00, 0.00, 0.00) submitted_world=(100.00, 0.00, 0.00) echoed_world=(100.00, 0.00, 0.00) match=true
[2026.09.03-20.07.45:918][106]LogMotionWorldNetwork: Display: MotionWorld network observation sent: session=31E1BBC5684B episode=7221 observation=97 state_sequence=516 simulation_time_s=10.670000 facing_yaw_deg=0.000000 previous_action_present=true previous_action_source=96.
[2026.09.03-20.07.45:934][107]LogMotionWorldNetwork: Display: MotionWorld network action accepted: session=31E1BBC5684B episode=7221 source_observation=97 desired_local_cm_per_sec=(100.000000, 0.000000) unreal_end_to_end_latency_ms=16.378500 current_identity_match=true before_deadline=true.
[2026.09.03-20.07.45:951][108]LogMotionWorldBridge: Display: MotionWorld command echo: revision=104 frame=character_local resolved=true facing_yaw_deg=0.00 finite=true requested_frame=(100.00, 0.00, 0.00) submitted_world=(100.00, 0.00, 0.00) echoed_world=(100.00, 0.00, 0.00) match=true
[2026.09.03-20.07.46:023][112]LogMotionWorldNetwork: Display: MotionWorld network observation sent: session=31E1BBC5684B episode=7221 observation=98 state_sequence=522 simulation_time_s=10.775000 facing_yaw_deg=0.000000 previous_action_present=true previous_action_source=97.
[2026.09.03-20.07.46:042][113]LogMotionWorldNetwork: Display: MotionWorld network action accepted: session=31E1BBC5684B episode=7221 source_observation=98 desired_local_cm_per_sec=(100.000000, 0.000000) unreal_end_to_end_latency_ms=19.476626 current_identity_match=true before_deadline=true.
[2026.09.03-20.07.46:059][114]LogMotionWorldBridge: Display: MotionWorld command echo: revision=105 frame=character_local resolved=true facing_yaw_deg=0.00 finite=true requested_frame=(100.00, 0.00, 0.00) submitted_world=(100.00, 0.00, 0.00) echoed_world=(100.00, 0.00, 0.00) match=true
[2026.09.03-20.07.46:129][118]LogMotionWorldNetwork: Display: MotionWorld network observation sent: session=31E1BBC5684B episode=7221 observation=99 state_sequence=528 simulation_time_s=10.882000 facing_yaw_deg=0.000000 previous_action_present=true previous_action_source=98.
[2026.09.03-20.07.46:150][119]LogMotionWorldNetwork: Display: MotionWorld network action accepted: session=31E1BBC5684B episode=7221 source_observation=99 desired_local_cm_per_sec=(100.000000, 0.000000) unreal_end_to_end_latency_ms=20.987459 current_identity_match=true before_deadline=true.
[2026.09.03-20.07.46:167][120]LogMotionWorldBridge: Display: MotionWorld command echo: revision=106 frame=character_local resolved=true facing_yaw_deg=0.00 finite=true requested_frame=(100.00, 0.00, 0.00) submitted_world=(100.00, 0.00, 0.00) echoed_world=(100.00, 0.00, 0.00) match=true
[2026.09.03-20.07.46:220][123]LogMotionWorldNetwork: Display: MotionWorld network observation sent: session=31E1BBC5684B episode=7221 observation=100 state_sequence=533 simulation_time_s=10.973000 facing_yaw_deg=0.000000 previous_action_present=true previous_action_source=99.
[2026.09.03-20.07.46:239][124]LogMotionWorldNetwork: Display: MotionWorld network action accepted: session=31E1BBC5684B episode=7221 source_observation=100 desired_local_cm_per_sec=(100.000000, 0.000000) unreal_end_to_end_latency_ms=19.005749 current_identity_match=true before_deadline=true.
[2026.09.03-20.07.46:262][125]LogMotionWorldBridge: Display: MotionWorld command echo: revision=107 frame=character_local resolved=true facing_yaw_deg=0.00 finite=true requested_frame=(100.00, 0.00, 0.00) submitted_world=(100.00, 0.00, 0.00) echoed_world=(100.00, 0.00, 0.00) match=true
[2026.09.03-20.07.46:320][128]LogMotionWorldNetwork: Display: MotionWorld network observation sent: session=31E1BBC5684B episode=7221 observation=101 state_sequence=538 simulation_time_s=11.072000 facing_yaw_deg=0.000000 previous_action_present=true previous_action_source=100.
[2026.09.03-20.07.46:349][129]LogMotionWorldNetwork: Display: MotionWorld network action accepted: session=31E1BBC5684B episode=7221 source_observation=101 desired_local_cm_per_sec=(100.000000, 0.000000) unreal_end_to_end_latency_ms=28.982706 current_identity_match=true before_deadline=true.
[2026.09.03-20.07.46:365][130]LogMotionWorldBridge: Display: MotionWorld state sample: protocol=1 sequence=540 valid=true mover_step_frame=541 sim_time_s=11.118000 step_s=0.017000 resim=false mode=Walking position_world_cm=(191.69, 0.00, 88.27) velocity_world_cm_per_sec=(100.00, 0.00, 0.00) velocity_local_planar_cm_per_sec=(100.00, 0.00, 0.00) facing_yaw_deg=0.00 facing_unit_world=(1.000000, 0.000000) angular_velocity_world_deg_per_sec=(0.00, 0.00, 0.00)
[2026.09.03-20.07.46:365][130]LogMotionWorldBridge: Display: MotionWorld command echo: revision=108 frame=character_local resolved=true facing_yaw_deg=0.00 finite=true requested_frame=(100.00, 0.00, 0.00) submitted_world=(100.00, 0.00, 0.00) echoed_world=(100.00, 0.00, 0.00) match=true
[2026.09.03-20.07.46:419][133]LogMotionWorldNetwork: Display: MotionWorld network observation sent: session=31E1BBC5684B episode=7221 observation=102 state_sequence=543 simulation_time_s=11.171000 facing_yaw_deg=0.000000 previous_action_present=true previous_action_source=101.
[2026.09.03-20.07.46:439][134]LogMotionWorldNetwork: Display: MotionWorld network action accepted: session=31E1BBC5684B episode=7221 source_observation=102 desired_local_cm_per_sec=(100.000000, 0.000000) unreal_end_to_end_latency_ms=20.264793 current_identity_match=true before_deadline=true.
[2026.09.03-20.07.46:459][135]LogMotionWorldBridge: Display: MotionWorld command echo: revision=109 frame=character_local resolved=true facing_yaw_deg=0.00 finite=true requested_frame=(100.00, 0.00, 0.00) submitted_world=(100.00, 0.00, 0.00) echoed_world=(100.00, 0.00, 0.00) match=true
[2026.09.03-20.07.46:532][137]LogMotionWorldNetwork: Display: MotionWorld network observation sent: session=31E1BBC5684B episode=7221 observation=103 state_sequence=547 simulation_time_s=11.282000 facing_yaw_deg=0.000000 previous_action_present=true previous_action_source=102.
[2026.09.03-20.07.46:550][138]LogMotionWorldNetwork: Display: MotionWorld network action accepted: session=31E1BBC5684B episode=7221 source_observation=103 desired_local_cm_per_sec=(100.000000, 0.000000) unreal_end_to_end_latency_ms=18.340915 current_identity_match=true before_deadline=true.
[2026.09.03-20.07.46:566][139]LogMotionWorldBridge: Display: MotionWorld command echo: revision=110 frame=character_local resolved=true facing_yaw_deg=0.00 finite=true requested_frame=(100.00, 0.00, 0.00) submitted_world=(100.00, 0.00, 0.00) echoed_world=(100.00, 0.00, 0.00) match=true
[2026.09.03-20.07.46:632][142]LogMotionWorldNetwork: Display: MotionWorld network observation sent: session=31E1BBC5684B episode=7221 observation=104 state_sequence=552 simulation_time_s=11.377000 facing_yaw_deg=0.000000 previous_action_present=true previous_action_source=103.
[2026.09.03-20.07.46:650][143]LogMotionWorldNetwork: Display: MotionWorld network action accepted: session=31E1BBC5684B episode=7221 source_observation=104 desired_local_cm_per_sec=(100.000000, 0.000000) unreal_end_to_end_latency_ms=18.904958 current_identity_match=true before_deadline=true.
[2026.09.03-20.07.46:667][144]LogMotionWorldBridge: Display: MotionWorld command echo: revision=111 frame=character_local resolved=true facing_yaw_deg=0.00 finite=true requested_frame=(100.00, 0.00, 0.00) submitted_world=(100.00, 0.00, 0.00) echoed_world=(100.00, 0.00, 0.00) match=true
[2026.09.03-20.07.46:721][147]LogMotionWorldNetwork: Display: MotionWorld network observation sent: session=31E1BBC5684B episode=7221 observation=105 state_sequence=557 simulation_time_s=11.472000 facing_yaw_deg=0.000000 previous_action_present=true previous_action_source=104.
[2026.09.03-20.07.46:742][148]LogMotionWorldNetwork: Display: MotionWorld network action accepted: session=31E1BBC5684B episode=7221 source_observation=105 desired_local_cm_per_sec=(100.000000, 0.000000) unreal_end_to_end_latency_ms=20.463668 current_identity_match=true before_deadline=true.
[2026.09.03-20.07.46:764][149]LogMotionWorldBridge: Display: MotionWorld command echo: revision=112 frame=character_local resolved=true facing_yaw_deg=0.00 finite=true requested_frame=(100.00, 0.00, 0.00) submitted_world=(100.00, 0.00, 0.00) echoed_world=(100.00, 0.00, 0.00) match=true
[2026.09.03-20.07.46:828][152]LogMotionWorldNetwork: Display: MotionWorld network observation sent: session=31E1BBC5684B episode=7221 observation=106 state_sequence=562 simulation_time_s=11.578000 facing_yaw_deg=0.000000 previous_action_present=true previous_action_source=105.
[2026.09.03-20.07.46:848][153]LogMotionWorldNetwork: Display: MotionWorld network action accepted: session=31E1BBC5684B episode=7221 source_observation=106 desired_local_cm_per_sec=(100.000000, 0.000000) unreal_end_to_end_latency_ms=20.735417 current_identity_match=true before_deadline=true.
[2026.09.03-20.07.46:875][154]LogMotionWorldBridge: Display: MotionWorld command echo: revision=113 frame=character_local resolved=true facing_yaw_deg=0.00 finite=true requested_frame=(100.00, 0.00, 0.00) submitted_world=(100.00, 0.00, 0.00) echoed_world=(100.00, 0.00, 0.00) match=true
[2026.09.03-20.07.46:939][157]LogMotionWorldNetwork: Display: MotionWorld network observation sent: session=31E1BBC5684B episode=7221 observation=107 state_sequence=567 simulation_time_s=11.691000 facing_yaw_deg=0.000000 previous_action_present=true previous_action_source=106.
[2026.09.03-20.07.46:963][158]LogMotionWorldNetwork: Display: MotionWorld network action accepted: session=31E1BBC5684B episode=7221 source_observation=107 desired_local_cm_per_sec=(100.000000, 0.000000) unreal_end_to_end_latency_ms=24.223585 current_identity_match=true before_deadline=true.
[2026.09.03-20.07.46:987][159]LogMotionWorldBridge: Display: MotionWorld command echo: revision=114 frame=character_local resolved=true facing_yaw_deg=0.00 finite=true requested_frame=(100.00, 0.00, 0.00) submitted_world=(100.00, 0.00, 0.00) echoed_world=(100.00, 0.00, 0.00) match=true
[2026.09.03-20.07.47:004][160]LogMotionWorldBridge: Display: MotionWorld transition recorded: episode=7221 transition_sequence=539 previous_state_sequence=569 next_state_sequence=570 delta_s=0.022000 action_world_cm_per_sec=(100.00, 0.00, 0.00) action_local_cm_per_sec=(100.00, 0.00, 0.00) automated=true recorded=540 rejected=0.
[2026.09.03-20.07.47:026][161]LogMotionWorldNetwork: Display: MotionWorld network observation sent: session=31E1BBC5684B episode=7221 observation=108 state_sequence=571 simulation_time_s=11.775000 facing_yaw_deg=0.000000 previous_action_present=true previous_action_source=107.
[2026.09.03-20.07.47:045][162]LogMotionWorldNetwork: Display: MotionWorld network action accepted: session=31E1BBC5684B episode=7221 source_observation=108 desired_local_cm_per_sec=(100.000000, 0.000000) unreal_end_to_end_latency_ms=19.285500 current_identity_match=true before_deadline=true.
[2026.09.03-20.07.47:061][163]LogMotionWorldBridge: Display: MotionWorld command echo: revision=115 frame=character_local resolved=true facing_yaw_deg=0.00 finite=true requested_frame=(100.00, 0.00, 0.00) submitted_world=(100.00, 0.00, 0.00) echoed_world=(100.00, 0.00, 0.00) match=true
[2026.09.03-20.07.47:135][167]LogMotionWorldNetwork: Display: MotionWorld network observation sent: session=31E1BBC5684B episode=7221 observation=109 state_sequence=577 simulation_time_s=11.887000 facing_yaw_deg=0.000000 previous_action_present=true previous_action_source=108.
[2026.09.03-20.07.47:154][168]LogMotionWorldNetwork: Display: MotionWorld network action accepted: session=31E1BBC5684B episode=7221 source_observation=109 desired_local_cm_per_sec=(100.000000, 0.000000) unreal_end_to_end_latency_ms=19.059878 current_identity_match=true before_deadline=true.
[2026.09.03-20.07.47:172][169]LogMotionWorldBridge: Display: MotionWorld command echo: revision=116 frame=character_local resolved=true facing_yaw_deg=0.00 finite=true requested_frame=(100.00, 0.00, 0.00) submitted_world=(100.00, 0.00, 0.00) echoed_world=(100.00, 0.00, 0.00) match=true
[2026.09.03-20.07.47:230][172]LogMotionWorldNetwork: Display: MotionWorld network observation sent: session=31E1BBC5684B episode=7221 observation=110 state_sequence=582 simulation_time_s=11.982000 facing_yaw_deg=0.000000 previous_action_present=true previous_action_source=109.
[2026.09.03-20.07.47:252][173]LogMotionWorldNetwork: Display: MotionWorld network action accepted: session=31E1BBC5684B episode=7221 source_observation=110 desired_local_cm_per_sec=(100.000000, 0.000000) unreal_end_to_end_latency_ms=21.519624 current_identity_match=true before_deadline=true.
[2026.09.03-20.07.47:271][174]LogMotionWorldBridge: Display: MotionWorld command echo: revision=117 frame=character_local resolved=true facing_yaw_deg=0.00 finite=true requested_frame=(100.00, 0.00, 0.00) submitted_world=(100.00, 0.00, 0.00) echoed_world=(100.00, 0.00, 0.00) match=true
[2026.09.03-20.07.47:333][177]LogMotionWorldNetwork: Display: MotionWorld network observation sent: session=31E1BBC5684B episode=7221 observation=111 state_sequence=587 simulation_time_s=12.084000 facing_yaw_deg=0.000000 previous_action_present=true previous_action_source=110.
[2026.09.03-20.07.47:351][178]LogMotionWorldNetwork: Display: MotionWorld network action accepted: session=31E1BBC5684B episode=7221 source_observation=111 desired_local_cm_per_sec=(100.000000, 0.000000) unreal_end_to_end_latency_ms=18.773165 current_identity_match=true before_deadline=true.
[2026.09.03-20.07.47:368][179]LogMotionWorldBridge: Display: MotionWorld command echo: revision=118 frame=character_local resolved=true facing_yaw_deg=0.00 finite=true requested_frame=(100.00, 0.00, 0.00) submitted_world=(100.00, 0.00, 0.00) echoed_world=(100.00, 0.00, 0.00) match=true
[2026.09.03-20.07.47:422][182]LogMotionWorldNetwork: Display: MotionWorld network observation sent: session=31E1BBC5684B episode=7221 observation=112 state_sequence=592 simulation_time_s=12.174000 facing_yaw_deg=0.000000 previous_action_present=true previous_action_source=111.
[2026.09.03-20.07.47:440][183]LogMotionWorldNetwork: Display: MotionWorld network action accepted: session=31E1BBC5684B episode=7221 source_observation=112 desired_local_cm_per_sec=(100.000000, 0.000000) unreal_end_to_end_latency_ms=17.688833 current_identity_match=true before_deadline=true.
[2026.09.03-20.07.47:457][184]LogMotionWorldBridge: Display: MotionWorld command echo: revision=119 frame=character_local resolved=true facing_yaw_deg=0.00 finite=true requested_frame=(100.00, 0.00, 0.00) submitted_world=(100.00, 0.00, 0.00) echoed_world=(100.00, 0.00, 0.00) match=true
[2026.09.03-20.07.47:533][188]LogMotionWorldNetwork: Display: MotionWorld network observation sent: session=31E1BBC5684B episode=7221 observation=113 state_sequence=598 simulation_time_s=12.284000 facing_yaw_deg=0.000000 previous_action_present=true previous_action_source=112.
[2026.09.03-20.07.47:551][189]LogMotionWorldNetwork: Display: MotionWorld network action accepted: session=31E1BBC5684B episode=7221 source_observation=113 desired_local_cm_per_sec=(100.000000, 0.000000) unreal_end_to_end_latency_ms=18.518418 current_identity_match=true before_deadline=true.
[2026.09.03-20.07.47:569][190]LogMotionWorldBridge: Display: MotionWorld state sample: protocol=1 sequence=600 valid=true mover_step_frame=601 sim_time_s=12.321000 step_s=0.018000 resim=false mode=Walking position_world_cm=(311.99, 0.00, 88.27) velocity_world_cm_per_sec=(100.00, 0.00, 0.00) velocity_local_planar_cm_per_sec=(100.00, 0.00, 0.00) facing_yaw_deg=0.00 facing_unit_world=(1.000000, 0.000000) angular_velocity_world_deg_per_sec=(0.00, 0.00, 0.00)
[2026.09.03-20.07.47:569][190]LogMotionWorldBridge: Display: MotionWorld command echo: revision=120 frame=character_local resolved=true facing_yaw_deg=0.00 finite=true requested_frame=(100.00, 0.00, 0.00) submitted_world=(100.00, 0.00, 0.00) echoed_world=(100.00, 0.00, 0.00) match=true
[2026.09.03-20.07.47:623][193]LogMotionWorldNetwork: Display: MotionWorld network observation sent: session=31E1BBC5684B episode=7221 observation=114 state_sequence=603 simulation_time_s=12.375000 facing_yaw_deg=0.000000 previous_action_present=true previous_action_source=113.
[2026.09.03-20.07.47:640][194]LogMotionWorldNetwork: Display: MotionWorld network action accepted: session=31E1BBC5684B episode=7221 source_observation=114 desired_local_cm_per_sec=(100.000000, 0.000000) unreal_end_to_end_latency_ms=17.203625 current_identity_match=true before_deadline=true.
[2026.09.03-20.07.47:659][195]LogMotionWorldBridge: Display: MotionWorld command echo: revision=121 frame=character_local resolved=true facing_yaw_deg=0.00 finite=true requested_frame=(100.00, 0.00, 0.00) submitted_world=(100.00, 0.00, 0.00) echoed_world=(100.00, 0.00, 0.00) match=true
[2026.09.03-20.07.47:729][199]LogMotionWorldNetwork: Display: MotionWorld network observation sent: session=31E1BBC5684B episode=7221 observation=115 state_sequence=609 simulation_time_s=12.481000 facing_yaw_deg=0.000000 previous_action_present=true previous_action_source=114.
[2026.09.03-20.07.47:746][200]LogMotionWorldNetwork: Display: MotionWorld network action accepted: session=31E1BBC5684B episode=7221 source_observation=115 desired_local_cm_per_sec=(100.000000, 0.000000) unreal_end_to_end_latency_ms=16.314458 current_identity_match=true before_deadline=true.
[2026.09.03-20.07.47:762][201]LogMotionWorldBridge: Display: MotionWorld command echo: revision=122 frame=character_local resolved=true facing_yaw_deg=0.00 finite=true requested_frame=(100.00, 0.00, 0.00) submitted_world=(100.00, 0.00, 0.00) echoed_world=(100.00, 0.00, 0.00) match=true
[2026.09.03-20.07.47:832][205]LogMotionWorldNetwork: Display: MotionWorld network observation sent: session=31E1BBC5684B episode=7221 observation=116 state_sequence=615 simulation_time_s=12.584000 facing_yaw_deg=0.000000 previous_action_present=true previous_action_source=115.
[2026.09.03-20.07.47:852][206]LogMotionWorldNetwork: Display: MotionWorld network action accepted: session=31E1BBC5684B episode=7221 source_observation=116 desired_local_cm_per_sec=(100.000000, 0.000000) unreal_end_to_end_latency_ms=19.153498 current_identity_match=true before_deadline=true.
[2026.09.03-20.07.47:868][207]LogMotionWorldBridge: Display: MotionWorld command echo: revision=123 frame=character_local resolved=true facing_yaw_deg=0.00 finite=true requested_frame=(100.00, 0.00, 0.00) submitted_world=(100.00, 0.00, 0.00) echoed_world=(100.00, 0.00, 0.00) match=true
[2026.09.03-20.07.47:926][210]LogMotionWorldNetwork: Display: MotionWorld network observation sent: session=31E1BBC5684B episode=7221 observation=117 state_sequence=620 simulation_time_s=12.677000 facing_yaw_deg=0.000000 previous_action_present=true previous_action_source=116.
[2026.09.03-20.07.47:946][211]LogMotionWorldNetwork: Display: MotionWorld network action accepted: session=31E1BBC5684B episode=7221 source_observation=117 desired_local_cm_per_sec=(100.000000, 0.000000) unreal_end_to_end_latency_ms=20.488333 current_identity_match=true before_deadline=true.
[2026.09.03-20.07.47:964][212]LogMotionWorldBridge: Display: MotionWorld command echo: revision=124 frame=character_local resolved=true facing_yaw_deg=0.00 finite=true requested_frame=(100.00, 0.00, 0.00) submitted_world=(100.00, 0.00, 0.00) echoed_world=(100.00, 0.00, 0.00) match=true
[2026.09.03-20.07.48:020][215]LogMotionWorldNetwork: Display: MotionWorld network observation sent: session=31E1BBC5684B episode=7221 observation=118 state_sequence=625 simulation_time_s=12.773000 facing_yaw_deg=0.000000 previous_action_present=true previous_action_source=117.
[2026.09.03-20.07.48:039][216]LogMotionWorldNetwork: Display: MotionWorld network action accepted: session=31E1BBC5684B episode=7221 source_observation=118 desired_local_cm_per_sec=(100.000000, 0.000000) unreal_end_to_end_latency_ms=19.031834 current_identity_match=true before_deadline=true.
[2026.09.03-20.07.48:057][217]LogMotionWorldBridge: Display: MotionWorld command echo: revision=125 frame=character_local resolved=true facing_yaw_deg=0.00 finite=true requested_frame=(100.00, 0.00, 0.00) submitted_world=(100.00, 0.00, 0.00) echoed_world=(100.00, 0.00, 0.00) match=true
[2026.09.03-20.07.48:112][220]LogMotionWorldBridge: Display: MotionWorld transition recorded: episode=7221 transition_sequence=599 previous_state_sequence=629 next_state_sequence=630 delta_s=0.019000 action_world_cm_per_sec=(100.00, 0.00, 0.00) action_local_cm_per_sec=(100.00, 0.00, 0.00) automated=true recorded=600 rejected=0.
[2026.09.03-20.07.48:128][221]LogMotionWorldNetwork: Display: MotionWorld network observation sent: session=31E1BBC5684B episode=7221 observation=119 state_sequence=631 simulation_time_s=12.881000 facing_yaw_deg=0.000000 previous_action_present=true previous_action_source=118.
[2026.09.03-20.07.48:146][222]LogMotionWorldNetwork: Display: MotionWorld network action accepted: session=31E1BBC5684B episode=7221 source_observation=119 desired_local_cm_per_sec=(100.000000, 0.000000) unreal_end_to_end_latency_ms=17.756790 current_identity_match=true before_deadline=true.
[2026.09.03-20.07.48:165][223]LogMotionWorldBridge: Display: MotionWorld command echo: revision=126 frame=character_local resolved=true facing_yaw_deg=0.00 finite=true requested_frame=(100.00, 0.00, 0.00) submitted_world=(100.00, 0.00, 0.00) echoed_world=(100.00, 0.00, 0.00) match=true
[2026.09.03-20.07.48:226][226]LogMotionWorldNetwork: Display: MotionWorld network observation sent: session=31E1BBC5684B episode=7221 observation=120 state_sequence=636 simulation_time_s=12.974000 facing_yaw_deg=0.000000 previous_action_present=true previous_action_source=119.
[2026.09.03-20.07.48:242][227]LogMotionWorldNetwork: Display: MotionWorld network action accepted: session=31E1BBC5684B episode=7221 source_observation=120 desired_local_cm_per_sec=(100.000000, 0.000000) unreal_end_to_end_latency_ms=16.050916 current_identity_match=true before_deadline=true.
[2026.09.03-20.07.48:260][228]LogMotionWorldBridge: Display: MotionWorld command echo: revision=127 frame=character_local resolved=true facing_yaw_deg=0.00 finite=true requested_frame=(100.00, 0.00, 0.00) submitted_world=(100.00, 0.00, 0.00) echoed_world=(100.00, 0.00, 0.00) match=true
[2026.09.03-20.07.48:332][232]LogMotionWorldNetwork: Display: MotionWorld network observation sent: session=31E1BBC5684B episode=7221 observation=121 state_sequence=642 simulation_time_s=13.084000 facing_yaw_deg=0.000000 previous_action_present=true previous_action_source=120.
[2026.09.03-20.07.48:352][233]LogMotionWorldNetwork: Display: MotionWorld network action accepted: session=31E1BBC5684B episode=7221 source_observation=121 desired_local_cm_per_sec=(100.000000, 0.000000) unreal_end_to_end_latency_ms=20.297501 current_identity_match=true before_deadline=true.
[2026.09.03-20.07.48:370][234]LogMotionWorldBridge: Display: MotionWorld command echo: revision=128 frame=character_local resolved=true facing_yaw_deg=0.00 finite=true requested_frame=(100.00, 0.00, 0.00) submitted_world=(100.00, 0.00, 0.00) echoed_world=(100.00, 0.00, 0.00) match=true
[2026.09.03-20.07.48:426][237]LogMotionWorldNetwork: Display: MotionWorld network observation sent: session=31E1BBC5684B episode=7221 observation=122 state_sequence=647 simulation_time_s=13.178000 facing_yaw_deg=0.000000 previous_action_present=true previous_action_source=121.
[2026.09.03-20.07.48:443][238]LogMotionWorldNetwork: Display: MotionWorld network action accepted: session=31E1BBC5684B episode=7221 source_observation=122 desired_local_cm_per_sec=(100.000000, 0.000000) unreal_end_to_end_latency_ms=17.792664 current_identity_match=true before_deadline=true.
[2026.09.03-20.07.48:461][239]LogMotionWorldBridge: Display: MotionWorld command echo: revision=129 frame=character_local resolved=true facing_yaw_deg=0.00 finite=true requested_frame=(100.00, 0.00, 0.00) submitted_world=(100.00, 0.00, 0.00) echoed_world=(100.00, 0.00, 0.00) match=true
[2026.09.03-20.07.48:533][243]LogMotionWorldNetwork: Display: MotionWorld network observation sent: session=31E1BBC5684B episode=7221 observation=123 state_sequence=653 simulation_time_s=13.286000 facing_yaw_deg=0.000000 previous_action_present=true previous_action_source=122.
[2026.09.03-20.07.48:552][244]LogMotionWorldNetwork: Display: MotionWorld network action accepted: session=31E1BBC5684B episode=7221 source_observation=123 desired_local_cm_per_sec=(100.000000, 0.000000) unreal_end_to_end_latency_ms=18.344793 current_identity_match=true before_deadline=true.
[2026.09.03-20.07.48:569][245]LogMotionWorldBridge: Display: MotionWorld command echo: revision=130 frame=character_local resolved=true facing_yaw_deg=0.00 finite=true requested_frame=(100.00, 0.00, 0.00) submitted_world=(100.00, 0.00, 0.00) echoed_world=(100.00, 0.00, 0.00) match=true
[2026.09.03-20.07.48:623][248]LogMotionWorldNetwork: Display: MotionWorld network observation sent: session=31E1BBC5684B episode=7221 observation=124 state_sequence=658 simulation_time_s=13.376000 facing_yaw_deg=0.000000 previous_action_present=true previous_action_source=123.
[2026.09.03-20.07.48:642][249]LogMotionWorldNetwork: Display: MotionWorld network action accepted: session=31E1BBC5684B episode=7221 source_observation=124 desired_local_cm_per_sec=(100.000000, 0.000000) unreal_end_to_end_latency_ms=18.863544 current_identity_match=true before_deadline=true.
[2026.09.03-20.07.48:657][250]LogMotionWorldBridge: Display: MotionWorld state sample: protocol=1 sequence=660 valid=true mover_step_frame=661 sim_time_s=13.411000 step_s=0.017000 resim=false mode=Walking position_world_cm=(420.99, 0.00, 88.27) velocity_world_cm_per_sec=(100.00, 0.00, 0.00) velocity_local_planar_cm_per_sec=(100.00, 0.00, 0.00) facing_yaw_deg=0.00 facing_unit_world=(1.000000, 0.000000) angular_velocity_world_deg_per_sec=(0.00, 0.00, 0.00)
[2026.09.03-20.07.48:657][250]LogMotionWorldBridge: Display: MotionWorld command echo: revision=131 frame=character_local resolved=true facing_yaw_deg=0.00 finite=true requested_frame=(100.00, 0.00, 0.00) submitted_world=(100.00, 0.00, 0.00) echoed_world=(100.00, 0.00, 0.00) match=true
[2026.09.03-20.07.48:728][254]LogMotionWorldNetwork: Display: MotionWorld network observation sent: session=31E1BBC5684B episode=7221 observation=125 state_sequence=664 simulation_time_s=13.481000 facing_yaw_deg=0.000000 previous_action_present=true previous_action_source=124.
[2026.09.03-20.07.48:748][255]LogMotionWorldNetwork: Display: MotionWorld network action accepted: session=31E1BBC5684B episode=7221 source_observation=125 desired_local_cm_per_sec=(100.000000, 0.000000) unreal_end_to_end_latency_ms=19.411378 current_identity_match=true before_deadline=true.
[2026.09.03-20.07.48:764][256]LogMotionWorldBridge: Display: MotionWorld command echo: revision=132 frame=character_local resolved=true facing_yaw_deg=0.00 finite=true requested_frame=(100.00, 0.00, 0.00) submitted_world=(100.00, 0.00, 0.00) echoed_world=(100.00, 0.00, 0.00) match=true
[2026.09.03-20.07.48:834][260]LogMotionWorldNetwork: Display: MotionWorld network observation sent: session=31E1BBC5684B episode=7221 observation=126 state_sequence=670 simulation_time_s=13.586000 facing_yaw_deg=0.000000 previous_action_present=true previous_action_source=125.
[2026.09.03-20.07.48:853][261]LogMotionWorldNetwork: Display: MotionWorld network action accepted: session=31E1BBC5684B episode=7221 source_observation=126 desired_local_cm_per_sec=(100.000000, 0.000000) unreal_end_to_end_latency_ms=19.338332 current_identity_match=true before_deadline=true.
[2026.09.03-20.07.48:870][262]LogMotionWorldBridge: Display: MotionWorld command echo: revision=133 frame=character_local resolved=true facing_yaw_deg=0.00 finite=true requested_frame=(100.00, 0.00, 0.00) submitted_world=(100.00, 0.00, 0.00) echoed_world=(100.00, 0.00, 0.00) match=true
[2026.09.03-20.07.48:921][265]LogMotionWorldNetwork: Display: MotionWorld network observation sent: session=31E1BBC5684B episode=7221 observation=127 state_sequence=675 simulation_time_s=13.675000 facing_yaw_deg=0.000000 previous_action_present=true previous_action_source=126.
[2026.09.03-20.07.48:941][266]LogMotionWorldNetwork: Display: MotionWorld network action accepted: session=31E1BBC5684B episode=7221 source_observation=127 desired_local_cm_per_sec=(100.000000, 0.000000) unreal_end_to_end_latency_ms=19.125707 current_identity_match=true before_deadline=true.
[2026.09.03-20.07.48:956][267]LogMotionWorldBridge: Display: MotionWorld command echo: revision=134 frame=character_local resolved=true facing_yaw_deg=0.00 finite=true requested_frame=(100.00, 0.00, 0.00) submitted_world=(100.00, 0.00, 0.00) echoed_world=(100.00, 0.00, 0.00) match=true
[2026.09.03-20.07.49:028][271]LogMotionWorldNetwork: Display: MotionWorld network observation sent: session=31E1BBC5684B episode=7221 observation=128 state_sequence=681 simulation_time_s=13.780000 facing_yaw_deg=0.000000 previous_action_present=true previous_action_source=127.
[2026.09.03-20.07.49:046][272]LogMotionWorldNetwork: Display: MotionWorld network action accepted: session=31E1BBC5684B episode=7221 source_observation=128 desired_local_cm_per_sec=(100.000000, 0.000000) unreal_end_to_end_latency_ms=17.664708 current_identity_match=true before_deadline=true.
[2026.09.03-20.07.49:062][273]LogMotionWorldBridge: Display: MotionWorld command echo: revision=135 frame=character_local resolved=true facing_yaw_deg=0.00 finite=true requested_frame=(100.00, 0.00, 0.00) submitted_world=(100.00, 0.00, 0.00) echoed_world=(100.00, 0.00, 0.00) match=true
[2026.09.03-20.07.49:131][277]LogMotionWorldNetwork: Display: MotionWorld network observation sent: session=31E1BBC5684B episode=7221 observation=129 state_sequence=687 simulation_time_s=13.883000 facing_yaw_deg=0.000000 previous_action_present=true previous_action_source=128.
[2026.09.03-20.07.49:150][278]LogMotionWorldNetwork: Display: MotionWorld network action accepted: session=31E1BBC5684B episode=7221 source_observation=129 desired_local_cm_per_sec=(100.000000, 0.000000) unreal_end_to_end_latency_ms=19.017376 current_identity_match=true before_deadline=true.
[2026.09.03-20.07.49:168][279]LogMotionWorldBridge: Display: MotionWorld command echo: revision=136 frame=character_local resolved=true facing_yaw_deg=0.00 finite=true requested_frame=(100.00, 0.00, 0.00) submitted_world=(100.00, 0.00, 0.00) echoed_world=(100.00, 0.00, 0.00) match=true
[2026.09.03-20.07.49:186][280]LogMotionWorldBridge: Display: MotionWorld transition recorded: episode=7221 transition_sequence=659 previous_state_sequence=689 next_state_sequence=690 delta_s=0.019000 action_world_cm_per_sec=(100.00, 0.00, 0.00) action_local_cm_per_sec=(100.00, 0.00, 0.00) automated=true recorded=660 rejected=0.
[2026.09.03-20.07.49:220][282]LogMotionWorldNetwork: Display: MotionWorld network observation sent: session=31E1BBC5684B episode=7221 observation=130 state_sequence=692 simulation_time_s=13.973000 facing_yaw_deg=0.000000 previous_action_present=true previous_action_source=129.
[2026.09.03-20.07.49:238][283]LogMotionWorldNetwork: Display: MotionWorld network action accepted: session=31E1BBC5684B episode=7221 source_observation=130 desired_local_cm_per_sec=(100.000000, 0.000000) unreal_end_to_end_latency_ms=17.701916 current_identity_match=true before_deadline=true.
[2026.09.03-20.07.49:258][284]LogMotionWorldBridge: Display: MotionWorld command echo: revision=137 frame=character_local resolved=true facing_yaw_deg=0.00 finite=true requested_frame=(100.00, 0.00, 0.00) submitted_world=(100.00, 0.00, 0.00) echoed_world=(100.00, 0.00, 0.00) match=true
[2026.09.03-20.07.49:332][288]LogMotionWorldNetwork: Display: MotionWorld network observation sent: session=31E1BBC5684B episode=7221 observation=131 state_sequence=698 simulation_time_s=14.084000 facing_yaw_deg=0.000000 previous_action_present=true previous_action_source=130.
[2026.09.03-20.07.49:349][289]LogMotionWorldNetwork: Display: MotionWorld network action accepted: session=31E1BBC5684B episode=7221 source_observation=131 desired_local_cm_per_sec=(100.000000, 0.000000) unreal_end_to_end_latency_ms=16.868293 current_identity_match=true before_deadline=true.
[2026.09.03-20.07.49:365][290]LogMotionWorldBridge: Display: MotionWorld command echo: revision=138 frame=character_local resolved=true facing_yaw_deg=0.00 finite=true requested_frame=(100.00, 0.00, 0.00) submitted_world=(100.00, 0.00, 0.00) echoed_world=(100.00, 0.00, 0.00) match=true
[2026.09.03-20.07.49:421][293]LogMotionWorldNetwork: Display: MotionWorld network observation sent: session=31E1BBC5684B episode=7221 observation=132 state_sequence=703 simulation_time_s=14.174000 facing_yaw_deg=0.000000 previous_action_present=true previous_action_source=131.
[2026.09.03-20.07.49:441][294]LogMotionWorldNetwork: Display: MotionWorld network action accepted: session=31E1BBC5684B episode=7221 source_observation=132 desired_local_cm_per_sec=(100.000000, 0.000000) unreal_end_to_end_latency_ms=19.981127 current_identity_match=true before_deadline=true.
[2026.09.03-20.07.49:458][295]LogMotionWorldBridge: Display: MotionWorld command echo: revision=139 frame=character_local resolved=true facing_yaw_deg=0.00 finite=true requested_frame=(100.00, 0.00, 0.00) submitted_world=(100.00, 0.00, 0.00) echoed_world=(100.00, 0.00, 0.00) match=true
[2026.09.03-20.07.49:528][299]LogMotionWorldNetwork: Display: MotionWorld network observation sent: session=31E1BBC5684B episode=7221 observation=133 state_sequence=709 simulation_time_s=14.278000 facing_yaw_deg=0.000000 previous_action_present=true previous_action_source=132.
[2026.09.03-20.07.49:549][300]LogMotionWorldNetwork: Display: MotionWorld network action accepted: session=31E1BBC5684B episode=7221 source_observation=133 desired_local_cm_per_sec=(100.000000, 0.000000) unreal_end_to_end_latency_ms=20.496499 current_identity_match=true before_deadline=true.
[2026.09.03-20.07.49:566][301]LogMotionWorldBridge: Display: MotionWorld command echo: revision=140 frame=character_local resolved=true facing_yaw_deg=0.00 finite=true requested_frame=(100.00, 0.00, 0.00) submitted_world=(100.00, 0.00, 0.00) echoed_world=(100.00, 0.00, 0.00) match=true
[2026.09.03-20.07.49:634][305]LogMotionWorldNetwork: Display: MotionWorld network observation sent: session=31E1BBC5684B episode=7221 observation=134 state_sequence=715 simulation_time_s=14.387000 facing_yaw_deg=0.000000 previous_action_present=true previous_action_source=133.
[2026.09.03-20.07.49:652][306]LogMotionWorldNetwork: Display: MotionWorld network action accepted: session=31E1BBC5684B episode=7221 source_observation=134 desired_local_cm_per_sec=(100.000000, 0.000000) unreal_end_to_end_latency_ms=18.168997 current_identity_match=true before_deadline=true.
[2026.09.03-20.07.49:668][307]LogMotionWorldBridge: Display: MotionWorld command echo: revision=141 frame=character_local resolved=true facing_yaw_deg=0.00 finite=true requested_frame=(100.00, 0.00, 0.00) submitted_world=(100.00, 0.00, 0.00) echoed_world=(100.00, 0.00, 0.00) match=true
[2026.09.03-20.07.49:720][310]LogMotionWorldBridge: Display: MotionWorld state sample: protocol=1 sequence=720 valid=true mover_step_frame=721 sim_time_s=14.473000 step_s=0.018000 resim=false mode=Walking position_world_cm=(527.19, 0.00, 88.27) velocity_world_cm_per_sec=(100.00, 0.00, 0.00) velocity_local_planar_cm_per_sec=(100.00, 0.00, 0.00) facing_yaw_deg=0.00 facing_unit_world=(1.000000, 0.000000) angular_velocity_world_deg_per_sec=(0.00, 0.00, 0.00)
[2026.09.03-20.07.49:721][310]LogMotionWorldNetwork: Display: MotionWorld network observation sent: session=31E1BBC5684B episode=7221 observation=135 state_sequence=720 simulation_time_s=14.473000 facing_yaw_deg=0.000000 previous_action_present=true previous_action_source=134.
[2026.09.03-20.07.49:738][311]LogMotionWorldNetwork: Display: MotionWorld network action accepted: session=31E1BBC5684B episode=7221 source_observation=135 desired_local_cm_per_sec=(100.000000, 0.000000) unreal_end_to_end_latency_ms=17.419539 current_identity_match=true before_deadline=true.
[2026.09.03-20.07.49:755][312]LogMotionWorldBridge: Display: MotionWorld command echo: revision=142 frame=character_local resolved=true facing_yaw_deg=0.00 finite=true requested_frame=(100.00, 0.00, 0.00) submitted_world=(100.00, 0.00, 0.00) echoed_world=(100.00, 0.00, 0.00) match=true
[2026.09.03-20.07.49:833][316]LogMotionWorldNetwork: Display: MotionWorld network observation sent: session=31E1BBC5684B episode=7221 observation=136 state_sequence=726 simulation_time_s=14.586000 facing_yaw_deg=0.000000 previous_action_present=true previous_action_source=135.
[2026.09.03-20.07.49:855][317]LogMotionWorldNetwork: Display: MotionWorld network action accepted: session=31E1BBC5684B episode=7221 source_observation=136 desired_local_cm_per_sec=(100.000000, 0.000000) unreal_end_to_end_latency_ms=21.772541 current_identity_match=true before_deadline=true.
[2026.09.03-20.07.49:873][318]LogMotionWorldBridge: Display: MotionWorld command echo: revision=143 frame=character_local resolved=true facing_yaw_deg=0.00 finite=true requested_frame=(100.00, 0.00, 0.00) submitted_world=(100.00, 0.00, 0.00) echoed_world=(100.00, 0.00, 0.00) match=true
[2026.09.03-20.07.49:936][321]LogMotionWorldNetwork: Display: MotionWorld network observation sent: session=31E1BBC5684B episode=7221 observation=137 state_sequence=731 simulation_time_s=14.687000 facing_yaw_deg=0.000000 previous_action_present=true previous_action_source=136.
[2026.09.03-20.07.49:957][322]LogMotionWorldNetwork: Display: MotionWorld network action accepted: session=31E1BBC5684B episode=7221 source_observation=137 desired_local_cm_per_sec=(100.000000, 0.000000) unreal_end_to_end_latency_ms=21.078292 current_identity_match=true before_deadline=true.
[2026.09.03-20.07.49:979][323]LogMotionWorldBridge: Display: MotionWorld command echo: revision=144 frame=character_local resolved=true facing_yaw_deg=0.00 finite=true requested_frame=(100.00, 0.00, 0.00) submitted_world=(100.00, 0.00, 0.00) echoed_world=(100.00, 0.00, 0.00) match=true
[2026.09.03-20.07.50:022][325]LogMotionWorldNetwork: Display: MotionWorld network observation sent: session=31E1BBC5684B episode=7221 observation=138 state_sequence=735 simulation_time_s=14.772000 facing_yaw_deg=0.000000 previous_action_present=true previous_action_source=137.
[2026.09.03-20.07.50:042][326]LogMotionWorldNetwork: Display: MotionWorld network action accepted: session=31E1BBC5684B episode=7221 source_observation=138 desired_local_cm_per_sec=(100.000000, 0.000000) unreal_end_to_end_latency_ms=20.047169 current_identity_match=true before_deadline=true.
[2026.09.03-20.07.50:059][327]LogMotionWorldBridge: Display: MotionWorld command echo: revision=145 frame=character_local resolved=true facing_yaw_deg=0.00 finite=true requested_frame=(100.00, 0.00, 0.00) submitted_world=(100.00, 0.00, 0.00) echoed_world=(100.00, 0.00, 0.00) match=true
[2026.09.03-20.07.50:130][331]LogMotionWorldNetwork: Display: MotionWorld network observation sent: session=31E1BBC5684B episode=7221 observation=139 state_sequence=741 simulation_time_s=14.882000 facing_yaw_deg=0.000000 previous_action_present=true previous_action_source=138.
[2026.09.03-20.07.50:148][332]LogMotionWorldNetwork: Display: MotionWorld network action accepted: session=31E1BBC5684B episode=7221 source_observation=139 desired_local_cm_per_sec=(100.000000, 0.000000) unreal_end_to_end_latency_ms=18.219125 current_identity_match=true before_deadline=true.
[2026.09.03-20.07.50:165][333]LogMotionWorldBridge: Display: MotionWorld command echo: revision=146 frame=character_local resolved=true facing_yaw_deg=0.00 finite=true requested_frame=(100.00, 0.00, 0.00) submitted_world=(100.00, 0.00, 0.00) echoed_world=(100.00, 0.00, 0.00) match=true
[2026.09.03-20.07.50:219][336]LogMotionWorldNetwork: Display: MotionWorld network observation sent: session=31E1BBC5684B episode=7221 observation=140 state_sequence=746 simulation_time_s=14.971000 facing_yaw_deg=0.000000 previous_action_present=true previous_action_source=139.
[2026.09.03-20.07.50:236][337]LogMotionWorldNetwork: Display: MotionWorld network action accepted: session=31E1BBC5684B episode=7221 source_observation=140 desired_local_cm_per_sec=(100.000000, 0.000000) unreal_end_to_end_latency_ms=17.315168 current_identity_match=true before_deadline=true.
[2026.09.03-20.07.50:253][338]LogMotionWorldBridge: Display: MotionWorld command echo: revision=147 frame=character_local resolved=true facing_yaw_deg=0.00 finite=true requested_frame=(100.00, 0.00, 0.00) submitted_world=(100.00, 0.00, 0.00) echoed_world=(100.00, 0.00, 0.00) match=true
[2026.09.03-20.07.50:289][340]LogMotionWorldBridge: Display: MotionWorld transition recorded: episode=7221 transition_sequence=719 previous_state_sequence=749 next_state_sequence=750 delta_s=0.017000 action_world_cm_per_sec=(100.00, 0.00, 0.00) action_local_cm_per_sec=(100.00, 0.00, 0.00) automated=true recorded=720 rejected=0.
[2026.09.03-20.07.50:325][342]LogMotionWorldNetwork: Display: MotionWorld network observation sent: session=31E1BBC5684B episode=7221 observation=141 state_sequence=752 simulation_time_s=15.076000 facing_yaw_deg=0.000000 previous_action_present=true previous_action_source=140.
[2026.09.03-20.07.50:343][343]LogMotionWorldNetwork: Display: MotionWorld network action accepted: session=31E1BBC5684B episode=7221 source_observation=141 desired_local_cm_per_sec=(100.000000, 0.000000) unreal_end_to_end_latency_ms=17.980039 current_identity_match=true before_deadline=true.
[2026.09.03-20.07.50:360][344]LogMotionWorldBridge: Display: MotionWorld command echo: revision=148 frame=character_local resolved=true facing_yaw_deg=0.00 finite=true requested_frame=(100.00, 0.00, 0.00) submitted_world=(100.00, 0.00, 0.00) echoed_world=(100.00, 0.00, 0.00) match=true
[2026.09.03-20.07.50:434][348]LogMotionWorldNetwork: Display: MotionWorld network observation sent: session=31E1BBC5684B episode=7221 observation=142 state_sequence=758 simulation_time_s=15.186000 facing_yaw_deg=0.000000 previous_action_present=true previous_action_source=141.
[2026.09.03-20.07.50:451][349]LogMotionWorldNetwork: Display: MotionWorld network action accepted: session=31E1BBC5684B episode=7221 source_observation=142 desired_local_cm_per_sec=(100.000000, 0.000000) unreal_end_to_end_latency_ms=17.351292 current_identity_match=true before_deadline=true.
[2026.09.03-20.07.50:467][350]LogMotionWorldBridge: Display: MotionWorld command echo: revision=149 frame=character_local resolved=true facing_yaw_deg=0.00 finite=true requested_frame=(100.00, 0.00, 0.00) submitted_world=(100.00, 0.00, 0.00) echoed_world=(100.00, 0.00, 0.00) match=true
[2026.09.03-20.07.50:519][353]LogMotionWorldNetwork: Display: MotionWorld network observation sent: session=31E1BBC5684B episode=7221 observation=143 state_sequence=763 simulation_time_s=15.271000 facing_yaw_deg=0.000000 previous_action_present=true previous_action_source=142.
[2026.09.03-20.07.50:539][354]LogMotionWorldNetwork: Display: MotionWorld network action accepted: session=31E1BBC5684B episode=7221 source_observation=143 desired_local_cm_per_sec=(100.000000, 0.000000) unreal_end_to_end_latency_ms=19.819293 current_identity_match=true before_deadline=true.
[2026.09.03-20.07.50:557][355]LogMotionWorldBridge: Display: MotionWorld command echo: revision=150 frame=character_local resolved=true facing_yaw_deg=0.00 finite=true requested_frame=(100.00, 0.00, 0.00) submitted_world=(100.00, 0.00, 0.00) echoed_world=(100.00, 0.00, 0.00) match=true
[2026.09.03-20.07.50:630][359]LogMotionWorldNetwork: Display: MotionWorld network observation sent: session=31E1BBC5684B episode=7221 observation=144 state_sequence=769 simulation_time_s=15.381000 facing_yaw_deg=0.000000 previous_action_present=true previous_action_source=143.
[2026.09.03-20.07.50:646][360]LogMotionWorldNetwork: Display: MotionWorld network action accepted: session=31E1BBC5684B episode=7221 source_observation=144 desired_local_cm_per_sec=(100.000000, 0.000000) unreal_end_to_end_latency_ms=16.057916 current_identity_match=true before_deadline=true.
[2026.09.03-20.07.50:663][361]LogMotionWorldBridge: Display: MotionWorld command echo: revision=151 frame=character_local resolved=true facing_yaw_deg=0.00 finite=true requested_frame=(100.00, 0.00, 0.00) submitted_world=(100.00, 0.00, 0.00) echoed_world=(100.00, 0.00, 0.00) match=true
[2026.09.03-20.07.50:733][365]LogMotionWorldNetwork: Display: MotionWorld network observation sent: session=31E1BBC5684B episode=7221 observation=145 state_sequence=775 simulation_time_s=15.485000 facing_yaw_deg=0.000000 previous_action_present=true previous_action_source=144.
[2026.09.03-20.07.50:751][366]LogMotionWorldNetwork: Display: MotionWorld network action accepted: session=31E1BBC5684B episode=7221 source_observation=145 desired_local_cm_per_sec=(100.000000, 0.000000) unreal_end_to_end_latency_ms=17.646957 current_identity_match=true before_deadline=true.
[2026.09.03-20.07.50:766][367]LogMotionWorldBridge: Display: MotionWorld command echo: revision=152 frame=character_local resolved=true facing_yaw_deg=0.00 finite=true requested_frame=(100.00, 0.00, 0.00) submitted_world=(100.00, 0.00, 0.00) echoed_world=(100.00, 0.00, 0.00) match=true
[2026.09.03-20.07.50:818][370]LogMotionWorldBridge: Display: MotionWorld state sample: protocol=1 sequence=780 valid=true mover_step_frame=781 sim_time_s=15.570000 step_s=0.018000 resim=false mode=Walking position_world_cm=(636.89, 0.00, 88.27) velocity_world_cm_per_sec=(100.00, 0.00, 0.00) velocity_local_planar_cm_per_sec=(100.00, 0.00, 0.00) facing_yaw_deg=0.00 facing_unit_world=(1.000000, 0.000000) angular_velocity_world_deg_per_sec=(0.00, 0.00, 0.00)
[2026.09.03-20.07.50:818][370]LogMotionWorldNetwork: Display: MotionWorld network observation sent: session=31E1BBC5684B episode=7221 observation=146 state_sequence=780 simulation_time_s=15.570000 facing_yaw_deg=0.000000 previous_action_present=true previous_action_source=145.
[2026.09.03-20.07.50:836][371]LogMotionWorldNetwork: Display: MotionWorld network action accepted: session=31E1BBC5684B episode=7221 source_observation=146 desired_local_cm_per_sec=(100.000000, 0.000000) unreal_end_to_end_latency_ms=18.479247 current_identity_match=true before_deadline=true.
[2026.09.03-20.07.50:855][372]LogMotionWorldBridge: Display: MotionWorld command echo: revision=153 frame=character_local resolved=true facing_yaw_deg=0.00 finite=true requested_frame=(100.00, 0.00, 0.00) submitted_world=(100.00, 0.00, 0.00) echoed_world=(100.00, 0.00, 0.00) match=true
[2026.09.03-20.07.50:927][376]LogMotionWorldNetwork: Display: MotionWorld network observation sent: session=31E1BBC5684B episode=7221 observation=147 state_sequence=786 simulation_time_s=15.679000 facing_yaw_deg=0.000000 previous_action_present=true previous_action_source=146.
[2026.09.03-20.07.50:963][378]LogMotionWorldNetwork: Display: MotionWorld network action accepted: session=31E1BBC5684B episode=7221 source_observation=147 desired_local_cm_per_sec=(100.000000, 0.000000) unreal_end_to_end_latency_ms=36.888875 current_identity_match=true before_deadline=true.
[2026.09.03-20.07.50:979][379]LogMotionWorldBridge: Display: MotionWorld command echo: revision=154 frame=character_local resolved=true facing_yaw_deg=0.00 finite=true requested_frame=(100.00, 0.00, 0.00) submitted_world=(100.00, 0.00, 0.00) echoed_world=(100.00, 0.00, 0.00) match=true
[2026.09.03-20.07.51:019][381]LogMotionWorldNetwork: Display: MotionWorld network observation sent: session=31E1BBC5684B episode=7221 observation=148 state_sequence=791 simulation_time_s=15.771000 facing_yaw_deg=0.000000 previous_action_present=true previous_action_source=147.
[2026.09.03-20.07.51:037][382]LogMotionWorldNetwork: Display: MotionWorld network action accepted: session=31E1BBC5684B episode=7221 source_observation=148 desired_local_cm_per_sec=(100.000000, 0.000000) unreal_end_to_end_latency_ms=18.106751 current_identity_match=true before_deadline=true.
[2026.09.03-20.07.51:054][383]LogMotionWorldBridge: Display: MotionWorld command echo: revision=155 frame=character_local resolved=true facing_yaw_deg=0.00 finite=true requested_frame=(100.00, 0.00, 0.00) submitted_world=(100.00, 0.00, 0.00) echoed_world=(100.00, 0.00, 0.00) match=true
[2026.09.03-20.07.51:124][387]LogMotionWorldNetwork: Display: MotionWorld network observation sent: session=31E1BBC5684B episode=7221 observation=149 state_sequence=797 simulation_time_s=15.876000 facing_yaw_deg=0.000000 previous_action_present=true previous_action_source=148.
[2026.09.03-20.07.51:140][388]LogMotionWorldNetwork: Display: MotionWorld network action accepted: session=31E1BBC5684B episode=7221 source_observation=149 desired_local_cm_per_sec=(100.000000, 0.000000) unreal_end_to_end_latency_ms=16.770706 current_identity_match=true before_deadline=true.
[2026.09.03-20.07.51:157][389]LogMotionWorldBridge: Display: MotionWorld command echo: revision=156 frame=character_local resolved=true facing_yaw_deg=0.00 finite=true requested_frame=(100.00, 0.00, 0.00) submitted_world=(100.00, 0.00, 0.00) echoed_world=(100.00, 0.00, 0.00) match=true
[2026.09.03-20.07.51:229][393]LogMotionWorldNetwork: Display: MotionWorld network observation sent: session=31E1BBC5684B episode=7221 observation=150 state_sequence=803 simulation_time_s=15.981000 facing_yaw_deg=0.000000 previous_action_present=true previous_action_source=149.
[2026.09.03-20.07.51:247][394]LogMotionWorldNetwork: Display: MotionWorld network action accepted: session=31E1BBC5684B episode=7221 source_observation=150 desired_local_cm_per_sec=(100.000000, 0.000000) unreal_end_to_end_latency_ms=17.827790 current_identity_match=true before_deadline=true.
[2026.09.03-20.07.51:269][395]LogMotionWorldBridge: Display: MotionWorld command echo: revision=157 frame=character_local resolved=true facing_yaw_deg=0.00 finite=true requested_frame=(100.00, 0.00, 0.00) submitted_world=(100.00, 0.00, 0.00) echoed_world=(100.00, 0.00, 0.00) match=true
[2026.09.03-20.07.51:322][398]LogMotionWorldNetwork: Display: MotionWorld network observation sent: session=31E1BBC5684B episode=7221 observation=151 state_sequence=808 simulation_time_s=16.075000 facing_yaw_deg=0.000000 previous_action_present=true previous_action_source=150.
[2026.09.03-20.07.51:342][399]LogMotionWorldNetwork: Display: MotionWorld network action accepted: session=31E1BBC5684B episode=7221 source_observation=151 desired_local_cm_per_sec=(100.000000, 0.000000) unreal_end_to_end_latency_ms=19.918710 current_identity_match=true before_deadline=true.
[2026.09.03-20.07.51:358][400]LogMotionWorldBridge: Display: MotionWorld transition recorded: episode=7221 transition_sequence=779 previous_state_sequence=809 next_state_sequence=810 delta_s=0.017000 action_world_cm_per_sec=(100.00, 0.00, 0.00) action_local_cm_per_sec=(100.00, 0.00, 0.00) automated=true recorded=780 rejected=0.
[2026.09.03-20.07.51:358][400]LogMotionWorldBridge: Display: MotionWorld command echo: revision=158 frame=character_local resolved=true facing_yaw_deg=0.00 finite=true requested_frame=(100.00, 0.00, 0.00) submitted_world=(100.00, 0.00, 0.00) echoed_world=(100.00, 0.00, 0.00) match=true
[2026.09.03-20.07.51:430][404]LogMotionWorldNetwork: Display: MotionWorld network observation sent: session=31E1BBC5684B episode=7221 observation=152 state_sequence=814 simulation_time_s=16.181000 facing_yaw_deg=0.000000 previous_action_present=true previous_action_source=151.
[2026.09.03-20.07.51:449][405]LogMotionWorldNetwork: Display: MotionWorld network action accepted: session=31E1BBC5684B episode=7221 source_observation=152 desired_local_cm_per_sec=(100.000000, 0.000000) unreal_end_to_end_latency_ms=18.323708 current_identity_match=true before_deadline=true.
[2026.09.03-20.07.51:464][406]LogMotionWorldBridge: Display: MotionWorld command echo: revision=159 frame=character_local resolved=true facing_yaw_deg=0.00 finite=true requested_frame=(100.00, 0.00, 0.00) submitted_world=(100.00, 0.00, 0.00) echoed_world=(100.00, 0.00, 0.00) match=true
[2026.09.03-20.07.51:526][409]LogMotionWorldNetwork: Display: MotionWorld network observation sent: session=31E1BBC5684B episode=7221 observation=153 state_sequence=819 simulation_time_s=16.275000 facing_yaw_deg=0.000000 previous_action_present=true previous_action_source=152.
[2026.09.03-20.07.51:545][410]LogMotionWorldNetwork: Display: MotionWorld network action accepted: session=31E1BBC5684B episode=7221 source_observation=153 desired_local_cm_per_sec=(100.000000, 0.000000) unreal_end_to_end_latency_ms=19.066289 current_identity_match=true before_deadline=true.
[2026.09.03-20.07.51:562][411]LogMotionWorldBridge: Display: MotionWorld command echo: revision=160 frame=character_local resolved=true facing_yaw_deg=0.00 finite=true requested_frame=(100.00, 0.00, 0.00) submitted_world=(100.00, 0.00, 0.00) echoed_world=(100.00, 0.00, 0.00) match=true
[2026.09.03-20.07.51:634][415]LogMotionWorldNetwork: Display: MotionWorld network observation sent: session=31E1BBC5684B episode=7221 observation=154 state_sequence=825 simulation_time_s=16.386000 facing_yaw_deg=0.000000 previous_action_present=true previous_action_source=153.
[2026.09.03-20.07.51:654][416]LogMotionWorldNetwork: Display: MotionWorld network action accepted: session=31E1BBC5684B episode=7221 source_observation=154 desired_local_cm_per_sec=(100.000000, 0.000000) unreal_end_to_end_latency_ms=20.083707 current_identity_match=true before_deadline=true.
[2026.09.03-20.07.51:669][417]LogMotionWorldBridge: Display: MotionWorld command echo: revision=161 frame=character_local resolved=true facing_yaw_deg=0.00 finite=true requested_frame=(100.00, 0.00, 0.00) submitted_world=(100.00, 0.00, 0.00) echoed_world=(100.00, 0.00, 0.00) match=true
[2026.09.03-20.07.51:721][420]LogMotionWorldNetwork: Display: MotionWorld network observation sent: session=31E1BBC5684B episode=7221 observation=155 state_sequence=830 simulation_time_s=16.473000 facing_yaw_deg=0.000000 previous_action_present=true previous_action_source=154.
[2026.09.03-20.07.51:738][421]LogMotionWorldNetwork: Display: MotionWorld network action accepted: session=31E1BBC5684B episode=7221 source_observation=155 desired_local_cm_per_sec=(100.000000, 0.000000) unreal_end_to_end_latency_ms=17.196540 current_identity_match=true before_deadline=true.
[2026.09.03-20.07.51:754][422]LogMotionWorldBridge: Display: MotionWorld command echo: revision=162 frame=character_local resolved=true facing_yaw_deg=0.00 finite=true requested_frame=(100.00, 0.00, 0.00) submitted_world=(100.00, 0.00, 0.00) echoed_world=(100.00, 0.00, 0.00) match=true
[2026.09.03-20.07.51:831][426]LogMotionWorldNetwork: Display: MotionWorld network observation sent: session=31E1BBC5684B episode=7221 observation=156 state_sequence=836 simulation_time_s=16.581000 facing_yaw_deg=0.000000 previous_action_present=true previous_action_source=155.
[2026.09.03-20.07.51:848][427]LogMotionWorldNetwork: Display: MotionWorld network action accepted: session=31E1BBC5684B episode=7221 source_observation=156 desired_local_cm_per_sec=(100.000000, 0.000000) unreal_end_to_end_latency_ms=17.965503 current_identity_match=true before_deadline=true.
[2026.09.03-20.07.51:868][428]LogMotionWorldBridge: Display: MotionWorld command echo: revision=163 frame=character_local resolved=true facing_yaw_deg=0.00 finite=true requested_frame=(100.00, 0.00, 0.00) submitted_world=(100.00, 0.00, 0.00) echoed_world=(100.00, 0.00, 0.00) match=true
[2026.09.03-20.07.51:901][430]LogMotionWorldBridge: Display: MotionWorld state sample: protocol=1 sequence=840 valid=true mover_step_frame=841 sim_time_s=16.654000 step_s=0.017000 resim=false mode=Walking position_world_cm=(745.29, 0.00, 88.27) velocity_world_cm_per_sec=(100.00, 0.00, 0.00) velocity_local_planar_cm_per_sec=(100.00, 0.00, 0.00) facing_yaw_deg=0.00 facing_unit_world=(1.000000, 0.000000) angular_velocity_world_deg_per_sec=(0.00, 0.00, 0.00)
[2026.09.03-20.07.51:919][431]LogMotionWorldNetwork: Display: MotionWorld network observation sent: session=31E1BBC5684B episode=7221 observation=157 state_sequence=841 simulation_time_s=16.671000 facing_yaw_deg=0.000000 previous_action_present=true previous_action_source=156.
[2026.09.03-20.07.51:935][432]LogMotionWorldNetwork: Display: MotionWorld network action accepted: session=31E1BBC5684B episode=7221 source_observation=157 desired_local_cm_per_sec=(100.000000, 0.000000) unreal_end_to_end_latency_ms=16.630415 current_identity_match=true before_deadline=true.
[2026.09.03-20.07.51:952][433]LogMotionWorldBridge: Display: MotionWorld command echo: revision=164 frame=character_local resolved=true facing_yaw_deg=0.00 finite=true requested_frame=(100.00, 0.00, 0.00) submitted_world=(100.00, 0.00, 0.00) echoed_world=(100.00, 0.00, 0.00) match=true
[2026.09.03-20.07.52:025][437]LogMotionWorldNetwork: Display: MotionWorld network observation sent: session=31E1BBC5684B episode=7221 observation=158 state_sequence=847 simulation_time_s=16.777000 facing_yaw_deg=0.000000 previous_action_present=true previous_action_source=157.
[2026.09.03-20.07.52:045][438]LogMotionWorldNetwork: Display: MotionWorld network action accepted: session=31E1BBC5684B episode=7221 source_observation=158 desired_local_cm_per_sec=(100.000000, 0.000000) unreal_end_to_end_latency_ms=20.101041 current_identity_match=true before_deadline=true.
[2026.09.03-20.07.52:060][439]LogMotionWorldBridge: Display: MotionWorld command echo: revision=165 frame=character_local resolved=true facing_yaw_deg=0.00 finite=true requested_frame=(100.00, 0.00, 0.00) submitted_world=(100.00, 0.00, 0.00) echoed_world=(100.00, 0.00, 0.00) match=true
[2026.09.03-20.07.52:130][443]LogMotionWorldNetwork: Display: MotionWorld network observation sent: session=31E1BBC5684B episode=7221 observation=159 state_sequence=853 simulation_time_s=16.883000 facing_yaw_deg=0.000000 previous_action_present=true previous_action_source=158.
[2026.09.03-20.07.52:150][444]LogMotionWorldNetwork: Display: MotionWorld network action accepted: session=31E1BBC5684B episode=7221 source_observation=159 desired_local_cm_per_sec=(100.000000, 0.000000) unreal_end_to_end_latency_ms=19.752916 current_identity_match=true before_deadline=true.
[2026.09.03-20.07.52:167][445]LogMotionWorldBridge: Display: MotionWorld command echo: revision=166 frame=character_local resolved=true facing_yaw_deg=0.00 finite=true requested_frame=(100.00, 0.00, 0.00) submitted_world=(100.00, 0.00, 0.00) echoed_world=(100.00, 0.00, 0.00) match=true
[2026.09.03-20.07.52:220][448]LogMotionWorldNetwork: Display: MotionWorld network observation sent: session=31E1BBC5684B episode=7221 observation=160 state_sequence=858 simulation_time_s=16.973000 facing_yaw_deg=0.000000 previous_action_present=true previous_action_source=159.
[2026.09.03-20.07.52:239][449]LogMotionWorldNetwork: Display: MotionWorld network action accepted: session=31E1BBC5684B episode=7221 source_observation=160 desired_local_cm_per_sec=(100.000000, 0.000000) unreal_end_to_end_latency_ms=18.609833 current_identity_match=true before_deadline=true.
[2026.09.03-20.07.52:261][450]LogMotionWorldBridge: Display: MotionWorld command echo: revision=167 frame=character_local resolved=true facing_yaw_deg=0.00 finite=true requested_frame=(100.00, 0.00, 0.00) submitted_world=(100.00, 0.00, 0.00) echoed_world=(100.00, 0.00, 0.00) match=true
[2026.09.03-20.07.52:335][454]LogMotionWorldNetwork: Display: MotionWorld network observation sent: session=31E1BBC5684B episode=7221 observation=161 state_sequence=864 simulation_time_s=17.087000 facing_yaw_deg=0.000000 previous_action_present=true previous_action_source=160.
[2026.09.03-20.07.52:353][455]LogMotionWorldNetwork: Display: MotionWorld network action accepted: session=31E1BBC5684B episode=7221 source_observation=161 desired_local_cm_per_sec=(100.000000, 0.000000) unreal_end_to_end_latency_ms=17.578583 current_identity_match=true before_deadline=true.
[2026.09.03-20.07.52:373][456]LogMotionWorldBridge: Display: MotionWorld command echo: revision=168 frame=character_local resolved=true facing_yaw_deg=0.00 finite=true requested_frame=(100.00, 0.00, 0.00) submitted_world=(100.00, 0.00, 0.00) echoed_world=(100.00, 0.00, 0.00) match=true
[2026.09.03-20.07.52:428][459]LogMotionWorldNetwork: Display: MotionWorld network observation sent: session=31E1BBC5684B episode=7221 observation=162 state_sequence=869 simulation_time_s=17.179000 facing_yaw_deg=0.000000 previous_action_present=true previous_action_source=161.
[2026.09.03-20.07.52:445][460]LogMotionWorldBridge: Display: MotionWorld transition recorded: episode=7221 transition_sequence=839 previous_state_sequence=869 next_state_sequence=870 delta_s=0.019000 action_world_cm_per_sec=(100.00, 0.00, 0.00) action_local_cm_per_sec=(100.00, 0.00, 0.00) automated=true recorded=840 rejected=0.
[2026.09.03-20.07.52:446][460]LogMotionWorldNetwork: Display: MotionWorld network action accepted: session=31E1BBC5684B episode=7221 source_observation=162 desired_local_cm_per_sec=(100.000000, 0.000000) unreal_end_to_end_latency_ms=17.963544 current_identity_match=true before_deadline=true.
[2026.09.03-20.07.52:463][461]LogMotionWorldBridge: Display: MotionWorld command echo: revision=169 frame=character_local resolved=true facing_yaw_deg=0.00 finite=true requested_frame=(100.00, 0.00, 0.00) submitted_world=(100.00, 0.00, 0.00) echoed_world=(100.00, 0.00, 0.00) match=true
[2026.09.03-20.07.52:536][465]LogMotionWorldNetwork: Display: MotionWorld network observation sent: session=31E1BBC5684B episode=7221 observation=163 state_sequence=875 simulation_time_s=17.287000 facing_yaw_deg=0.000000 previous_action_present=true previous_action_source=162.
[2026.09.03-20.07.52:556][466]LogMotionWorldNetwork: Display: MotionWorld network action accepted: session=31E1BBC5684B episode=7221 source_observation=163 desired_local_cm_per_sec=(100.000000, 0.000000) unreal_end_to_end_latency_ms=19.871417 current_identity_match=true before_deadline=true.
[2026.09.03-20.07.52:574][467]LogMotionWorldBridge: Display: MotionWorld command echo: revision=170 frame=character_local resolved=true facing_yaw_deg=0.00 finite=true requested_frame=(100.00, 0.00, 0.00) submitted_world=(100.00, 0.00, 0.00) echoed_world=(100.00, 0.00, 0.00) match=true
[2026.09.03-20.07.52:627][470]LogMotionWorldNetwork: Display: MotionWorld network observation sent: session=31E1BBC5684B episode=7221 observation=164 state_sequence=880 simulation_time_s=17.380000 facing_yaw_deg=0.000000 previous_action_present=true previous_action_source=163.
[2026.09.03-20.07.52:645][471]LogMotionWorldNetwork: Display: MotionWorld network action accepted: session=31E1BBC5684B episode=7221 source_observation=164 desired_local_cm_per_sec=(100.000000, 0.000000) unreal_end_to_end_latency_ms=17.469916 current_identity_match=true before_deadline=true.
[2026.09.03-20.07.52:663][472]LogMotionWorldBridge: Display: MotionWorld command echo: revision=171 frame=character_local resolved=true facing_yaw_deg=0.00 finite=true requested_frame=(100.00, 0.00, 0.00) submitted_world=(100.00, 0.00, 0.00) echoed_world=(100.00, 0.00, 0.00) match=true
[2026.09.03-20.07.52:736][476]LogMotionWorldNetwork: Display: MotionWorld network observation sent: session=31E1BBC5684B episode=7221 observation=165 state_sequence=886 simulation_time_s=17.489000 facing_yaw_deg=0.000000 previous_action_present=true previous_action_source=164.
[2026.09.03-20.07.52:756][477]LogMotionWorldNetwork: Display: MotionWorld network action accepted: session=31E1BBC5684B episode=7221 source_observation=165 desired_local_cm_per_sec=(100.000000, 0.000000) unreal_end_to_end_latency_ms=19.824792 current_identity_match=true before_deadline=true.
[2026.09.03-20.07.52:772][478]LogMotionWorldBridge: Display: MotionWorld command echo: revision=172 frame=character_local resolved=true facing_yaw_deg=0.00 finite=true requested_frame=(100.00, 0.00, 0.00) submitted_world=(100.00, 0.00, 0.00) echoed_world=(100.00, 0.00, 0.00) match=true
[2026.09.03-20.07.52:828][481]LogMotionWorldNetwork: Display: MotionWorld network observation sent: session=31E1BBC5684B episode=7221 observation=166 state_sequence=891 simulation_time_s=17.579000 facing_yaw_deg=0.000000 previous_action_present=true previous_action_source=165.
[2026.09.03-20.07.52:850][482]LogMotionWorldNetwork: Display: MotionWorld network action accepted: session=31E1BBC5684B episode=7221 source_observation=166 desired_local_cm_per_sec=(100.000000, 0.000000) unreal_end_to_end_latency_ms=21.128584 current_identity_match=true before_deadline=true.
[2026.09.03-20.07.52:870][483]LogMotionWorldBridge: Display: MotionWorld command echo: revision=173 frame=character_local resolved=true facing_yaw_deg=0.00 finite=true requested_frame=(100.00, 0.00, 0.00) submitted_world=(100.00, 0.00, 0.00) echoed_world=(100.00, 0.00, 0.00) match=true
[2026.09.03-20.07.52:937][486]LogMotionWorldNetwork: Display: MotionWorld network observation sent: session=31E1BBC5684B episode=7221 observation=167 state_sequence=896 simulation_time_s=17.685000 facing_yaw_deg=0.000000 previous_action_present=true previous_action_source=166.
[2026.09.03-20.07.52:956][487]LogMotionWorldNetwork: Display: MotionWorld network action accepted: session=31E1BBC5684B episode=7221 source_observation=167 desired_local_cm_per_sec=(100.000000, 0.000000) unreal_end_to_end_latency_ms=19.143458 current_identity_match=true before_deadline=true.
[2026.09.03-20.07.52:976][488]LogMotionWorldBridge: Display: MotionWorld command echo: revision=174 frame=character_local resolved=true facing_yaw_deg=0.00 finite=true requested_frame=(100.00, 0.00, 0.00) submitted_world=(100.00, 0.00, 0.00) echoed_world=(100.00, 0.00, 0.00) match=true
[2026.09.03-20.07.53:024][490]LogMotionWorldBridge: Display: MotionWorld state sample: protocol=1 sequence=900 valid=true mover_step_frame=901 sim_time_s=17.775000 step_s=0.023000 resim=false mode=Walking position_world_cm=(857.39, 0.00, 88.27) velocity_world_cm_per_sec=(100.00, 0.00, 0.00) velocity_local_planar_cm_per_sec=(100.00, 0.00, 0.00) facing_yaw_deg=0.00 facing_unit_world=(1.000000, 0.000000) angular_velocity_world_deg_per_sec=(0.00, 0.00, 0.00)
[2026.09.03-20.07.53:024][490]LogMotionWorldNetwork: Display: MotionWorld network observation sent: session=31E1BBC5684B episode=7221 observation=168 state_sequence=900 simulation_time_s=17.775000 facing_yaw_deg=0.000000 previous_action_present=true previous_action_source=167.
[2026.09.03-20.07.53:047][491]LogMotionWorldNetwork: Display: MotionWorld network action accepted: session=31E1BBC5684B episode=7221 source_observation=168 desired_local_cm_per_sec=(100.000000, 0.000000) unreal_end_to_end_latency_ms=22.553168 current_identity_match=true before_deadline=true.
[2026.09.03-20.07.53:066][492]LogMotionWorldBridge: Display: MotionWorld command echo: revision=175 frame=character_local resolved=true facing_yaw_deg=0.00 finite=true requested_frame=(100.00, 0.00, 0.00) submitted_world=(100.00, 0.00, 0.00) echoed_world=(100.00, 0.00, 0.00) match=true
[2026.09.03-20.07.53:120][495]LogMotionWorldNetwork: Display: MotionWorld network observation sent: session=31E1BBC5684B episode=7221 observation=169 state_sequence=905 simulation_time_s=17.872000 facing_yaw_deg=0.000000 previous_action_present=true previous_action_source=168.
[2026.09.03-20.07.53:140][496]LogMotionWorldNetwork: Display: MotionWorld network action accepted: session=31E1BBC5684B episode=7221 source_observation=169 desired_local_cm_per_sec=(100.000000, 0.000000) unreal_end_to_end_latency_ms=20.194292 current_identity_match=true before_deadline=true.
[2026.09.03-20.07.53:158][497]LogMotionWorldBridge: Display: MotionWorld command echo: revision=176 frame=character_local resolved=true facing_yaw_deg=0.00 finite=true requested_frame=(100.00, 0.00, 0.00) submitted_world=(100.00, 0.00, 0.00) echoed_world=(100.00, 0.00, 0.00) match=true
[2026.09.03-20.07.53:233][501]LogMotionWorldNetwork: Display: MotionWorld network observation sent: session=31E1BBC5684B episode=7221 observation=170 state_sequence=911 simulation_time_s=17.985000 facing_yaw_deg=0.000000 previous_action_present=true previous_action_source=169.
[2026.09.03-20.07.53:252][502]LogMotionWorldNetwork: Display: MotionWorld network action accepted: session=31E1BBC5684B episode=7221 source_observation=170 desired_local_cm_per_sec=(100.000000, 0.000000) unreal_end_to_end_latency_ms=19.041460 current_identity_match=true before_deadline=true.
[2026.09.03-20.07.53:278][503]LogMotionWorldBridge: Display: MotionWorld command echo: revision=177 frame=character_local resolved=true facing_yaw_deg=0.00 finite=true requested_frame=(100.00, 0.00, 0.00) submitted_world=(100.00, 0.00, 0.00) echoed_world=(100.00, 0.00, 0.00) match=true
[2026.09.03-20.07.53:336][506]LogMotionWorldNetwork: Display: MotionWorld network observation sent: session=31E1BBC5684B episode=7221 observation=171 state_sequence=916 simulation_time_s=18.087000 facing_yaw_deg=0.000000 previous_action_present=true previous_action_source=170.
[2026.09.03-20.07.53:356][507]LogMotionWorldNetwork: Display: MotionWorld network action accepted: session=31E1BBC5684B episode=7221 source_observation=171 desired_local_cm_per_sec=(100.000000, 0.000000) unreal_end_to_end_latency_ms=19.966375 current_identity_match=true before_deadline=true.
[2026.09.03-20.07.53:376][508]LogMotionWorldBridge: Display: MotionWorld command echo: revision=178 frame=character_local resolved=true facing_yaw_deg=0.00 finite=true requested_frame=(100.00, 0.00, 0.00) submitted_world=(100.00, 0.00, 0.00) echoed_world=(100.00, 0.00, 0.00) match=true
[2026.09.03-20.07.53:433][511]LogMotionWorldNetwork: Display: MotionWorld network observation sent: session=31E1BBC5684B episode=7221 observation=172 state_sequence=921 simulation_time_s=18.185000 facing_yaw_deg=0.000000 previous_action_present=true previous_action_source=171.
[2026.09.03-20.07.53:454][512]LogMotionWorldNetwork: Display: MotionWorld network action accepted: session=31E1BBC5684B episode=7221 source_observation=172 desired_local_cm_per_sec=(100.000000, 0.000000) unreal_end_to_end_latency_ms=20.876750 current_identity_match=true before_deadline=true.
[2026.09.03-20.07.53:474][513]LogMotionWorldBridge: Display: MotionWorld command echo: revision=179 frame=character_local resolved=true facing_yaw_deg=0.00 finite=true requested_frame=(100.00, 0.00, 0.00) submitted_world=(100.00, 0.00, 0.00) echoed_world=(100.00, 0.00, 0.00) match=true
[2026.09.03-20.07.53:531][516]LogMotionWorldNetwork: Display: MotionWorld network observation sent: session=31E1BBC5684B episode=7221 observation=173 state_sequence=926 simulation_time_s=18.283000 facing_yaw_deg=0.000000 previous_action_present=true previous_action_source=172.
[2026.09.03-20.07.53:551][517]LogMotionWorldNetwork: Display: MotionWorld network action accepted: session=31E1BBC5684B episode=7221 source_observation=173 desired_local_cm_per_sec=(100.000000, 0.000000) unreal_end_to_end_latency_ms=20.543877 current_identity_match=true before_deadline=true.
[2026.09.03-20.07.53:568][518]LogMotionWorldBridge: Display: MotionWorld command echo: revision=180 frame=character_local resolved=true facing_yaw_deg=0.00 finite=true requested_frame=(100.00, 0.00, 0.00) submitted_world=(100.00, 0.00, 0.00) echoed_world=(100.00, 0.00, 0.00) match=true
[2026.09.03-20.07.53:605][520]LogMotionWorldBridge: Display: MotionWorld transition recorded: episode=7221 transition_sequence=899 previous_state_sequence=929 next_state_sequence=930 delta_s=0.018000 action_world_cm_per_sec=(100.00, 0.00, 0.00) action_local_cm_per_sec=(100.00, 0.00, 0.00) automated=true recorded=900 rejected=0.
[2026.09.03-20.07.53:623][521]LogMotionWorldNetwork: Display: MotionWorld network observation sent: session=31E1BBC5684B episode=7221 observation=174 state_sequence=931 simulation_time_s=18.375000 facing_yaw_deg=0.000000 previous_action_present=true previous_action_source=173.
[2026.09.03-20.07.53:643][522]LogMotionWorldNetwork: Display: MotionWorld network action accepted: session=31E1BBC5684B episode=7221 source_observation=174 desired_local_cm_per_sec=(100.000000, 0.000000) unreal_end_to_end_latency_ms=20.313542 current_identity_match=true before_deadline=true.
[2026.09.03-20.07.53:660][523]LogMotionWorldBridge: Display: MotionWorld command echo: revision=181 frame=character_local resolved=true facing_yaw_deg=0.00 finite=true requested_frame=(100.00, 0.00, 0.00) submitted_world=(100.00, 0.00, 0.00) echoed_world=(100.00, 0.00, 0.00) match=true
[2026.09.03-20.07.53:731][527]LogMotionWorldNetwork: Display: MotionWorld network observation sent: session=31E1BBC5684B episode=7221 observation=175 state_sequence=937 simulation_time_s=18.483000 facing_yaw_deg=0.000000 previous_action_present=true previous_action_source=174.
[2026.09.03-20.07.53:749][528]LogMotionWorldNetwork: Display: MotionWorld network action accepted: session=31E1BBC5684B episode=7221 source_observation=175 desired_local_cm_per_sec=(100.000000, 0.000000) unreal_end_to_end_latency_ms=17.975707 current_identity_match=true before_deadline=true.
[2026.09.03-20.07.53:766][529]LogMotionWorldBridge: Display: MotionWorld command echo: revision=182 frame=character_local resolved=true facing_yaw_deg=0.00 finite=true requested_frame=(100.00, 0.00, 0.00) submitted_world=(100.00, 0.00, 0.00) echoed_world=(100.00, 0.00, 0.00) match=true
[2026.09.03-20.07.53:818][532]LogMotionWorldNetwork: Display: MotionWorld network observation sent: session=31E1BBC5684B episode=7221 observation=176 state_sequence=942 simulation_time_s=18.570000 facing_yaw_deg=0.000000 previous_action_present=true previous_action_source=175.
[2026.09.03-20.07.53:834][533]LogMotionWorldNetwork: Display: MotionWorld network action accepted: session=31E1BBC5684B episode=7221 source_observation=176 desired_local_cm_per_sec=(100.000000, 0.000000) unreal_end_to_end_latency_ms=16.073458 current_identity_match=true before_deadline=true.
[2026.09.03-20.07.53:851][534]LogMotionWorldBridge: Display: MotionWorld command echo: revision=183 frame=character_local resolved=true facing_yaw_deg=0.00 finite=true requested_frame=(100.00, 0.00, 0.00) submitted_world=(100.00, 0.00, 0.00) echoed_world=(100.00, 0.00, 0.00) match=true
[2026.09.03-20.07.53:924][538]LogMotionWorldNetwork: Display: MotionWorld network observation sent: session=31E1BBC5684B episode=7221 observation=177 state_sequence=948 simulation_time_s=18.674000 facing_yaw_deg=0.000000 previous_action_present=true previous_action_source=176.
[2026.09.03-20.07.53:941][539]LogMotionWorldNetwork: Display: MotionWorld network action accepted: session=31E1BBC5684B episode=7221 source_observation=177 desired_local_cm_per_sec=(100.000000, 0.000000) unreal_end_to_end_latency_ms=17.534498 current_identity_match=true before_deadline=true.
[2026.09.03-20.07.53:958][540]LogMotionWorldBridge: Display: MotionWorld command echo: revision=184 frame=character_local resolved=true facing_yaw_deg=0.00 finite=true requested_frame=(100.00, 0.00, 0.00) submitted_world=(100.00, 0.00, 0.00) echoed_world=(100.00, 0.00, 0.00) match=true
[2026.09.03-20.07.54:029][544]LogMotionWorldNetwork: Display: MotionWorld network observation sent: session=31E1BBC5684B episode=7221 observation=178 state_sequence=954 simulation_time_s=18.779000 facing_yaw_deg=0.000000 previous_action_present=true previous_action_source=177.
[2026.09.03-20.07.54:046][545]LogMotionWorldNetwork: Display: MotionWorld network action accepted: session=31E1BBC5684B episode=7221 source_observation=178 desired_local_cm_per_sec=(100.000000, 0.000000) unreal_end_to_end_latency_ms=17.836250 current_identity_match=true before_deadline=true.
[2026.09.03-20.07.54:062][546]LogMotionWorldBridge: Display: MotionWorld command echo: revision=185 frame=character_local resolved=true facing_yaw_deg=0.00 finite=true requested_frame=(100.00, 0.00, 0.00) submitted_world=(100.00, 0.00, 0.00) echoed_world=(100.00, 0.00, 0.00) match=true
[2026.09.03-20.07.54:135][550]LogMotionWorldBridge: Display: MotionWorld state sample: protocol=1 sequence=960 valid=true mover_step_frame=961 sim_time_s=18.887000 step_s=0.019000 resim=false mode=Walking position_world_cm=(968.59, 0.00, 88.27) velocity_world_cm_per_sec=(100.00, 0.00, 0.00) velocity_local_planar_cm_per_sec=(100.00, 0.00, 0.00) facing_yaw_deg=0.00 facing_unit_world=(1.000000, 0.000000) angular_velocity_world_deg_per_sec=(0.00, 0.00, 0.00)
[2026.09.03-20.07.54:135][550]LogMotionWorldNetwork: Display: MotionWorld network observation sent: session=31E1BBC5684B episode=7221 observation=179 state_sequence=960 simulation_time_s=18.887000 facing_yaw_deg=0.000000 previous_action_present=true previous_action_source=178.
[2026.09.03-20.07.54:152][551]LogMotionWorldNetwork: Display: MotionWorld network action accepted: session=31E1BBC5684B episode=7221 source_observation=179 desired_local_cm_per_sec=(100.000000, 0.000000) unreal_end_to_end_latency_ms=17.168626 current_identity_match=true before_deadline=true.
[2026.09.03-20.07.54:169][552]LogMotionWorldBridge: Display: MotionWorld command echo: revision=186 frame=character_local resolved=true facing_yaw_deg=0.00 finite=true requested_frame=(100.00, 0.00, 0.00) submitted_world=(100.00, 0.00, 0.00) echoed_world=(100.00, 0.00, 0.00) match=true
[2026.09.03-20.07.54:221][555]LogMotionWorldNetwork: Display: MotionWorld network observation sent: session=31E1BBC5684B episode=7221 observation=180 state_sequence=965 simulation_time_s=18.973000 facing_yaw_deg=0.000000 previous_action_present=true previous_action_source=179.
[2026.09.03-20.07.54:240][556]LogMotionWorldNetwork: Display: MotionWorld network action accepted: session=31E1BBC5684B episode=7221 source_observation=180 desired_local_cm_per_sec=(100.000000, 0.000000) unreal_end_to_end_latency_ms=19.618623 current_identity_match=true before_deadline=true.
[2026.09.03-20.07.54:255][557]LogMotionWorldBridge: Display: MotionWorld command echo: revision=187 frame=character_local resolved=true facing_yaw_deg=0.00 finite=true requested_frame=(100.00, 0.00, 0.00) submitted_world=(100.00, 0.00, 0.00) echoed_world=(100.00, 0.00, 0.00) match=true
[2026.09.03-20.07.54:324][561]LogMotionWorldNetwork: Display: MotionWorld network observation sent: session=31E1BBC5684B episode=7221 observation=181 state_sequence=971 simulation_time_s=19.076000 facing_yaw_deg=0.000000 previous_action_present=true previous_action_source=180.
[2026.09.03-20.07.54:343][562]LogMotionWorldNetwork: Display: MotionWorld network action accepted: session=31E1BBC5684B episode=7221 source_observation=181 desired_local_cm_per_sec=(100.000000, 0.000000) unreal_end_to_end_latency_ms=18.600374 current_identity_match=true before_deadline=true.
[2026.09.03-20.07.54:359][563]LogMotionWorldBridge: Display: MotionWorld command echo: revision=188 frame=character_local resolved=true facing_yaw_deg=0.00 finite=true requested_frame=(100.00, 0.00, 0.00) submitted_world=(100.00, 0.00, 0.00) echoed_world=(100.00, 0.00, 0.00) match=true
[2026.09.03-20.07.54:431][567]LogMotionWorldNetwork: Display: MotionWorld network observation sent: session=31E1BBC5684B episode=7221 observation=182 state_sequence=977 simulation_time_s=19.183000 facing_yaw_deg=0.000000 previous_action_present=true previous_action_source=181.
[2026.09.03-20.07.54:449][568]LogMotionWorldNetwork: Display: MotionWorld network action accepted: session=31E1BBC5684B episode=7221 source_observation=182 desired_local_cm_per_sec=(100.000000, 0.000000) unreal_end_to_end_latency_ms=18.163290 current_identity_match=true before_deadline=true.
[2026.09.03-20.07.54:469][569]LogMotionWorldBridge: Display: MotionWorld command echo: revision=189 frame=character_local resolved=true facing_yaw_deg=0.00 finite=true requested_frame=(100.00, 0.00, 0.00) submitted_world=(100.00, 0.00, 0.00) echoed_world=(100.00, 0.00, 0.00) match=true
[2026.09.03-20.07.54:527][572]LogMotionWorldNetwork: Display: MotionWorld network observation sent: session=31E1BBC5684B episode=7221 observation=183 state_sequence=982 simulation_time_s=19.279000 facing_yaw_deg=0.000000 previous_action_present=true previous_action_source=182.
[2026.09.03-20.07.54:544][573]LogMotionWorldNetwork: Display: MotionWorld network action accepted: session=31E1BBC5684B episode=7221 source_observation=183 desired_local_cm_per_sec=(100.000000, 0.000000) unreal_end_to_end_latency_ms=16.855706 current_identity_match=true before_deadline=true.
[2026.09.03-20.07.54:562][574]LogMotionWorldBridge: Display: MotionWorld command echo: revision=190 frame=character_local resolved=true facing_yaw_deg=0.00 finite=true requested_frame=(100.00, 0.00, 0.00) submitted_world=(100.00, 0.00, 0.00) echoed_world=(100.00, 0.00, 0.00) match=true
[2026.09.03-20.07.54:640][578]LogMotionWorldNetwork: Display: MotionWorld network observation sent: session=31E1BBC5684B episode=7221 observation=184 state_sequence=988 simulation_time_s=19.392000 facing_yaw_deg=0.000000 previous_action_present=true previous_action_source=183.
[2026.09.03-20.07.54:663][579]LogMotionWorldNetwork: Display: MotionWorld network action accepted: session=31E1BBC5684B episode=7221 source_observation=184 desired_local_cm_per_sec=(100.000000, 0.000000) unreal_end_to_end_latency_ms=22.909664 current_identity_match=true before_deadline=true.
[2026.09.03-20.07.54:683][580]LogMotionWorldBridge: Display: MotionWorld transition recorded: episode=7221 transition_sequence=959 previous_state_sequence=989 next_state_sequence=990 delta_s=0.019000 action_world_cm_per_sec=(100.00, 0.00, 0.00) action_local_cm_per_sec=(100.00, 0.00, 0.00) automated=true recorded=960 rejected=0.
[2026.09.03-20.07.54:683][580]LogMotionWorldBridge: Display: MotionWorld command echo: revision=191 frame=character_local resolved=true facing_yaw_deg=0.00 finite=true requested_frame=(100.00, 0.00, 0.00) submitted_world=(100.00, 0.00, 0.00) echoed_world=(100.00, 0.00, 0.00) match=true
[2026.09.03-20.07.54:727][582]LogMotionWorldNetwork: Display: MotionWorld network observation sent: session=31E1BBC5684B episode=7221 observation=185 state_sequence=992 simulation_time_s=19.477000 facing_yaw_deg=0.000000 previous_action_present=true previous_action_source=184.
[2026.09.03-20.07.54:749][583]LogMotionWorldNetwork: Display: MotionWorld network action accepted: session=31E1BBC5684B episode=7221 source_observation=185 desired_local_cm_per_sec=(100.000000, 0.000000) unreal_end_to_end_latency_ms=21.642085 current_identity_match=true before_deadline=true.
[2026.09.03-20.07.54:767][584]LogMotionWorldBridge: Display: MotionWorld command echo: revision=192 frame=character_local resolved=true facing_yaw_deg=0.00 finite=true requested_frame=(100.00, 0.00, 0.00) submitted_world=(100.00, 0.00, 0.00) echoed_world=(100.00, 0.00, 0.00) match=true
[2026.09.03-20.07.54:823][587]LogMotionWorldNetwork: Display: MotionWorld network observation sent: session=31E1BBC5684B episode=7221 observation=186 state_sequence=997 simulation_time_s=19.576000 facing_yaw_deg=0.000000 previous_action_present=true previous_action_source=185.
[2026.09.03-20.07.54:842][588]LogMotionWorldNetwork: Display: MotionWorld network action accepted: session=31E1BBC5684B episode=7221 source_observation=186 desired_local_cm_per_sec=(100.000000, 0.000000) unreal_end_to_end_latency_ms=18.626414 current_identity_match=true before_deadline=true.
[2026.09.03-20.07.54:859][589]LogMotionWorldBridge: Display: MotionWorld command echo: revision=193 frame=character_local resolved=true facing_yaw_deg=0.00 finite=true requested_frame=(100.00, 0.00, 0.00) submitted_world=(100.00, 0.00, 0.00) echoed_world=(100.00, 0.00, 0.00) match=true
[2026.09.03-20.07.54:928][593]LogMotionWorldNetwork: Display: MotionWorld network observation sent: session=31E1BBC5684B episode=7221 observation=187 state_sequence=1003 simulation_time_s=19.681000 facing_yaw_deg=0.000000 previous_action_present=true previous_action_source=186.
[2026.09.03-20.07.54:947][594]LogMotionWorldNetwork: Display: MotionWorld network action accepted: session=31E1BBC5684B episode=7221 source_observation=187 desired_local_cm_per_sec=(100.000000, 0.000000) unreal_end_to_end_latency_ms=18.428292 current_identity_match=true before_deadline=true.
[2026.09.03-20.07.54:965][595]LogMotionWorldBridge: Display: MotionWorld command echo: revision=194 frame=character_local resolved=true facing_yaw_deg=0.00 finite=true requested_frame=(100.00, 0.00, 0.00) submitted_world=(100.00, 0.00, 0.00) echoed_world=(100.00, 0.00, 0.00) match=true
[2026.09.03-20.07.55:022][598]LogMotionWorldNetwork: Display: MotionWorld network observation sent: session=31E1BBC5684B episode=7221 observation=188 state_sequence=1008 simulation_time_s=19.774000 facing_yaw_deg=0.000000 previous_action_present=true previous_action_source=187.
[2026.09.03-20.07.55:040][599]LogMotionWorldNetwork: Display: MotionWorld network action accepted: session=31E1BBC5684B episode=7221 source_observation=188 desired_local_cm_per_sec=(100.000000, 0.000000) unreal_end_to_end_latency_ms=18.034335 current_identity_match=true before_deadline=true.
[2026.09.03-20.07.55:058][600]LogMotionWorldBridge: Display: MotionWorld command echo: revision=195 frame=character_local resolved=true facing_yaw_deg=0.00 finite=true requested_frame=(100.00, 0.00, 0.00) submitted_world=(100.00, 0.00, 0.00) echoed_world=(100.00, 0.00, 0.00) match=true
[2026.09.03-20.07.55:126][604]LogMotionWorldNetwork: Display: MotionWorld network observation sent: session=31E1BBC5684B episode=7221 observation=189 state_sequence=1014 simulation_time_s=19.878000 facing_yaw_deg=0.000000 previous_action_present=true previous_action_source=188.
[2026.09.03-20.07.55:142][605]LogMotionWorldNetwork: Display: MotionWorld network action accepted: session=31E1BBC5684B episode=7221 source_observation=189 desired_local_cm_per_sec=(100.000000, 0.000000) unreal_end_to_end_latency_ms=16.027957 current_identity_match=true before_deadline=true.
[2026.09.03-20.07.55:159][606]LogMotionWorldBridge: Display: MotionWorld command echo: revision=196 frame=character_local resolved=true facing_yaw_deg=0.00 finite=true requested_frame=(100.00, 0.00, 0.00) submitted_world=(100.00, 0.00, 0.00) echoed_world=(100.00, 0.00, 0.00) match=true
[2026.09.03-20.07.55:232][610]LogMotionWorldBridge: Display: MotionWorld state sample: protocol=1 sequence=1020 valid=true mover_step_frame=1021 sim_time_s=19.984000 step_s=0.016000 resim=false mode=Walking position_world_cm=(1078.29, 0.00, 88.27) velocity_world_cm_per_sec=(100.00, 0.00, 0.00) velocity_local_planar_cm_per_sec=(100.00, 0.00, 0.00) facing_yaw_deg=0.00 facing_unit_world=(1.000000, 0.000000) angular_velocity_world_deg_per_sec=(0.00, 0.00, 0.00)
[2026.09.03-20.07.55:232][610]LogMotionWorldNetwork: Display: MotionWorld network observation sent: session=31E1BBC5684B episode=7221 observation=190 state_sequence=1020 simulation_time_s=19.984000 facing_yaw_deg=0.000000 previous_action_present=true previous_action_source=189.
[2026.09.03-20.07.55:250][611]LogMotionWorldNetwork: Display: MotionWorld network action accepted: session=31E1BBC5684B episode=7221 source_observation=190 desired_local_cm_per_sec=(100.000000, 0.000000) unreal_end_to_end_latency_ms=17.920498 current_identity_match=true before_deadline=true.
[2026.09.03-20.07.55:266][612]LogMotionWorldBridge: Display: MotionWorld command echo: revision=197 frame=character_local resolved=true facing_yaw_deg=0.00 finite=true requested_frame=(100.00, 0.00, 0.00) submitted_world=(100.00, 0.00, 0.00) echoed_world=(100.00, 0.00, 0.00) match=true
[2026.09.03-20.07.55:324][615]LogMotionWorldNetwork: Display: MotionWorld network observation sent: session=31E1BBC5684B episode=7221 observation=191 state_sequence=1025 simulation_time_s=20.076000 facing_yaw_deg=0.000000 previous_action_present=true previous_action_source=190.
[2026.09.03-20.07.55:353][616]LogMotionWorldNetwork: Display: MotionWorld network action accepted: session=31E1BBC5684B episode=7221 source_observation=191 desired_local_cm_per_sec=(100.000000, 0.000000) unreal_end_to_end_latency_ms=28.945878 current_identity_match=true before_deadline=true.
[2026.09.03-20.07.55:381][617]LogMotionWorldBridge: Display: MotionWorld command echo: revision=198 frame=character_local resolved=true facing_yaw_deg=0.00 finite=true requested_frame=(100.00, 0.00, 0.00) submitted_world=(100.00, 0.00, 0.00) echoed_world=(100.00, 0.00, 0.00) match=true
[2026.09.03-20.07.55:426][619]LogMotionWorldNetwork: Display: MotionWorld network observation sent: session=31E1BBC5684B episode=7221 observation=192 state_sequence=1029 simulation_time_s=20.177000 facing_yaw_deg=0.000000 previous_action_present=true previous_action_source=191.
[2026.09.03-20.07.55:452][620]LogMotionWorldNetwork: Display: MotionWorld network action accepted: session=31E1BBC5684B episode=7221 source_observation=192 desired_local_cm_per_sec=(100.000000, 0.000000) unreal_end_to_end_latency_ms=26.002042 current_identity_match=true before_deadline=true.
[2026.09.03-20.07.55:472][621]LogMotionWorldBridge: Display: MotionWorld command echo: revision=199 frame=character_local resolved=true facing_yaw_deg=0.00 finite=true requested_frame=(100.00, 0.00, 0.00) submitted_world=(100.00, 0.00, 0.00) echoed_world=(100.00, 0.00, 0.00) match=true
[2026.09.03-20.07.55:544][624]LogMotionWorldNetwork: Display: MotionWorld network observation sent: session=31E1BBC5684B episode=7221 observation=193 state_sequence=1034 simulation_time_s=20.291000 facing_yaw_deg=0.000000 previous_action_present=true previous_action_source=192.
[2026.09.03-20.07.55:565][625]LogMotionWorldNetwork: Display: MotionWorld network action accepted: session=31E1BBC5684B episode=7221 source_observation=193 desired_local_cm_per_sec=(100.000000, 0.000000) unreal_end_to_end_latency_ms=21.283917 current_identity_match=true before_deadline=true.
[2026.09.03-20.07.55:585][626]LogMotionWorldBridge: Display: MotionWorld command echo: revision=200 frame=character_local resolved=true facing_yaw_deg=0.00 finite=true requested_frame=(100.00, 0.00, 0.00) submitted_world=(100.00, 0.00, 0.00) echoed_world=(100.00, 0.00, 0.00) match=true
[2026.09.03-20.07.55:632][628]LogMotionWorldNetwork: Display: MotionWorld network observation sent: session=31E1BBC5684B episode=7221 observation=194 state_sequence=1038 simulation_time_s=20.383000 facing_yaw_deg=0.000000 previous_action_present=true previous_action_source=193.
[2026.09.03-20.07.55:659][629]LogMotionWorldNetwork: Display: MotionWorld network action accepted: session=31E1BBC5684B episode=7221 source_observation=194 desired_local_cm_per_sec=(100.000000, 0.000000) unreal_end_to_end_latency_ms=26.856624 current_identity_match=true before_deadline=true.
[2026.09.03-20.07.55:683][630]LogMotionWorldBridge: Display: MotionWorld command echo: revision=201 frame=character_local resolved=true facing_yaw_deg=0.00 finite=true requested_frame=(100.00, 0.00, 0.00) submitted_world=(100.00, 0.00, 0.00) echoed_world=(100.00, 0.00, 0.00) match=true
[2026.09.03-20.07.55:722][632]LogMotionWorldNetwork: Display: MotionWorld network observation sent: session=31E1BBC5684B episode=7221 observation=195 state_sequence=1042 simulation_time_s=20.472000 facing_yaw_deg=0.000000 previous_action_present=true previous_action_source=194.
[2026.09.03-20.07.55:745][633]LogMotionWorldNetwork: Display: MotionWorld network action accepted: session=31E1BBC5684B episode=7221 source_observation=195 desired_local_cm_per_sec=(100.000000, 0.000000) unreal_end_to_end_latency_ms=23.559459 current_identity_match=true before_deadline=true.
[2026.09.03-20.07.55:767][634]LogMotionWorldBridge: Display: MotionWorld command echo: revision=202 frame=character_local resolved=true facing_yaw_deg=0.00 finite=true requested_frame=(100.00, 0.00, 0.00) submitted_world=(100.00, 0.00, 0.00) echoed_world=(100.00, 0.00, 0.00) match=true
[2026.09.03-20.07.55:822][637]LogMotionWorldNetwork: Display: MotionWorld network observation sent: session=31E1BBC5684B episode=7221 observation=196 state_sequence=1047 simulation_time_s=20.575000 facing_yaw_deg=0.000000 previous_action_present=true previous_action_source=195.
[2026.09.03-20.07.55:846][638]LogMotionWorldNetwork: Display: MotionWorld network action accepted: session=31E1BBC5684B episode=7221 source_observation=196 desired_local_cm_per_sec=(100.000000, 0.000000) unreal_end_to_end_latency_ms=23.633126 current_identity_match=true before_deadline=true.
[2026.09.03-20.07.55:864][639]LogMotionWorldBridge: Display: MotionWorld command echo: revision=203 frame=character_local resolved=true facing_yaw_deg=0.00 finite=true requested_frame=(100.00, 0.00, 0.00) submitted_world=(100.00, 0.00, 0.00) echoed_world=(100.00, 0.00, 0.00) match=true
[2026.09.03-20.07.55:883][640]LogMotionWorldBridge: Display: MotionWorld transition recorded: episode=7221 transition_sequence=1019 previous_state_sequence=1049 next_state_sequence=1050 delta_s=0.018000 action_world_cm_per_sec=(100.00, 0.00, 0.00) action_local_cm_per_sec=(100.00, 0.00, 0.00) automated=true recorded=1020 rejected=0.
[2026.09.03-20.07.55:923][642]LogMotionWorldNetwork: Display: MotionWorld network observation sent: session=31E1BBC5684B episode=7221 observation=197 state_sequence=1052 simulation_time_s=20.674000 facing_yaw_deg=0.000000 previous_action_present=true previous_action_source=196.
[2026.09.03-20.07.55:943][643]LogMotionWorldNetwork: Display: MotionWorld network action accepted: session=31E1BBC5684B episode=7221 source_observation=197 desired_local_cm_per_sec=(100.000000, 0.000000) unreal_end_to_end_latency_ms=20.601042 current_identity_match=true before_deadline=true.
[2026.09.03-20.07.55:964][644]LogMotionWorldBridge: Display: MotionWorld command echo: revision=204 frame=character_local resolved=true facing_yaw_deg=0.00 finite=true requested_frame=(100.00, 0.00, 0.00) submitted_world=(100.00, 0.00, 0.00) echoed_world=(100.00, 0.00, 0.00) match=true
[2026.09.03-20.07.56:020][647]LogMotionWorldNetwork: Display: MotionWorld network observation sent: session=31E1BBC5684B episode=7221 observation=198 state_sequence=1057 simulation_time_s=20.773000 facing_yaw_deg=0.000000 previous_action_present=true previous_action_source=197.
[2026.09.03-20.07.56:039][648]LogMotionWorldNetwork: Display: MotionWorld network action accepted: session=31E1BBC5684B episode=7221 source_observation=198 desired_local_cm_per_sec=(100.000000, 0.000000) unreal_end_to_end_latency_ms=18.834498 current_identity_match=true before_deadline=true.
[2026.09.03-20.07.56:061][649]LogMotionWorldBridge: Display: MotionWorld command echo: revision=205 frame=character_local resolved=true facing_yaw_deg=0.00 finite=true requested_frame=(100.00, 0.00, 0.00) submitted_world=(100.00, 0.00, 0.00) echoed_world=(100.00, 0.00, 0.00) match=true
[2026.09.03-20.07.56:132][652]LogMotionWorldNetwork: Display: MotionWorld network observation sent: session=31E1BBC5684B episode=7221 observation=199 state_sequence=1062 simulation_time_s=20.881000 facing_yaw_deg=0.000000 previous_action_present=true previous_action_source=198.
[2026.09.03-20.07.56:160][653]LogMotionWorldNetwork: Display: MotionWorld network action accepted: session=31E1BBC5684B episode=7221 source_observation=199 desired_local_cm_per_sec=(100.000000, 0.000000) unreal_end_to_end_latency_ms=27.872961 current_identity_match=true before_deadline=true.
[2026.09.03-20.07.56:181][654]LogMotionWorldBridge: Display: MotionWorld command echo: revision=206 frame=character_local resolved=true facing_yaw_deg=0.00 finite=true requested_frame=(100.00, 0.00, 0.00) submitted_world=(100.00, 0.00, 0.00) echoed_world=(100.00, 0.00, 0.00) match=true
[2026.09.03-20.07.56:232][656]LogMotionWorldNetwork: Display: MotionWorld network observation sent: session=31E1BBC5684B episode=7221 observation=200 state_sequence=1066 simulation_time_s=20.981000 facing_yaw_deg=0.000000 previous_action_present=true previous_action_source=199.
[2026.09.03-20.07.56:255][657]LogMotionWorldNetwork: Display: MotionWorld network action accepted: session=31E1BBC5684B episode=7221 source_observation=200 desired_local_cm_per_sec=(100.000000, 0.000000) unreal_end_to_end_latency_ms=23.261666 current_identity_match=true before_deadline=true.
[2026.09.03-20.07.56:276][658]LogMotionWorldBridge: Display: MotionWorld command echo: revision=207 frame=character_local resolved=true facing_yaw_deg=0.00 finite=true requested_frame=(100.00, 0.00, 0.00) submitted_world=(100.00, 0.00, 0.00) echoed_world=(100.00, 0.00, 0.00) match=true
[2026.09.03-20.07.56:320][660]LogMotionWorldNetwork: Display: MotionWorld network observation sent: session=31E1BBC5684B episode=7221 observation=201 state_sequence=1070 simulation_time_s=21.071000 facing_yaw_deg=0.000000 previous_action_present=true previous_action_source=200.
[2026.09.03-20.07.56:344][661]LogMotionWorldNetwork: Display: MotionWorld network action accepted: session=31E1BBC5684B episode=7221 source_observation=201 desired_local_cm_per_sec=(100.000000, 0.000000) unreal_end_to_end_latency_ms=23.606043 current_identity_match=true before_deadline=true.
[2026.09.03-20.07.56:379][662]LogMotionWorldBridge: Display: MotionWorld command echo: revision=208 frame=character_local resolved=true facing_yaw_deg=0.00 finite=true requested_frame=(100.00, 0.00, 0.00) submitted_world=(100.00, 0.00, 0.00) echoed_world=(100.00, 0.00, 0.00) match=true
[2026.09.03-20.07.56:425][664]LogMotionWorldNetwork: Display: MotionWorld network observation sent: session=31E1BBC5684B episode=7221 observation=202 state_sequence=1074 simulation_time_s=21.176000 facing_yaw_deg=0.000000 previous_action_present=true previous_action_source=201.
[2026.09.03-20.07.56:448][665]LogMotionWorldNetwork: Display: MotionWorld network action accepted: session=31E1BBC5684B episode=7221 source_observation=202 desired_local_cm_per_sec=(100.000000, 0.000000) unreal_end_to_end_latency_ms=22.845291 current_identity_match=true before_deadline=true.
[2026.09.03-20.07.56:468][666]LogMotionWorldBridge: Display: MotionWorld command echo: revision=209 frame=character_local resolved=true facing_yaw_deg=0.00 finite=true requested_frame=(100.00, 0.00, 0.00) submitted_world=(100.00, 0.00, 0.00) echoed_world=(100.00, 0.00, 0.00) match=true
[2026.09.03-20.07.56:548][669]LogMotionWorldNetwork: Display: MotionWorld network observation sent: session=31E1BBC5684B episode=7221 observation=203 state_sequence=1079 simulation_time_s=21.288000 facing_yaw_deg=0.000000 previous_action_present=true previous_action_source=202.
[2026.09.03-20.07.56:570][670]LogMotionWorldBridge: Display: MotionWorld state sample: protocol=1 sequence=1080 valid=true mover_step_frame=1081 sim_time_s=21.322000 step_s=0.034000 resim=false mode=Walking position_world_cm=(1212.09, 0.00, 88.27) velocity_world_cm_per_sec=(100.00, 0.00, 0.00) velocity_local_planar_cm_per_sec=(100.00, 0.00, 0.00) facing_yaw_deg=0.00 facing_unit_world=(1.000000, 0.000000) angular_velocity_world_deg_per_sec=(0.00, 0.00, 0.00)
[2026.09.03-20.07.56:571][670]LogMotionWorldNetwork: Display: MotionWorld network action accepted: session=31E1BBC5684B episode=7221 source_observation=203 desired_local_cm_per_sec=(100.000000, 0.000000) unreal_end_to_end_latency_ms=22.225250 current_identity_match=true before_deadline=true.
[2026.09.03-20.07.56:600][671]LogMotionWorldBridge: Display: MotionWorld command echo: revision=210 frame=character_local resolved=true facing_yaw_deg=0.00 finite=true requested_frame=(100.00, 0.00, 0.00) submitted_world=(100.00, 0.00, 0.00) echoed_world=(100.00, 0.00, 0.00) match=true
[2026.09.03-20.07.56:620][672]LogMotionWorldNetwork: Display: MotionWorld network observation sent: session=31E1BBC5684B episode=7221 observation=204 state_sequence=1082 simulation_time_s=21.371000 facing_yaw_deg=0.000000 previous_action_present=true previous_action_source=203.
[2026.09.03-20.07.56:645][673]LogMotionWorldNetwork: Display: MotionWorld network action accepted: session=31E1BBC5684B episode=7221 source_observation=204 desired_local_cm_per_sec=(100.000000, 0.000000) unreal_end_to_end_latency_ms=25.276456 current_identity_match=true before_deadline=true.
[2026.09.03-20.07.56:667][674]LogMotionWorldBridge: Display: MotionWorld command echo: revision=211 frame=character_local resolved=true facing_yaw_deg=0.00 finite=true requested_frame=(100.00, 0.00, 0.00) submitted_world=(100.00, 0.00, 0.00) echoed_world=(100.00, 0.00, 0.00) match=true
[2026.09.03-20.07.56:740][677]LogMotionWorldNetwork: Display: MotionWorld network observation sent: session=31E1BBC5684B episode=7221 observation=205 state_sequence=1087 simulation_time_s=21.490000 facing_yaw_deg=0.000000 previous_action_present=true previous_action_source=204.
[2026.09.03-20.07.56:770][678]LogMotionWorldNetwork: Display: MotionWorld network action accepted: session=31E1BBC5684B episode=7221 source_observation=205 desired_local_cm_per_sec=(100.000000, 0.000000) unreal_end_to_end_latency_ms=31.297207 current_identity_match=true before_deadline=true.
[2026.09.03-20.07.56:800][679]LogMotionWorldBridge: Display: MotionWorld command echo: revision=212 frame=character_local resolved=true facing_yaw_deg=0.00 finite=true requested_frame=(100.00, 0.00, 0.00) submitted_world=(100.00, 0.00, 0.00) echoed_world=(100.00, 0.00, 0.00) match=true
[2026.09.03-20.07.56:829][680]LogMotionWorldNetwork: Display: MotionWorld network observation sent: session=31E1BBC5684B episode=7221 observation=206 state_sequence=1090 simulation_time_s=21.578000 facing_yaw_deg=0.000000 previous_action_present=true previous_action_source=205.
[2026.09.03-20.07.56:858][681]LogMotionWorldNetwork: Display: MotionWorld network action accepted: session=31E1BBC5684B episode=7221 source_observation=206 desired_local_cm_per_sec=(100.000000, 0.000000) unreal_end_to_end_latency_ms=29.101916 current_identity_match=true before_deadline=true.
[2026.09.03-20.07.56:882][682]LogMotionWorldBridge: Display: MotionWorld command echo: revision=213 frame=character_local resolved=true facing_yaw_deg=0.00 finite=true requested_frame=(100.00, 0.00, 0.00) submitted_world=(100.00, 0.00, 0.00) echoed_world=(100.00, 0.00, 0.00) match=true
[2026.09.03-20.07.56:977][684]LogMotionWorldNetwork: Display: MotionWorld network observation sent: session=31E1BBC5684B episode=7221 observation=207 state_sequence=1094 simulation_time_s=21.727000 facing_yaw_deg=0.000000 previous_action_present=true previous_action_source=206.
[2026.09.03-20.07.57:017][685]LogMotionWorldNetwork: Display: MotionWorld network action accepted: session=31E1BBC5684B episode=7221 source_observation=207 desired_local_cm_per_sec=(100.000000, 0.000000) unreal_end_to_end_latency_ms=39.501458 current_identity_match=true before_deadline=true.
[2026.09.03-20.07.57:040][686]LogMotionWorldNetwork: Display: MotionWorld network observation sent: session=31E1BBC5684B episode=7221 observation=208 state_sequence=1096 simulation_time_s=21.793000 facing_yaw_deg=0.000000 previous_action_present=true previous_action_source=207.
[2026.09.03-20.07.57:040][686]LogMotionWorldBridge: Display: MotionWorld command echo: revision=214 frame=character_local resolved=true facing_yaw_deg=0.00 finite=true requested_frame=(100.00, 0.00, 0.00) submitted_world=(100.00, 0.00, 0.00) echoed_world=(100.00, 0.00, 0.00) match=true
[2026.09.03-20.07.57:057][687]LogMotionWorldNetwork: Display: MotionWorld network action accepted: session=31E1BBC5684B episode=7221 source_observation=208 desired_local_cm_per_sec=(100.000000, 0.000000) unreal_end_to_end_latency_ms=17.224457 current_identity_match=true before_deadline=true.
[2026.09.03-20.07.57:073][688]LogMotionWorldBridge: Display: MotionWorld command echo: revision=215 frame=character_local resolved=true facing_yaw_deg=0.00 finite=true requested_frame=(100.00, 0.00, 0.00) submitted_world=(100.00, 0.00, 0.00) echoed_world=(100.00, 0.00, 0.00) match=true
[2026.09.03-20.07.57:122][690]LogMotionWorldNetwork: Display: MotionWorld network observation sent: session=31E1BBC5684B episode=7221 observation=209 state_sequence=1100 simulation_time_s=21.875000 facing_yaw_deg=0.000000 previous_action_present=true previous_action_source=208.
[2026.09.03-20.07.57:140][691]LogMotionWorldNetwork: Display: MotionWorld network action accepted: session=31E1BBC5684B episode=7221 source_observation=209 desired_local_cm_per_sec=(100.000000, 0.000000) unreal_end_to_end_latency_ms=18.278919 current_identity_match=true before_deadline=true.
[2026.09.03-20.07.57:157][692]LogMotionWorldBridge: Display: MotionWorld command echo: revision=216 frame=character_local resolved=true facing_yaw_deg=0.00 finite=true requested_frame=(100.00, 0.00, 0.00) submitted_world=(100.00, 0.00, 0.00) echoed_world=(100.00, 0.00, 0.00) match=true
[2026.09.03-20.07.57:225][695]LogMotionWorldNetwork: Display: MotionWorld network observation sent: session=31E1BBC5684B episode=7221 observation=210 state_sequence=1105 simulation_time_s=21.978000 facing_yaw_deg=0.000000 previous_action_present=true previous_action_source=209.
[2026.09.03-20.07.57:247][696]LogMotionWorldNetwork: Display: MotionWorld network action accepted: session=31E1BBC5684B episode=7221 source_observation=210 desired_local_cm_per_sec=(100.000000, 0.000000) unreal_end_to_end_latency_ms=21.485917 current_identity_match=true before_deadline=true.
[2026.09.03-20.07.57:289][697]LogMotionWorldBridge: Display: MotionWorld command echo: revision=217 frame=character_local resolved=true facing_yaw_deg=0.00 finite=true requested_frame=(100.00, 0.00, 0.00) submitted_world=(100.00, 0.00, 0.00) echoed_world=(100.00, 0.00, 0.00) match=true
[2026.09.03-20.07.57:318][698]LogMotionWorldNetwork: Display: MotionWorld network observation sent: session=31E1BBC5684B episode=7221 observation=211 state_sequence=1108 simulation_time_s=22.070000 facing_yaw_deg=0.000000 previous_action_present=true previous_action_source=210.
[2026.09.03-20.07.57:338][699]LogMotionWorldNetwork: Display: MotionWorld network action accepted: session=31E1BBC5684B episode=7221 source_observation=211 desired_local_cm_per_sec=(100.000000, 0.000000) unreal_end_to_end_latency_ms=20.403750 current_identity_match=true before_deadline=true.
[2026.09.03-20.07.57:357][700]LogMotionWorldBridge: Display: MotionWorld transition recorded: episode=7221 transition_sequence=1079 previous_state_sequence=1109 next_state_sequence=1110 delta_s=0.019000 action_world_cm_per_sec=(100.00, 0.00, 0.00) action_local_cm_per_sec=(100.00, 0.00, 0.00) automated=true recorded=1080 rejected=0.
[2026.09.03-20.07.57:357][700]LogMotionWorldBridge: Display: MotionWorld command echo: revision=218 frame=character_local resolved=true facing_yaw_deg=0.00 finite=true requested_frame=(100.00, 0.00, 0.00) submitted_world=(100.00, 0.00, 0.00) echoed_world=(100.00, 0.00, 0.00) match=true
[2026.09.03-20.07.57:428][704]LogMotionWorldNetwork: Display: MotionWorld network observation sent: session=31E1BBC5684B episode=7221 observation=212 state_sequence=1114 simulation_time_s=22.180000 facing_yaw_deg=0.000000 previous_action_present=true previous_action_source=211.
[2026.09.03-20.07.57:448][705]LogMotionWorldNetwork: Display: MotionWorld network action accepted: session=31E1BBC5684B episode=7221 source_observation=212 desired_local_cm_per_sec=(100.000000, 0.000000) unreal_end_to_end_latency_ms=20.802334 current_identity_match=true before_deadline=true.
[2026.09.03-20.07.57:467][706]LogMotionWorldBridge: Display: MotionWorld command echo: revision=219 frame=character_local resolved=true facing_yaw_deg=0.00 finite=true requested_frame=(100.00, 0.00, 0.00) submitted_world=(100.00, 0.00, 0.00) echoed_world=(100.00, 0.00, 0.00) match=true
[2026.09.03-20.07.57:526][709]LogMotionWorldNetwork: Display: MotionWorld network observation sent: session=31E1BBC5684B episode=7221 observation=213 state_sequence=1119 simulation_time_s=22.278000 facing_yaw_deg=0.000000 previous_action_present=true previous_action_source=212.
[2026.09.03-20.07.57:550][710]LogMotionWorldNetwork: Display: MotionWorld network action accepted: session=31E1BBC5684B episode=7221 source_observation=213 desired_local_cm_per_sec=(100.000000, 0.000000) unreal_end_to_end_latency_ms=24.238624 current_identity_match=true before_deadline=true.
[2026.09.03-20.07.57:570][711]LogMotionWorldBridge: Display: MotionWorld command echo: revision=220 frame=character_local resolved=true facing_yaw_deg=0.00 finite=true requested_frame=(100.00, 0.00, 0.00) submitted_world=(100.00, 0.00, 0.00) echoed_world=(100.00, 0.00, 0.00) match=true
[2026.09.03-20.07.57:636][714]LogMotionWorldNetwork: Display: MotionWorld network observation sent: session=31E1BBC5684B episode=7221 observation=214 state_sequence=1124 simulation_time_s=22.389000 facing_yaw_deg=0.000000 previous_action_present=true previous_action_source=213.
[2026.09.03-20.07.57:657][715]LogMotionWorldNetwork: Display: MotionWorld network action accepted: session=31E1BBC5684B episode=7221 source_observation=214 desired_local_cm_per_sec=(100.000000, 0.000000) unreal_end_to_end_latency_ms=21.586832 current_identity_match=true before_deadline=true.
[2026.09.03-20.07.57:680][716]LogMotionWorldBridge: Display: MotionWorld command echo: revision=221 frame=character_local resolved=true facing_yaw_deg=0.00 finite=true requested_frame=(100.00, 0.00, 0.00) submitted_world=(100.00, 0.00, 0.00) echoed_world=(100.00, 0.00, 0.00) match=true
[2026.09.03-20.07.57:724][718]LogMotionWorldNetwork: Display: MotionWorld network observation sent: session=31E1BBC5684B episode=7221 observation=215 state_sequence=1128 simulation_time_s=22.477000 facing_yaw_deg=0.000000 previous_action_present=true previous_action_source=214.
[2026.09.03-20.07.57:746][719]LogMotionWorldNetwork: Display: MotionWorld network action accepted: session=31E1BBC5684B episode=7221 source_observation=215 desired_local_cm_per_sec=(100.000000, 0.000000) unreal_end_to_end_latency_ms=22.161461 current_identity_match=true before_deadline=true.
[2026.09.03-20.07.57:767][720]LogMotionWorldBridge: Display: MotionWorld command echo: revision=222 frame=character_local resolved=true facing_yaw_deg=0.00 finite=true requested_frame=(100.00, 0.00, 0.00) submitted_world=(100.00, 0.00, 0.00) echoed_world=(100.00, 0.00, 0.00) match=true
[2026.09.03-20.07.57:827][723]LogMotionWorldNetwork: Display: MotionWorld network observation sent: session=31E1BBC5684B episode=7221 observation=216 state_sequence=1133 simulation_time_s=22.580000 facing_yaw_deg=0.000000 previous_action_present=true previous_action_source=215.
[2026.09.03-20.07.57:848][724]LogMotionWorldNetwork: Display: MotionWorld network action accepted: session=31E1BBC5684B episode=7221 source_observation=216 desired_local_cm_per_sec=(100.000000, 0.000000) unreal_end_to_end_latency_ms=20.161498 current_identity_match=true before_deadline=true.
[2026.09.03-20.07.57:866][725]LogMotionWorldBridge: Display: MotionWorld command echo: revision=223 frame=character_local resolved=true facing_yaw_deg=0.00 finite=true requested_frame=(100.00, 0.00, 0.00) submitted_world=(100.00, 0.00, 0.00) echoed_world=(100.00, 0.00, 0.00) match=true
[2026.09.03-20.07.57:928][728]LogMotionWorldNetwork: Display: MotionWorld network observation sent: session=31E1BBC5684B episode=7221 observation=217 state_sequence=1138 simulation_time_s=22.681000 facing_yaw_deg=0.000000 previous_action_present=true previous_action_source=216.
[2026.09.03-20.07.57:949][729]LogMotionWorldNetwork: Display: MotionWorld network action accepted: session=31E1BBC5684B episode=7221 source_observation=217 desired_local_cm_per_sec=(100.000000, 0.000000) unreal_end_to_end_latency_ms=21.101207 current_identity_match=true before_deadline=true.
[2026.09.03-20.07.57:969][730]LogMotionWorldBridge: Display: MotionWorld state sample: protocol=1 sequence=1140 valid=true mover_step_frame=1141 sim_time_s=22.722000 step_s=0.021000 resim=false mode=Walking position_world_cm=(1352.09, 0.00, 88.27) velocity_world_cm_per_sec=(100.00, 0.00, 0.00) velocity_local_planar_cm_per_sec=(100.00, 0.00, 0.00) facing_yaw_deg=0.00 facing_unit_world=(1.000000, 0.000000) angular_velocity_world_deg_per_sec=(0.00, 0.00, 0.00)
[2026.09.03-20.07.57:969][730]LogMotionWorldBridge: Display: MotionWorld command echo: revision=224 frame=character_local resolved=true facing_yaw_deg=0.00 finite=true requested_frame=(100.00, 0.00, 0.00) submitted_world=(100.00, 0.00, 0.00) echoed_world=(100.00, 0.00, 0.00) match=true
[2026.09.03-20.07.58:031][733]LogMotionWorldNetwork: Display: MotionWorld network observation sent: session=31E1BBC5684B episode=7221 observation=218 state_sequence=1143 simulation_time_s=22.784000 facing_yaw_deg=0.000000 previous_action_present=true previous_action_source=217.
[2026.09.03-20.07.58:053][734]LogMotionWorldNetwork: Display: MotionWorld network action accepted: session=31E1BBC5684B episode=7221 source_observation=218 desired_local_cm_per_sec=(100.000000, 0.000000) unreal_end_to_end_latency_ms=21.922667 current_identity_match=true before_deadline=true.
[2026.09.03-20.07.58:074][735]LogMotionWorldBridge: Display: MotionWorld command echo: revision=225 frame=character_local resolved=true facing_yaw_deg=0.00 finite=true requested_frame=(100.00, 0.00, 0.00) submitted_world=(100.00, 0.00, 0.00) echoed_world=(100.00, 0.00, 0.00) match=true
[2026.09.03-20.07.58:138][738]LogMotionWorldNetwork: Display: MotionWorld network observation sent: session=31E1BBC5684B episode=7221 observation=219 state_sequence=1148 simulation_time_s=22.891000 facing_yaw_deg=0.000000 previous_action_present=true previous_action_source=218.
[2026.09.03-20.07.58:159][739]LogMotionWorldNetwork: Display: MotionWorld network action accepted: session=31E1BBC5684B episode=7221 source_observation=219 desired_local_cm_per_sec=(100.000000, 0.000000) unreal_end_to_end_latency_ms=21.087416 current_identity_match=true before_deadline=true.
[2026.09.03-20.07.58:182][740]LogMotionWorldBridge: Display: MotionWorld command echo: revision=226 frame=character_local resolved=true facing_yaw_deg=0.00 finite=true requested_frame=(100.00, 0.00, 0.00) submitted_world=(100.00, 0.00, 0.00) echoed_world=(100.00, 0.00, 0.00) match=true
[2026.09.03-20.07.58:226][742]LogMotionWorldNetwork: Display: MotionWorld network observation sent: session=31E1BBC5684B episode=7221 observation=220 state_sequence=1152 simulation_time_s=22.978000 facing_yaw_deg=0.000000 previous_action_present=true previous_action_source=219.
[2026.09.03-20.07.58:249][743]LogMotionWorldNetwork: Display: MotionWorld network action accepted: session=31E1BBC5684B episode=7221 source_observation=220 desired_local_cm_per_sec=(100.000000, 0.000000) unreal_end_to_end_latency_ms=23.612082 current_identity_match=true before_deadline=true.
[2026.09.03-20.07.58:271][744]LogMotionWorldBridge: Display: MotionWorld command echo: revision=227 frame=character_local resolved=true facing_yaw_deg=0.00 finite=true requested_frame=(100.00, 0.00, 0.00) submitted_world=(100.00, 0.00, 0.00) echoed_world=(100.00, 0.00, 0.00) match=true
[2026.09.03-20.07.58:340][747]LogMotionWorldNetwork: Display: MotionWorld network observation sent: session=31E1BBC5684B episode=7221 observation=221 state_sequence=1157 simulation_time_s=23.093000 facing_yaw_deg=0.000000 previous_action_present=true previous_action_source=220.
[2026.09.03-20.07.58:361][748]LogMotionWorldNetwork: Display: MotionWorld network action accepted: session=31E1BBC5684B episode=7221 source_observation=221 desired_local_cm_per_sec=(100.000000, 0.000000) unreal_end_to_end_latency_ms=20.428292 current_identity_match=true before_deadline=true.
[2026.09.03-20.07.58:382][749]LogMotionWorldBridge: Display: MotionWorld command echo: revision=228 frame=character_local resolved=true facing_yaw_deg=0.00 finite=true requested_frame=(100.00, 0.00, 0.00) submitted_world=(100.00, 0.00, 0.00) echoed_world=(100.00, 0.00, 0.00) match=true
[2026.09.03-20.07.58:421][751]LogMotionWorldNetwork: Display: MotionWorld network observation sent: session=31E1BBC5684B episode=7221 observation=222 state_sequence=1161 simulation_time_s=23.174000 facing_yaw_deg=0.000000 previous_action_present=true previous_action_source=221.
[2026.09.03-20.07.58:441][752]LogMotionWorldNetwork: Display: MotionWorld network action accepted: session=31E1BBC5684B episode=7221 source_observation=222 desired_local_cm_per_sec=(100.000000, 0.000000) unreal_end_to_end_latency_ms=19.927166 current_identity_match=true before_deadline=true.
[2026.09.03-20.07.58:463][753]LogMotionWorldBridge: Display: MotionWorld command echo: revision=229 frame=character_local resolved=true facing_yaw_deg=0.00 finite=true requested_frame=(100.00, 0.00, 0.00) submitted_world=(100.00, 0.00, 0.00) echoed_world=(100.00, 0.00, 0.00) match=true
[2026.09.03-20.07.58:527][756]LogMotionWorldNetwork: Display: MotionWorld network observation sent: session=31E1BBC5684B episode=7221 observation=223 state_sequence=1166 simulation_time_s=23.279000 facing_yaw_deg=0.000000 previous_action_present=true previous_action_source=222.
[2026.09.03-20.07.58:549][757]LogMotionWorldNetwork: Display: MotionWorld network action accepted: session=31E1BBC5684B episode=7221 source_observation=223 desired_local_cm_per_sec=(100.000000, 0.000000) unreal_end_to_end_latency_ms=22.590999 current_identity_match=true before_deadline=true.
[2026.09.03-20.07.58:570][758]LogMotionWorldBridge: Display: MotionWorld command echo: revision=230 frame=character_local resolved=true facing_yaw_deg=0.00 finite=true requested_frame=(100.00, 0.00, 0.00) submitted_world=(100.00, 0.00, 0.00) echoed_world=(100.00, 0.00, 0.00) match=true
[2026.09.03-20.07.58:775][767]LogMotionWorldBridge: Display: MotionWorld transition recorded: episode=7221 transition_sequence=1139 previous_state_sequence=1169 next_state_sequence=1170 delta_s=0.016000 action_world_cm_per_sec=(100.00, 0.00, 0.00) action_local_cm_per_sec=(100.00, 0.00, 0.00) automated=true recorded=1140 rejected=0.
[2026.09.03-20.07.58:823][767]LogSlate: Updating window title bar state: overlay mode, drag disabled, window buttons hidden, title bar hidden
[2026.09.03-20.07.58:823][767]LogWorld: BeginTearingDown for /Game/Levels/UEDPIE_0_DefaultLevel
[2026.09.03-20.07.58:833][767]LogMotionWorldBridge: Display: MotionWorld episode stopped: episode=7221 observed=1141 attempted=1140 recorded=1140 rejected=0 rejected_seeds=0 capacity_drops=0.
[2026.09.03-20.07.58:833][767]LogMotionWorldNetwork: Display: MotionWorld network evidence stopped: session=31E1BBC5684B observations_sent=224 actions_accepted=224 rejected=0 stale=0 malformed=0 missed=0 held=0 safe_stops=0 evidence_written=450 evidence_dropped=0.
