episode_id,model,start_transition_sequence,end_transition_sequence,requested_horizon_s,actual_horizon_s,step_count,action_change_count,parameter_change_count,planar_position_error_cm,planar_velocity_error_cm_s,yaw_error_deg,angular_velocity_yaw_error_deg_s
5201,nominal,3,16,0.5,0.502,14,1,1,0.13336478843393706,5.272816274270056,0.0,0.0
5201,nominal,3,30,1.0,1.034,28,2,6,22.906138821635977,16.56447211855331,48.066171246385856,59.09915288298399
5201,nominal,3,47,1.5,1.502,45,3,7,14.966151453417751,43.781067303701015,15.968696579708464,46.308694733815805
5201,nominal,4,18,0.5,0.528,15,1,1,1.2366419118458225,26.10328210091187,0.0,0.0
5201,nominal,4,30,1.0,1.0050000000000001,27,2,6,22.906139162304953,16.564472118553738,48.066171246385856,59.09915288298399
5201,nominal,4,49,1.5,1.523,46,4,8,13.161141170754592,33.4407307490091,13.89551244028051,38.325947624080015
5201,nominal,5,19,0.5,0.5740000000000001,15,1,1,5.6471584828616415,58.033112538298795,0.0,0.0
5201,nominal,5,31,1.0,1.0030000000000001,27,2,6,23.22950515092873,11.548773894282277,46.01051000335314,73.41647748673651
5201,nominal,5,50,1.5,1.52,46,4,9,12.399631869511893,28.20889701717076,12.950237664448462,35.010178926289555
5201,nominal,6,19,0.5,0.538,14,1,1,5.647159001900263,58.03311253998727,0.0,0.0
5201,nominal,6,33,1.0,1.0179999999999998,28,2,6,23.57708466686188,5.536186526984054,41.679090921913485,87.74608908699653
5201,nominal,6,51,1.5,1.5070000000000001,46,4,10,11.838260116049293,24.426045194848502,12.162594568779545,34.24536207993958
5201,nominal,7,20,0.5,0.518,14,1,1,8.005022652565117,65.49620909425975,0.0,0.0
5201,nominal,7,35,1.0,1.0219999999999998,29,2,6,23.746588121000514,2.1530044417186502,36.19960673751499,91.7576702999883
5201,nominal,7,53,1.5,1.537,47,4,10,10.407069803120095,14.63125616105378,9.504863939078119,29.73258090917193
5201,nominal,8,21,0.5,0.5309999999999999,14,1,1,10.594891011645018,66.40688529341077,0.0,0.0
5201,nominal,8,36,1.0,1.027,29,2,6,23.78667305456065,1.2930628376004876,33.39698665583791,90.407103117076
5201,nominal,8,53,1.5,1.511,46,4,10,10.407069647382599,14.63125616105378,9.504863939078119,29.73258090917193
5201,nominal,9,22,0.5,0.5169999999999999,14,1,1,12.20473204672112,64.39363404633703,0.0,0.0
5201,nominal,9,37,1.0,1.0190000000000001,29,2,6,23.8104854539356,0.768131291536136,30.68230877893465,87.57025732319256
5201,nominal,9,54,1.5,1.504,46,4,10,10.02042086169025,12.123416107947232,8.616677174017447,27.755843257500686
5201,nominal,10,23,0.5,0.5269999999999999,14,2,2,14.825364236789369,54.59649713369362,17.39061086628158,362.30439254452074
5201,nominal,10,38,1.0,1.0130000000000001,29,3,7,23.727680727267284,2.587662697096704,28.43840183434664,70.12209571398765
5201,nominal,10,55,1.5,1.503,46,4,10,9.667751930945586,9.549996400082376,7.676128632317057,25.42023178848325
5201,nominal,11,24,0.5,0.5389999999999999,14,2,2,16.693346430203064,45.56053640950251,32.74496790039149,374.4965006663742
5201,nominal,11,39,1.0,1.014,29,3,7,23.422289456268118,10.179718743676773,26.587464976324714,61.69789805975647
5201,nominal,11,57,1.5,1.522,47,4,10,9.309957105829307,6.820377430907348,6.5637620017453,22.439928347139784
5201,nominal,12,24,0.5,0.5049999999999999,13,2,2,16.69334669981413,45.560536409574816,32.74496790039149,374.4965006663742
5201,nominal,12,40,1.0,1.0070000000000001,29,3,7,22.87417436422652,20.3005709130787,25.032723468293394,57.583020214007604
5201,nominal,12,58,1.5,1.52,47,4,10,9.139491812502005,5.330060251703554,5.906724599240177,20.532424824332793
5201,nominal,13,26,0.5,0.518,14,2,4,18.74274684208524,37.722283834617,46.156324817600506,213.26570488480894
5201,nominal,13,42,1.0,1.0240000000000002,30,3,7,20.790763569761452,42.15696882409196,21.993898363311605,53.427977521877686
5201,nominal,13,59,1.5,1.503,47,4,10,9.0411946814713,4.469971112501927,5.482678294561697,19.274842146843156
5201,nominal,14,29,0.5,0.5189999999999999,16,1,6,21.862579303822713,29.19968222808734,51.78941776145181,0.8713432394023926
5201,nominal,14,45,1.0,1.0040000000000002,32,2,7,17.061266052701285,49.52533310016739,18.135608749829153,49.36689639779635
5201,nominal,14,63,1.5,1.51,50,3,10,8.767898050222781,1.837523548946983,3.84333458570588,14.062058071859326
5201,nominal,15,29,0.5,0.5029999999999999,15,1,5,2.041751827164262e-06,6.025672405485238e-06,8.461000512702787,54.64611039482645
5201,nominal,15,46,1.0,1.011,32,2,6,1.8166954305343097e-06,3.6698403196311347e-06,2.7789794172690687,19.37133669206178
5201,nominal,15,64,1.5,1.579,50,3,9,2.8882012167645064e-06,9.722707038005188e-08,19.645993500651095,52.86804058253871
5201,nominal,16,30,0.5,0.5490000000000002,15,1,5,2.2418626031139866e-06,3.0613435910709086e-06,10.118761226253381,26.313663970041915
5201,nominal,16,47,1.0,1.0170000000000001,32,2,6,1.6800727280497085e-06,2.738552257852689e-06,2.389623411768033,16.928519748075633
5201,nominal,16,64,1.5,1.562,49,3,9,2.8397988630277934e-06,9.722707038007491e-08,19.645993500651095,52.86804058253871
5201,nominal,17,30,0.5,0.532,14,1,5,2.117092094522377e-06,3.060287525613603e-06,10.118761226253381,26.313663970041915
5201,nominal,17,47,1.0,1.0,31,2,6,1.5552579952782253e-06,2.7385524239420533e-06,2.389623411768033,16.928519748075633
5201,nominal,17,64,1.5,1.545,48,3,9,2.7734563210251154e-06,9.722707038008768e-08,19.645993500651095,52.86804058253871
5201,nominal,18,30,0.5,0.506,13,1,5,2.4617065719212405e-06,3.0609108847556854e-06,10.118761226253381,26.313663970041915
5201,nominal,18,48,1.0,0.9999999999999998,31,2,6,1.8629407350090332e-06,1.5143850760068744e-06,2.0139301245201864,14.449741505844655
5201,nominal,18,64,1.5,1.519,47,3,9,2.965820105194025e-06,9.722707038008022e-08,19.645993500651095,52.86804058253871
5201,nominal,19,31,0.5,0.5050000000000001,13,1,5,2.2786787212680792e-06,2.5241278507337483e-06,10.66619845970132,19.551334287280184
5201,nominal,19,50,1.0,1.022,32,3,8,1.4799456138715854e-06,1.709245819826266e-06,9.114429677317744,168.617535759217
5201,nominal,19,65,1.5,1.5090000000000001,47,4,10,2.850231975058535e-06,7.076818087730908e-07,18.386856270189227,66.27039109231379
5201,nominal,20,34,0.5,0.5050000000000001,15,1,5,2.12800614463049e-06,1.0373741758940014e-06,11.139794486088924,0.05734224047901648
5201,nominal,20,52,1.0,1.003,33,3,9,1.101233482576131e-06,3.9742711614442325e-06,19.11513973994113,169.76786791057282
5201,nominal,20,67,1.5,1.5010000000000001,48,4,10,2.61606739865471e-06,6.780849099294551e-06,13.365399035455992,73.8975904132758
5201,nominal,21,35,0.5,0.5039999999999998,15,1,5,2.0421772433110164e-06,5.703809051738062e-07,10.887524644773155,7.20771024648937
5201,nominal,21,53,1.0,1.019,33,3,9,1.119702715670417e-06,5.636447768200686e-06,25.027568950900047,113.7005639707485
5201,nominal,21,69,1.5,1.5250000000000001,49,4,12,2.1944425719125747e-06,6.181829249502314e-06,5.601904627642498,138.97461134693185
5201,nominal,22,37,0.5,0.5270000000000001,16,1,5,2.301727136000409e-06,1.7717508171699592e-07,10.05734624804095,15.038483584140678
5201,nominal,22,54,1.0,1.012,33,3,9,1.30955195854322e-06,8.079480784411625e-06,27.538831645184576,78.47696604574571
5201,nominal,22,70,1.5,1.5190000000000001,49,4,13,2.1088302059051066e-06,2.310908523863531e-06,1.1817180786214057,133.94504213631484
5201,nominal,23,37,0.5,0.5020000000000002,15,0,5,2.2875123022458865e-06,1.771293511865224e-07,10.05734624804095,15.038483584140678
5201,nominal,23,55,1.0,1.024,33,2,9,1.4965550774893375e-06,6.058982098898872e-06,29.067947762656427,41.32746356609039
5201,nominal,23,71,1.5,1.537,49,3,14,1.8455298555748695e-06,5.874041612236774e-06,3.4347900682325405,107.36066250725668
5201,nominal,24,39,0.5,0.516,16,1,5,0.4103453832702826,10.443972277333671,7.980069821750453,36.08154608500646
5201,nominal,24,57,1.0,1.024,34,2,8,14.537927203999788,6.820401027268872,29.6663604760957,3.7264610132966425
5201,nominal,24,72,1.5,1.52,49,3,13,15.227904390339647,0.13829273905108663,6.106271206255806,86.17636244932555
5201,nominal,25,40,0.5,0.5020000000000002,16,1,5,0.9629070626567682,20.4652355305862,6.9930535871260515,36.556150196549865
5201,nominal,25,58,1.0,1.0150000000000001,34,2,8,14.70848940858078,5.330073137472143,29.17677058698329,15.299677890333413
5201,nominal,25,73,1.5,1.5010000000000003,49,3,13,15.230311218213863,0.10941257238152845,7.673256645735988,71.22662789336854
5201,nominal,26,41,0.5,0.5050000000000003,16,1,4,1.8687335147583326,32.35094266171526,4.126486188614318,26.602924757290424
5201,nominal,26,59,1.0,1.012,34,2,7,14.80682650402129,4.469979609676789,23.665777623572932,10.99632581638187
5201,nominal,26,75,1.5,1.524,50,3,12,15.233678297670345,0.05889211528697131,0.7611903917822286,64.7322456431489
5201,nominal,27,42,0.5,0.5060000000000002,16,1,3,3.0508353195837117,42.217913468341735,0.18159700798941927,14.4878103986929
5201,nominal,27,60,1.0,1.0150000000000001,34,2,6,14.911228851428012,3.4803126081510736,12.838296739278482,0.7302938655307685
5201,nominal,27,76,1.5,1.5270000000000001,50,3,11,15.234822608412124,0.03814538758926839,15.624353198681904,79.31724882889233
5201,nominal,28,43,0.5,0.5020000000000002,16,1,2,4.192408893505217,47.565555346554966,1.924114254860534,9.546409573550847
5201,nominal,28,61,1.0,1.012,34,2,5,14.981425178303835,2.808132732381439,3.895496257030027,3.5638897175588937
5201,nominal,28,77,1.5,1.5300000000000002,50,3,10,15.23555911006287,0.023756594842115314,27.63189123094853,79.87600009420561
5201,nominal,29,44,0.5,0.5010000000000003,16,1,1,5.593346265428295,50.0334664786319,2.616321237153706,6.620505057097667
5201,nominal,29,62,1.0,1.0060000000000002,34,2,4,15.034236037149297,2.296402137758834,1.3869749240106588,4.328811140423554
5201,nominal,29,77,1.5,1.5010000000000003,49,3,9,15.235559438229178,0.02375659484211529,35.85629303280496,75.13462609525001
5201,nominal,30,46,0.5,0.508,17,1,1,7.870707879999486,47.32095319729888,2.7721864615603633,2.305403517078794
5201,nominal,30,64,1.0,1.076,35,2,4,15.14904030667895,0.8103962747220742,1.0013838198041638,3.328585169020485
5201,nominal,30,79,1.5,1.5050000000000003,50,3,9,15.236186504383776,0.011764760925975497,32.41968476779958,78.63001363898597
5201,nominal,31,49,0.5,0.5179999999999998,19,2,2,10.683009711088012,33.44339795097927,2.8052647091231178,1.907643488186281
5201,nominal,31,64,1.0,1.013,34,2,4,15.149040439012957,0.8103962747220814,1.0013838733284208,3.3285853666576344
5201,nominal,31,82,1.5,1.5099999999999998,52,4,10,15.236583412287516,0.003778651226027978,38.62430987235547,348.69307694022126
5201,nominal,32,50,0.5,0.5169999999999999,19,2,3,11.444585613006142,28.21051623960066,2.8573034641810127,1.927349530479887
5201,nominal,32,65,1.0,1.004,34,3,5,15.161900988009046,0.676972207836966,2.665732871066481,193.00613663463523
5201,nominal,32,83,1.5,1.505,52,4,10,15.23664212976768,0.0025480141449165158,51.65011422870543,566.339282141319
5201,nominal,33,51,0.5,0.516,19,2,4,12.006075665237624,24.42710200355881,2.8585899534352266,0.05591115786657497
5201,nominal,33,66,1.0,1.001,34,3,5,15.173693598993173,0.5616386697290248,9.17183680547028,309.8144507381089
5201,nominal,33,84,1.5,1.504,52,4,10,15.236681533624976,0.0017118037323789045,67.62504074913655,694.5619809786377
5201,nominal,34,52,0.5,0.5230000000000001,19,2,4,12.68052890025252,19.88546640013484,2.790237010252531,2.0103890984012764
5201,nominal,34,67,1.0,1.0210000000000004,34,3,5,15.19177229841063,0.38470685962362283,26.294876269092622,364.3199684372174
5201,nominal,34,85,1.5,1.504,52,4,11,15.236710518935316,0.0010702930951365258,87.22839336682172,726.0500873163228
5201,nominal,35,53,0.5,0.5499999999999998,19,2,4,13.439167856726172,14.631468504693023,2.5851507794614106,3.9439745942217996
5201,nominal,35,68,1.0,1.025,34,3,6,15.20090061819395,0.3148137129507093,34.13025129042346,270.1853340665922
5201,nominal,35,86,1.5,1.5059999999999998,52,4,12,15.23672859324497,0.0006677010749144404,106.5349985039958,715.0594414853779
5201,nominal,36,53,0.5,0.5150000000000001,18,2,4,13.439167870902347,14.631468504692778,2.585151224679272,3.943975980079472
5201,nominal,36,69,1.0,1.0210000000000004,34,3,7,15.208965815644842,0.26020813477213506,39.5779663899152,175.73273263796793
5201,nominal,36,88,1.5,1.5260000000000002,53,4,14,15.236746960701941,0.00025520286019433693,143.6278389289979,658.9141943549348
5201,nominal,37,54,0.5,0.516,18,2,4,13.82656486173459,12.12353281851846,2.4384509450340186,4.584405990357567
5201,nominal,37,70,1.0,1.0230000000000001,34,3,8,15.216122092004852,0.21689195551949303,42.769854238074565,96.7238818377233
5201,nominal,37,89,1.5,1.5220000000000002,53,4,14,15.236751435506008,0.00016040274436945437,160.51415935645846,625.419269831481
5201,nominal,38,55,0.5,0.5219999999999998,18,1,4,14.179758831426707,9.550054674990696,2.254228853627837,4.978987972179567
5201,nominal,38,71,1.0,1.0349999999999997,34,2,9,15.223620704444711,0.174422230318086,43.808476226631214,24.153993699597834
5201,nominal,38,90,1.5,1.52,53,3,14,15.236754460191234,9.910644609533386e-05,177.55195399717542,587.5101528112182
5201,nominal,39,56,0.5,0.512,18,1,3,1.735381142431468e-06,4.763708598717931e-06,29.17332229512812,25.690927956452867
5201,nominal,39,71,1.0,1.0029999999999997,33,2,8,1.8941496998000819e-06,5.8740416122363465e-06,3.4534988907523307,107.22766427774604
5201,nominal,39,91,1.5,1.5150000000000001,53,3,13,3.5250185267006057e-06,1.8333344600145415e-05,14.885479579364397,20.858984504947188
5201,nominal,40,57,0.5,0.508,18,1,3,1.773432367026285e-06,2.7500415007593368e-06,29.333560871555836,6.1630264763985
5201,nominal,40,72,1.0,1.004,33,2,8,1.6972205424423824e-06,3.576874803459526e-06,6.121562828879133,86.06658804092211
5201,nominal,40,92,1.5,1.513,53,3,13,3.998522274402673e-06,1.8095400082629246e-05,15.162017915266068,9.876374072140294
5201,nominal,41,58,0.5,0.5129999999999999,18,1,3,1.8190347538517622e-06,2.3974802313791378e-06,28.907225407086703,13.322976106067841
5201,nominal,41,74,1.0,1.02,34,2,8,1.2649879089245868e-06,2.186478994305043e-06,8.88983500133417,57.304406543070314
5201,nominal,41,93,1.5,1.513,53,3,13,4.29809159269774e-06,1.7445237881552723e-05,15.177891509985129,0.5879143446877606
5201,nominal,42,59,0.5,0.5069999999999997,18,1,3,1.9352343721307593e-06,1.7910208544736406e-06,28.386684840614247,23.660923127553133
5201,nominal,42,75,1.0,1.0189999999999997,34,2,8,1.0670901921479116e-06,2.7542665463904233e-06,9.992351857221163,40.833961180387234
5201,nominal,42,94,1.5,1.5130000000000003,53,3,13,4.643200071697585e-06,1.5003318320216967e-05,14.967721072349534,7.506083245163609
5201,nominal,43,60,0.5,0.5089999999999999,18,1,3,2.0469411096490854e-06,1.158640527334005e-06,27.343695283944843,34.76631310221242
5201,nominal,43,76,1.0,1.021,34,2,8,8.883968276343663e-07,2.205478679684359e-06,10.748450071660514,25.203279237195204
5201,nominal,43,95,1.5,1.5089999999999995,53,3,13,4.847686424996874e-06,1.1967689517643366e-05,14.653999249944286,13.071742508351093
5201,nominal,44,61,0.5,0.5099999999999998,18,1,3,2.0952411151916074e-06,7.964692915513723e-07,26.308580569123723,41.40458771570101
5201,nominal,44,77,1.0,1.028,34,2,8,7.479279193799717e-07,1.244506549369366e-06,11.127049518649265,12.212890765405007
5201,nominal,44,96,1.5,1.5119999999999996,53,3,13,5.168042232557936e-06,1.007589394111429e-05,14.165289474635301,18.10035963849751
5201,nominal,45,62,0.5,0.5049999999999999,18,1,3,2.257957418681882e-06,5.592831372785684e-07,25.254106713439416,45.84667928956935
5201,nominal,45,77,1.0,1.0,33,2,8,7.443199012484605e-07,1.2445065493693678e-06,11.12704951960244,12.212890758365774
5201,nominal,45,97,1.5,1.512,53,3,13,5.435141561990943e-06,8.192750812840733e-06,13.55104145235779,21.937426725144945
5201,nominal,46,63,0.5,0.5059999999999998,18,1,3,2.297095472464631e-06,3.792288872576205e-07,24.024680285595608,49.17705627607886
5201,nominal,46,79,1.0,1.02,34,2,8,4.430803791964161e-07,5.940479610457388e-07,11.206525420041139,1.2510650606893279
5201,nominal,46,98,1.5,1.5139999999999998,53,3,13,5.619698026855735e-06,5.763658930512368e-06,12.917196671036141,24.37864416702432
5201,nominal,47,64,0.5,0.5680000000000001,18,1,3,2.376765824628233e-06,9.722620922412938e-08,19.571135254434008,52.394646983635994
5201,nominal,47,80,1.0,1.016,34,2,8,3.3522398850412714e-07,5.461957641764531e-07,11.097927650748376,5.715665416453987
5201,nominal,47,99,1.5,1.517,53,3,13,5.768438717596458e-06,4.133019043322539e-06,12.242014343942843,25.968549926667777
5201,nominal,48,64,0.5,0.5449999999999999,17,1,3,2.376756663745012e-06,9.722615573402871e-08,19.571135246645973,52.39464693462567
5201,nominal,48,81,1.0,1.0150000000000001,34,2,8,1.886227632029261e-07,4.4287881452227325e-07,10.877498874014151,10.019482465822335
5201,nominal,48,100,1.5,1.5199999999999996,53,3,13,5.889337438818157e-06,3.001542211575444e-06,11.543957204973001,26.84835051841351
5201,nominal,49,64,0.5,0.5190000000000001,16,0,3,2.3767923617315205e-06,9.722625216107729e-08,19.571135239491454,52.394646889623445
5201,nominal,49,82,1.0,1.016,34,2,9,1.6770721418749486e-07,1.3688996882357874e-06,10.121382762394632,28.00429330010553
5201,nominal,49,101,1.5,1.521,53,3,14,5.991569418666336e-06,2.6236287676686275e-06,10.497532135876803,38.75648257611371
5201,nominal,50,65,0.5,0.5140000000000002,16,1,3,2.4360912164233743e-06,7.079160717944644e-07,5.004901784857576,181.30056025260177
5201,nominal,50,83,1.0,1.0150000000000001,34,2,8,8.332431092645604e-08,1.969297334181145e-06,49.310790585961435,586.4412324005315
5201,nominal,50,102,1.5,1.524,53,3,13,0.2544304911161561,7.485962661515882,57.273317765038776,242.45122100781174
5201,nominal,51,66,0.5,0.508,16,1,2,2.418504034504929e-06,1.2511940609430859e-06,10.621893175741326,299.4063247860316
5201,nominal,51,84,1.0,1.0110000000000001,34,2,7,2.1852198213527547e-07,3.3476120827728175e-06,66.69247740782754,707.299626569006
5201,nominal,51,103,1.5,1.5229999999999997,53,3,12,0.6740097304781375,16.137660844976335,52.954660036269615,225.29457433765168
5201,nominal,52,67,0.5,0.532,16,1,1,2.0976255764991714e-06,6.781765059301886e-06,27.04945923679094,361.6905644329164
5201,nominal,52,85,1.0,1.0149999999999997,34,2,7,2.7527719849078414e-07,7.958700438054507e-06,87.36322117567761,725.5237212477703
5201,nominal,52,103,1.5,1.4999999999999996,52,3,11,0.6740098074808933,16.137660844976338,54.76190923682468,227.36735375393818
5201,nominal,53,68,0.5,0.5270000000000001,16,1,2,1.5732390108532911e-06,9.58979791941513e-06,34.81473189384019,267.76804010350367
5201,nominal,53,86,1.0,1.008,34,2,8,4.328798652770753e-07,1.1495917744711792e-05,106.6569419409056,714.5822486613163
5201,nominal,53,105,1.5,1.5210000000000004,53,3,11,2.6273051040737565,42.72283476426974,43.91643207534612,187.2698314302769
5201,nominal,54,69,0.5,0.5060000000000002,16,1,3,1.0278364598355128e-06,6.183326519279079e-06,40.19415052486306,173.5296332893377
5201,nominal,54,88,1.0,1.0110000000000001,35,2,10,8.084418671187089e-07,1.5527425600041072e-05,143.7271791940798,658.5238665147949
5201,nominal,54,107,1.5,1.5280000000000005,54,3,11,6.224349174677451,65.40820106792832,34.59814026298733,148.69051820035773
5201,nominal,55,70,0.5,0.5070000000000001,16,1,4,5.13122656937576e-07,2.3125325473792043e-06,43.320355481732165,94.73351861564998
5201,nominal,55,89,1.0,1.0060000000000002,35,2,10,1.0272688471833143e-06,1.684568995808512e-05,160.60395536220562,625.0657849346582
5201,nominal,55,108,1.5,1.524,54,3,11,8.16079999555131,69.15894780132426,30.8803850428904,132.7769723657368
5201,nominal,56,71,0.5,0.5129999999999999,16,1,5,9.397709960596688e-08,5.874954581486758e-06,44.28427391423804,22.416697234885362
5201,nominal,56,91,1.0,1.0250000000000004,36,2,10,1.8109904144637688e-06,1.8333344554793075e-05,167.48559123987025,551.1804066012122
5201,nominal,56,109,1.5,1.5270000000000001,54,3,11,10.874763972301565,67.84909803969411,26.374888080660803,112.63742216174325
5201,nominal,57,72,0.5,0.5219999999999998,16,1,5,2.1776745300057984e-07,3.577439130708753e-06,43.87609708872641,13.166989146810238
5201,nominal,57,91,1.0,1.0030000000000001,35,2,10,1.7404350119990876e-06,1.8333344548366375e-05,167.48559132056937,551.1804069094411
5201,nominal,57,109,1.5,1.505,53,3,11,10.874764073586139,67.84909803969411,26.374888093140537,112.63742221114931
5201,nominal,58,73,0.5,0.5180000000000002,16,1,5,3.966686160138705e-07,4.01352444612286e-06,43.16975573304232,32.10641846827784
5201,nominal,58,92,1.0,1.005,35,2,10,2.2316665510906703e-06,1.8095400075498482e-05,153.09708440886982,513.8752455528294
5201,nominal,58,110,1.5,1.5030000000000001,53,3,11,12.432089436385391,64.88855672768914,23.92283698986694,102.16879675909665
5201,nominal,59,74,0.5,0.5070000000000001,16,1,5,7.035026717062847e-07,2.1867943047483634e-06,42.19825196795581,46.26205915061095
5201,nominal,59,93,1.0,1.0,35,2,10,2.6063620687300736e-06,1.7445237886648924e-05,140.17684552489274,478.5273685445129
5201,nominal,59,112,1.5,1.5190000000000001,54,3,11,15.227214502552526,55.7726254093922,19.68947205174772,83.87316714540593
5201,nominal,60,75,0.5,0.512,16,1,5,9.64266970442977e-07,2.7544705147876805e-06,40.58274601839372,59.83354265389218
5201,nominal,60,94,1.0,1.0060000000000007,35,2,10,2.9689819096478275e-06,1.5003318321523675e-05,127.77406294043618,442.9565197588305
5201,nominal,60,113,1.5,1.528,54,3,11,16.71933171491872,48.13281027032056,17.401743637158162,73.79769073035116
5201,nominal,61,76,0.5,0.512,16,1,5,1.2115550447649838e-06,2.2056025557050175e-06,38.48411739490799,69.95428384454613
5201,nominal,61,95,1.0,0.9999999999999996,35,2,10,3.164975896365983e-06,1.1967689524972276e-05,117.84773333850625,413.59706880592813
5201,nominal,61,114,1.5,1.5269999999999997,54,3,11,17.88991422542346,40.3649118922902,15.501937940808256,65.51054129806894
5201,nominal,62,77,0.5,0.5180000000000002,16,1,5,1.3817069159956318e-06,1.2445790531501756e-06,36.12351884042123,76.14833761861883
5201,nominal,62,96,1.0,1.0019999999999998,35,2,10,3.4400441346840086e-06,1.007589394111429e-05,107.5343102712967,381.97863152478385
5201,nominal,62,114,1.5,1.5019999999999998,53,3,11,17.889914246972147,40.3649118922902,15.501937947734945,65.5105413255352
5201,nominal,63,78,0.5,0.5179999999999998,16,1,5,1.7012011710509639e-06,9.87135052810344e-07,34.31660417030815,78.56150347740899
5201,nominal,63,97,1.0,1.0070000000000001,35,2,10,3.607912327277639e-06,8.192750827041132e-06,97.70821497638376,350.93197444863245
5201,nominal,63,115,1.5,1.5050000000000003,53,3,11,18.752063269067083,33.1595737682169,13.97059712453616,58.89772421846513
5201,nominal,64,79,0.5,0.5140000000000002,16,1,5,1.8657083025196973e-06,5.940824081578173e-07,32.64709599770771,79.50038724444032
5201,nominal,64,98,1.0,1.008,35,2,10,3.7502272376954082e-06,5.763658916360435e-06,89.29022177037186,323.7689697476852
5201,nominal,64,116,1.5,1.5069999999999997,53,3,11,19.439828212324493,25.47277491817904,12.546519357624963,52.74362107329435
5201,nominal,65,83,0.5,0.52,19,1,6,2.31900282056846e-06,1.969291776859362e-06,51.81249954722366,565.7088864661782
5201,nominal,65,101,1.0,1.0019999999999998,37,2,11,0.05231121409864311,1.937601201658864,67.31200917978906,262.7070961812823
5201,nominal,66,83,0.5,0.5009999999999999,18,1,5,2.0106036375633475e-06,1.9876400877086723e-06,10.125970994088751,41.83113193723466
5201,nominal,66,102,1.0,1.0099999999999998,37,2,10,0.2544319073074342,7.485962661514455,9.355268763675141,43.42503321693112
5201,nominal,67,84,0.5,0.5030000000000001,18,1,5,2.8166856638294242e-06,3.3386246187857427e-06,9.11181823385688,44.093561350352616
5201,nominal,67,103,1.0,1.0149999999999997,37,2,10,0.6740115455913015,16.137660844976942,8.223420658881274,43.53261868807315
5201,nominal,68,86,0.5,0.5099999999999998,19,1,7,1.1719202298044909e-06,1.1508126634038664e-05,9.948892233208205,32.15536848754721
5201,nominal,68,105,1.0,1.0230000000000001,38,2,10,2.627305744503343,42.72283476426902,6.061452541567061,37.474818121356506
5201,nominal,69,87,0.5,0.5089999999999999,19,1,7,7.227647546715012e-07,1.3522210805088108e-05,12.838795928859325,13.80964308836252
5201,nominal,69,106,1.0,1.0230000000000001,38,2,9,4.262103310944781,56.3723404209424,0.6803539065217002,5.888762165701969
5201,nominal,70,88,0.5,0.5049999999999999,19,1,7,8.050021512202111e-07,1.5534278149982143e-05,27.087826249292103,27.28361102660233
5201,nominal,70,107,1.0,1.0220000000000002,38,2,8,6.224349350971184,65.40820106792796,7.397465009655477,17.736880282515102
5201,nominal,71,90,0.5,0.528,20,1,6,1.3924593338264316e-06,1.7862402940906074e-05,37.191883667244205,1.6015829891431395
5201,nominal,71,108,1.0,1.017,38,2,7,8.160800057383787,69.15894780132408,13.615343672243158,34.5375920349776
5201,nominal,72,91,0.5,0.5120000000000005,20,1,5,2.048502468426673e-06,1.833541414481418e-05,36.72081630891038,22.896455872430153
5201,nominal,72,109,1.0,1.0140000000000002,38,2,6,10.874763692709434,67.84909803969397,12.38181279541933,33.60613482780151
5201,nominal,73,92,0.5,0.5089999999999999,20,1,5,2.5495129730006305e-06,1.8096536790669448e-05,35.61609315920836,39.45444794722559
5201,nominal,73,110,1.0,1.0070000000000001,38,2,6,12.432089091501192,64.88855672768905,11.60042615896992,32.55778603147864
5201,nominal,74,93,0.5,0.5139999999999998,20,1,5,3.1803934690865583e-06,1.7446147404289135e-05,34.24424583089958,50.80919325903085
5201,nominal,74,111,1.0,1.0059999999999998,38,2,6,13.721353042066145,61.39352737370663,10.937619994131888,31.56220678421752
5201,nominal,75,94,0.5,0.5210000000000004,20,1,5,3.67687747089295e-06,1.5003790829062052e-05,32.597536900709585,58.8110624013012
5201,nominal,75,112,1.0,1.012,38,2,6,15.227213915113955,55.77262540939215,10.122178633451375,30.201537116350814
5201,nominal,76,95,0.5,0.5179999999999998,20,1,5,4.067278021624437e-06,1.1968143416996933e-05,31.08002274241333,63.22975848167968
5201,nominal,76,113,1.0,1.016,38,2,6,16.719330941753757,48.13281027032052,9.238154729914031,28.51690081019379
5201,nominal,77,96,0.5,0.5149999999999997,20,1,5,4.483326461533777e-06,1.0076226775724587e-05,29.295368117719978,66.0983373383863
5201,nominal,77,114,1.0,1.0149999999999997,38,2,6,17.889913309173256,40.36491189229019,8.459684318647005,26.84381019684437
5201,nominal,78,97,0.5,0.512,20,1,5,4.855325059332944e-06,8.192940359758962e-06,27.412982940434077,67.22806941310955
5201,nominal,78,115,1.0,1.0100000000000002,38,2,6,18.75206216758176,33.15957376821689,7.801665914754565,25.30840522299041
5201,nominal,79,98,0.5,0.5150000000000001,20,1,5,5.169758407249344e-06,5.763789072985506e-06,25.671351411987022,66.98584745002684
5201,nominal,79,116,1.0,1.0139999999999998,38,2,6,19.439826985853568,25.472774918179034,7.16134124224099,23.71573206504109
5201,nominal,80,99,0.5,0.5199999999999996,20,1,5,5.41271828664557e-06,4.133089650588363e-06,23.96036782655653,65.80707736485213
5201,nominal,81,99,0.5,0.5009999999999999,19,1,5,5.503280007843953e-06,4.13310256972049e-06,23.960367771918165,65.80707718181868
5201,nominal,82,100,0.5,0.5049999999999994,19,0,5,5.7459487552665285e-06,3.001598672711722e-06,22.298174434992294,63.930527062086966
5201,nominal,83,101,0.5,0.5049999999999999,19,1,5,0.05230995640294342,1.9376012228953507,10.039161636652269,35.328458864737854
5201,nominal,84,102,0.5,0.5089999999999999,19,1,5,0.2544315771089088,7.485962756746688,8.948884004787491,40.38064840269254
5201,nominal,85,103,0.5,0.5119999999999996,19,1,5,0.6740112444003815,16.137660950371775,7.883382008128538,40.980840278876286
5201,nominal,86,104,0.5,0.512,19,1,4,1.431067408798175,28.039105834685326,3.6686564177254306,25.55711213623063
5201,nominal,87,105,0.5,0.5130000000000003,19,1,3,2.627307090153317,42.722834812537826,0.07212584112511586,15.135743496866638
5201,nominal,88,106,0.5,0.5140000000000002,19,1,2,4.262105354431718,56.37234045664679,1.8284554856462842,9.98012057393806
5201,nominal,89,107,0.5,0.5170000000000003,19,1,1,6.224351699706183,65.40820109060951,2.4586596340120144,6.679605330410226
5201,nominal,90,108,0.5,0.5179999999999998,19,1,1,8.160802565644655,69.15894781631012,2.573073396974349,4.086202271340873
5201,nominal,91,109,0.5,0.5289999999999999,19,1,1,10.874766866988677,67.84909804800745,2.6119952089508307,0.9730101238551327
5201,nominal,92,109,0.5,0.5019999999999998,18,1,1,10.874767203968439,67.84909804905655,2.6119952669988544,0.9730099615953058
5201,nominal,93,111,0.5,0.5190000000000001,19,1,1,13.721356950284918,61.39352737859181,2.573706212703783,1.3895692078588198
5201,nominal,94,112,0.5,0.5190000000000001,19,1,1,15.227218127803976,55.7726254128817,2.506933507131359,2.473065041469898
5201,nominal,95,113,0.5,0.5219999999999994,19,1,1,16.71933547173263,48.1328102725857,2.4014641088987734,3.40224602104197
5201,nominal,96,114,0.5,0.5270000000000001,19,1,1,17.88991795671185,40.36491189365315,2.285826764505801,3.9875034018521056
5201,nominal,97,114,0.5,0.5,18,1,1,17.88991811228085,40.36491189382185,2.2858267945568014,3.987503485235443
5201,nominal,98,116,0.5,0.5249999999999995,19,1,1,19.439832100785104,25.472774918811975,2.0505003353249305,4.546561662181524
5202,nominal,3,20,0.5,0.5099999999999999,18,0,0,1.823873390094377e-06,1.7389183426530508e-08,0.0,0.0
5202,nominal,3,38,1.0,1.0019999999999998,36,2,2,4.943856399506785,12.319537451598663,6.66712631117046,256.42793042086254
5202,nominal,3,57,1.5,1.5159999999999998,55,2,6,5.626641583173637,0.002033301906124052,29.38766452328893,87.36768134395595
5202,nominal,4,21,0.5,0.5069999999999999,18,0,0,1.922410888255399e-06,1.1189982274117938e-08,0.0,0.0
5202,nominal,4,40,1.0,1.025,37,2,2,5.334004119069164,5.856528664579477,27.15830013630706,388.2875156381101
5202,nominal,4,58,1.5,1.513,55,2,6,5.626675599738633,0.0012116161781250412,27.058569758109545,83.18195739938554
5202,nominal,5,22,0.5,0.5000000000000001,18,0,0,1.4225184941096813e-06,0.0,0.0,0.0
5202,nominal,5,41,1.0,1.025,37,2,2,5.449530320647909,3.6101763467649093,38.27839239964358,347.50285829919915
5202,nominal,5,59,1.5,1.509,55,2,6,5.626696436034877,0.0007207518031293603,24.856751994926874,78.63634995871428
5202,nominal,6,24,0.5,0.5279999999999998,19,0,0,1.4501091527563403e-06,1.4210854715202004e-14,0.0,0.0
5202,nominal,6,42,1.0,1.0199999999999998,37,2,3,5.510469759307625,2.437572428316937,44.6654216912313,255.481167870099
5202,nominal,6,60,1.5,1.507,55,2,6,5.626708667958383,0.0004280768171724958,22.787574930061165,73.89918200829692
5202,nominal,7,25,0.5,0.518,19,0,0,1.2811195801987196e-06,0.0,0.0,0.0
5202,nominal,7,43,1.0,1.0130000000000001,37,2,4,5.553033482546994,1.5764262900417307,49.17550842732563,167.04024086432247
5202,nominal,7,62,1.5,1.53,56,2,6,5.626720561198113,0.00014754482239709432,18.99302329978571,64.16364187856837
5202,nominal,8,27,0.5,0.5209999999999999,20,0,0,1.1760290590245859e-06,0.0,0.0,0.0
5202,nominal,8,45,1.0,1.0179999999999998,38,2,6,5.597605934293938,0.641279054718396,52.95568221445731,42.85968358730685
5202,nominal,8,63,1.5,1.5059999999999998,56,2,6,5.626723105644487,9.233587275048194e-05,17.492905350843138,60.004718173886694
5202,nominal,9,28,0.5,0.5289999999999999,20,0,0,1.133871819547494e-06,0.0,0.0,0.0
5202,nominal,9,46,1.0,1.022,38,2,6,5.608307543976707,0.4115938968612767,53.021112020117954,2.5165270773906627
5202,nominal,9,64,1.5,1.5119999999999998,56,2,6,5.626724888497165,5.455856108937951e-05,15.939103677107362,55.49291762915066
5202,nominal,10,28,0.5,0.51,19,0,0,1.040500251292542e-06,0.0,0.0,0.0
5202,nominal,10,46,1.0,1.0030000000000001,37,2,6,5.608307637348275,0.4115938968612767,53.021112020117954,2.5165270773906627
5202,nominal,10,65,1.5,1.524,56,2,6,5.626726128426299,3.0425298433556236e-05,14.366611671305332,50.72554951870747
5202,nominal,11,29,0.5,0.516,19,1,1,0.03941489309318058,1.5766346866788865,0.0,0.0
5202,nominal,11,47,1.0,1.01,37,2,6,5.615139049265963,0.26274118234323396,52.284480150849824,28.33199837938787
5202,nominal,11,65,1.5,1.5050000000000001,55,2,6,5.626726220090745,3.0425298433556236e-05,14.366611671305332,50.72554951870747
5202,nominal,12,30,0.5,0.5150000000000001,19,1,1,0.22347516438219373,6.817046218910924,0.0,0.0
5202,nominal,12,48,1.0,1.0090000000000001,37,2,6,5.619567992816087,0.16402977945887187,50.874184703845806,52.233168954390635
5202,nominal,12,66,1.5,1.5050000000000001,55,2,6,5.62672691754301,1.7937140256663042e-05,13.060265637075643,46.655216036657905
5202,nominal,13,31,0.5,0.516,19,1,1,0.6678775811084279,15.324220759534974,0.0,0.0
5202,nominal,13,49,1.0,1.0090000000000001,37,2,6,5.622372644448092,0.10016021312544865,48.91438444886908,69.99287097102803
5202,nominal,13,67,1.5,1.5040000000000002,55,3,7,5.574412117773818,1.9375913512207035,11.989306699125812,39.66514629456526
5202,nominal,14,32,0.5,0.5129999999999999,19,1,1,1.3031350728140296,22.68776531243754,0.0,0.0
5202,nominal,14,50,1.0,1.0039999999999998,37,2,6,5.624013894852169,0.06311880839621153,46.798864942352374,81.36613710968024
5202,nominal,14,68,1.5,1.5010000000000001,55,3,7,5.355401253758828,7.821824179386738,11.017407322156352,34.71069255948914
5202,nominal,15,33,0.5,0.5110000000000001,19,1,1,2.0266445009428935,26.796643402863996,0.0,0.0
5202,nominal,15,51,1.0,1.002,37,2,6,5.625065563514795,0.0389444775888137,44.39399742587463,89.0691702089247
5202,nominal,15,69,1.5,1.5000000000000002,55,3,7,4.86493913586628,17.51651069132764,10.14398719542368,31.19357643660554
5202,nominal,16,34,0.5,0.5130000000000001,19,1,1,2.829584249850086,27.687576408976696,0.0,0.0
5202,nominal,16,52,1.0,1.0010000000000003,37,2,6,5.625699852342905,0.024390926388264234,41.96674415699461,93.35589678377917
5202,nominal,16,71,1.5,1.5260000000000002,56,3,7,2.9345974023786994,43.40276093907002,8.678825966818554,26.61890820156923
5202,nominal,17,35,0.5,0.5129999999999999,19,1,1,3.5274109750093885,25.845432714482566,0.0,0.0
5202,nominal,17,53,1.0,1.004,37,2,6,5.626125117496372,0.014168151650181926,39.105753382113456,95.36636299808727
5202,nominal,17,72,1.5,1.5310000000000001,56,3,7,1.0092895564139326,60.1658747261813,7.8939771844268485,24.526525019132357
5202,nominal,18,36,0.5,0.5130000000000001,19,1,1,4.088115337072736,22.428173545704663,0.0,0.0
5202,nominal,18,54,1.0,1.005,37,2,6,5.62635472643808,0.008827099242125769,36.63191174310626,95.14775673819534
5202,nominal,18,72,1.5,1.5060000000000002,55,3,7,1.0092895825935102,60.1658747261813,7.8939771844268485,24.526525019132357
5202,nominal,19,37,0.5,0.5190000000000001,19,1,1,4.623550164172684,16.73233739137692,0.0,0.0
5202,nominal,19,55,1.0,1.0040000000000002,37,2,6,5.626494566104839,0.005589900891891375,34.290676431010354,93.64941309004578
5202,nominal,19,73,1.5,1.5050000000000001,55,3,7,0.749616345790173,70.35623931478827,7.317797627077468,23.04718238308339
5202,nominal,20,38,0.5,0.5199999999999998,19,2,2,4.94385816314275,12.319537451598663,6.66712631117046,256.42793042086254
5202,nominal,20,56,1.0,1.0070000000000001,37,2,6,5.626588343384242,0.0033436805042867945,31.746591884850837,90.86016423964914
5202,nominal,20,74,1.5,1.5110000000000001,55,3,7,3.1560153063232974,77.62577507676644,6.65570798552506,21.3577307397135
5202,nominal,21,39,0.5,0.52,19,2,2,5.181736230129104,8.495642978647677,17.062824523388493,371.27492330923803
5202,nominal,21,57,1.0,1.006,37,2,6,5.6266434073419305,0.002033301906124052,29.38766452328893,87.36768134395595
5202,nominal,21,75,1.5,1.5120000000000002,55,3,7,5.467166664039837,79.6948771852021,6.079784189402529,19.859441480664803
5202,nominal,22,40,0.5,0.518,19,2,2,5.334006041480052,5.856528664579477,27.15830013630706,388.2875156381101
5202,nominal,22,58,1.0,1.006,37,2,6,5.626677522149521,0.0012116161781250412,27.058569758109545,83.18195739938554
5202,nominal,22,76,1.5,1.511,55,4,8,7.587923386572721,78.54933643169971,5.630163657774574,16.652613421006535
5202,nominal,23,41,0.5,0.5249999999999999,19,2,2,5.449531743166403,3.6101763467649093,38.27839239964358,347.50285829919915
5202,nominal,23,59,1.0,1.009,37,2,6,5.626697858553371,0.0007207518031293603,24.856751994926874,78.63634995871428
5202,nominal,23,77,1.5,1.521,55,4,9,10.176349069478126,74.0155155842321,5.082895016796546,15.636246513807734
5202,nominal,24,42,0.5,0.5229999999999999,19,2,3,5.51047111449634,2.437572428316937,44.6654216912313,255.481167870099
5202,nominal,24,60,1.0,1.01,37,2,6,5.626710023147098,0.0004280768171724958,22.787574930061165,73.89918200829692
5202,nominal,24,78,1.5,1.5290000000000001,55,4,10,12.54513406561894,67.93848497277128,4.573310564440703,14.559555320511947
5202,nominal,25,43,0.5,0.5190000000000001,19,2,4,5.553034749063386,1.5764262900417307,49.17550842732563,167.04024086432247
5202,nominal,25,61,1.0,1.0050000000000003,37,2,6,5.626717050550042,0.0002635424250456708,20.98209615469784,69.44149189619259
5202,nominal,25,79,1.5,1.5210000000000004,55,4,10,14.00426466222757,63.89239454370796,4.255328593504368,13.825314515653247
5202,nominal,26,44,0.5,0.5220000000000002,19,2,5,5.580292453602169,1.009542652693149,51.79847058385136,97.1467390975248
5202,nominal,26,62,1.0,1.012,37,2,6,5.626721842317693,0.00014754482239709432,18.99302329978571,64.16364187856837
5202,nominal,26,80,1.5,1.5180000000000002,55,4,10,15.256380895211022,60.31407118030272,3.979227370278882,13.147688076326006
5202,nominal,27,45,0.5,0.5229999999999999,19,2,6,5.597607072772121,0.641279054718396,52.95568221445731,42.85968358730685
5202,nominal,27,63,1.0,1.011,37,2,6,5.62672424412267,9.233587275048194e-05,17.492905350843138,60.004718173886694
5202,nominal,27,81,1.5,1.515,55,4,10,16.533911694986365,56.54817720091716,3.6938554850134455,12.407485633544297
5202,nominal,28,46,0.5,0.5230000000000001,19,2,6,5.608308594402047,0.4115938968612767,53.021112020117954,2.5165270773906627
5202,nominal,28,64,1.0,1.013,37,2,6,5.626725938922505,5.455856108937951e-05,15.939103677107362,55.49291762915066
5202,nominal,28,82,1.5,1.516,55,4,10,17.906916710527884,52.23291572700042,3.381939610553349,11.552442882711489
5202,nominal,29,47,0.5,0.5189999999999999,19,1,6,5.615139998101768,0.26274118234323396,52.284480150849824,28.33199837938787
5202,nominal,29,65,1.0,1.014,37,1,6,5.62672716892655,3.0425298433556236e-05,14.366611671305332,50.72554951870747
5202,nominal,29,83,1.5,1.5160000000000002,55,3,10,19.266177367834455,46.700564917275166,3.062971133758894,10.632287792297234
5202,nominal,30,48,0.5,0.5210000000000001,19,1,5,2.569708954069938e-06,4.780787307367973e-06,9.372814799114629,30.535282179582055
5202,nominal,30,66,1.0,1.0170000000000001,37,1,5,5.132236651661515e-06,7.433328619299573e-09,4.083879761958305,13.663526283427379
5202,nominal,30,84,1.5,1.531,55,3,9,3.706871197327158e-06,5.111297051128247e-06,30.519319788346394,11.153608392288362
5202,nominal,31,49,0.5,0.522,19,1,5,2.5903133291649283e-06,5.995979108774918e-06,9.921595405104645,19.599312078644914
5202,nominal,31,67,1.0,1.0170000000000001,37,2,6,4.943323119732668e-06,1.5786476694756857e-06,3.651012106686779,16.03213493585495
5202,nominal,31,84,1.5,1.5039999999999998,54,3,9,3.4691715633449237e-06,5.111297051128247e-06,30.519319788346394,11.153608392288362
5202,nominal,32,50,0.5,0.5189999999999999,19,1,5,2.453360366416746e-06,3.053037090694488e-06,10.2023441548517,10.798031080078403
5202,nominal,32,68,1.0,1.0160000000000002,37,2,6,4.670249836635776e-06,3.868089407887965e-06,3.1903769783334455,16.451254059181714
5202,nominal,32,85,1.5,1.5050000000000001,54,3,9,3.2917382077294584e-06,4.530373062439815e-06,30.26012484179034,8.639826613256929
5202,nominal,33,51,0.5,0.518,19,1,5,2.494541149644647e-06,3.349084607862096e-06,10.284256691002252,3.0338005671775363
5202,nominal,33,69,1.0,1.0160000000000002,37,2,6,4.448818913260766e-06,6.637700266765023e-06,2.7506512447323965,15.704490003884771
5202,nominal,33,86,1.5,1.502,54,3,9,3.218549991593654e-06,3.78943006756578e-06,29.71793016648638,21.68778598050615
5202,nominal,34,52,0.5,0.5170000000000001,19,1,5,2.4938894966908265e-06,1.6736032080189034e-06,10.205041474731917,3.046737260464795
5202,nominal,34,70,1.0,1.015,37,2,6,4.363306516097509e-06,9.435363068632796e-07,2.3742985774236747,14.475102353469534
5202,nominal,34,88,1.5,1.522,55,3,9,3.320247652002196e-06,3.2807018505764427e-06,28.049410997018317,39.303191596671994
5202,nominal,35,53,0.5,0.518,19,1,5,2.6211346266791224e-06,1.348894585362359e-06,9.94734059920249,8.590025348932429
5202,nominal,35,71,1.0,1.0130000000000001,37,2,6,4.165957534496556e-06,6.468546615678861e-06,2.024361268520282,12.960640761813405
5202,nominal,35,89,1.5,1.5199999999999998,55,3,9,3.33842954145731e-06,2.5268870750662974e-06,26.81275733549414,45.801985064247205
5202,nominal,36,54,0.5,0.5169999999999999,19,1,5,2.6661754191081855e-06,6.364919329371332e-07,9.633224577643727,12.081384052803486
5202,nominal,36,72,1.0,1.0180000000000002,37,2,6,3.702490062096331e-06,1.5922871853035758e-05,1.6689980366429213,11.105100426776415
5202,nominal,36,90,1.5,1.52,55,3,9,3.381526693661001e-06,1.877007367414674e-06,25.45819068494778,50.16913294466637
5202,nominal,37,55,0.5,0.5170000000000001,19,1,5,2.7221584559811163e-06,5.254554196199024e-07,9.268489272145855,14.58941161370386
5202,nominal,37,73,1.0,1.018,37,2,6,3.3751072123777703e-06,1.3302780999424613e-05,1.4256004890317766,9.735901815337296
5202,nominal,37,91,1.5,1.523,55,3,9,3.462405360022936e-06,1.314429561970593e-06,23.978063492136066,52.861682991680986
5202,nominal,38,56,0.5,0.5130000000000001,19,0,5,2.8086344627809012e-06,4.5030230921838665e-07,8.803870092413609,16.593540256485426
5202,nominal,38,74,1.0,1.0170000000000001,37,1,6,3.1128483897191472e-06,8.0239207633781e-06,1.1723488808202693,8.169406349445438
5202,nominal,38,92,1.5,1.518,55,2,9,3.495302970775216e-06,9.306303750678237e-07,22.51966244074604,54.01485177099
5202,nominal,39,57,0.5,0.514,19,0,4,2.9349560008995468e-06,3.5962750644102925e-07,8.319753017785771,17.75297393714022
5202,nominal,39,75,1.0,1.0200000000000002,37,1,5,11.093890629639873,79.69487733089849,0.9725658358603863,6.883637441563417
5202,nominal,39,93,1.5,1.5190000000000003,55,2,8,30.42607940075189,7.144777061772618,21.05971641253846,54.071875689706225
5202,nominal,40,58,0.5,0.514,19,0,4,2.8245367502677254e-06,2.562005647632759e-07,7.804414246066993,18.404947773120114
5202,nominal,40,76,1.0,1.019,37,2,6,13.214635226519633,78.54933651859042,4.360137997918055,125.46563700198097
5202,nominal,40,94,1.5,1.519,55,2,8,30.586723428214057,5.764065387205802,19.568954502644115,53.241494638924706
5202,nominal,41,59,0.5,0.516,19,0,4,3.066431077058951e-06,1.8148679714613536e-07,7.284361043869388,18.573321843807307
5202,nominal,41,77,1.0,1.028,37,2,7,15.802682243998413,74.01551562859594,10.939969502204557,187.99518561062558
5202,nominal,41,95,1.5,1.5190000000000001,55,2,8,30.708708359436347,4.7159090060289826,18.221016400074678,51.843771962874975
5202,nominal,42,60,0.5,0.512,19,0,4,2.445398877171101e-06,1.187333396046597e-07,6.76983919791654,18.37577414924124
5202,nominal,42,78,1.0,1.0310000000000001,37,2,8,18.169737973159226,67.93848499531721,17.338480915682492,182.81461147738975
5202,nominal,42,96,1.5,1.516,55,2,8,30.817200783222997,3.7617564851487737,16.77697039280273,49.79468774206538
5202,nominal,43,61,0.5,0.5130000000000003,19,0,3,2.3891437876955024e-06,6.331075041998702e-08,2.596929277583633,3.634079403022298
5202,nominal,43,78,1.0,1.0060000000000002,36,2,7,18.16973811150908,67.93848499531738,7.545537239396305,88.53762063335242
5202,nominal,43,97,1.5,1.5190000000000001,55,2,7,30.90128957660293,3.020411747045931,10.880777867987142,27.013750005792012
5202,nominal,44,62,0.5,0.5169999999999999,19,0,2,2.2686492684442783e-06,3.263295411670697e-08,0.6011788471324341,0.025623291161039674
5202,nominal,44,79,1.0,1.0020000000000002,36,2,6,19.626704740528922,63.89239455811237,3.350147273053155,36.774856336008526
5202,nominal,44,98,1.5,1.521,55,2,6,30.970580819301023,2.403360206712701,5.320364362916799,11.31366967662769
5202,nominal,45,63,0.5,0.5149999999999997,19,0,1,1.99391820387973e-06,2.1386739490480977e-08,0.00601533751880169,0.04843513574304836
5202,nominal,45,81,1.0,1.0189999999999997,37,2,5,22.148947957478608,56.54817720697552,0.429362132864639,3.0818093716465285
5202,nominal,45,99,1.5,1.517,55,2,5,31.016458295109043,2.0064461765532458,0.20168922180623425,0.06797407555679058
5202,nominal,46,64,0.5,0.516,19,0,0,1.7887192598209367e-06,1.4190391084412113e-08,7.447136602794263e-06,7.650326011798825e-06
5202,nominal,46,82,1.0,1.0190000000000001,37,2,4,23.514992368030665,52.2329157305418,0.7319984647911395,1.2211926165525426
5202,nominal,46,100,1.5,1.5170000000000003,55,2,4,31.059999929496577,1.6221906648787168,0.16959623508906585,0.6174856404692335
5202,nominal,47,65,0.5,0.5209999999999999,19,0,0,2.175349322897091e-06,7.905271104391431e-09,6.064264199729364e-06,4.0599678250430316e-06
5202,nominal,47,83,1.0,1.0230000000000001,37,2,4,24.865781529360703,46.70056491923963,0.6910301632189004,1.3656227619331673
5202,nominal,47,101,1.5,1.517,55,2,4,31.094155662740736,1.3214447484769283,0.1548187491319555,0.5683670111793688
5202,nominal,48,66,0.5,0.5230000000000001,19,0,0,2.4900487005652394e-06,5.86010173719842e-09,4.912125466808922e-06,2.909576544141146e-06
5202,nominal,48,84,1.0,1.037,37,2,4,26.337348951110144,37.70022146149134,0.6326290137271213,1.4600434812613798
5202,nominal,48,102,1.5,1.5180000000000002,55,2,4,31.122806145527356,1.0673620982496963,0.1407595155991241,0.5207144661609746
5202,nominal,49,67,0.5,0.5230000000000001,19,1,1,0.05231300427772112,1.9376021146094615,0.08871190186786884,3.285804944714421
5202,nominal,49,84,1.0,1.0099999999999998,36,2,4,26.337349289816103,37.700221461491395,0.6326290262172868,1.460043528468674
5202,nominal,49,103,1.5,1.52,55,2,4,31.14722943154986,0.8477394105913559,0.12703457241958513,0.47327522274886746
5202,nominal,50,68,0.5,0.5230000000000001,19,1,1,0.2713243982567519,7.821830513253445,0.2184393906894872,4.6331141240211196
5202,nominal,50,85,1.0,1.012,36,2,4,27.26421024434236,31.26670328565938,0.5883434713664749,1.4761919136938957
5202,nominal,50,104,1.5,1.5190000000000001,55,2,4,31.165581564901867,0.6840197971768883,0.11535749069061246,0.4324856491466065
5202,nominal,51,69,0.5,0.5250000000000004,19,1,1,0.7617866402860045,17.516514415053408,0.35238810199171805,4.783857296651814
5202,nominal,51,86,1.0,1.0110000000000001,36,2,4,27.92518262632127,26.573819280338313,0.5517439606505508,1.4639867876701942
5202,nominal,51,105,1.5,1.52,55,3,5,31.18046037602916,0.5545110044085491,6.871728731306254,258.7809660747825
5202,nominal,52,70,0.5,0.524,19,1,1,1.520254175477362,29.171823722831505,0.46560323453559244,4.354426295245345
5202,nominal,52,87,1.0,1.0020000000000002,36,2,4,28.349041898905817,23.5985600659468,0.5257514348429023,1.4440372482136183
5202,nominal,52,106,1.5,1.5260000000000002,55,3,5,31.194731206789342,0.43507850958304006,19.215507252338284,374.0539019233779
5202,nominal,53,71,0.5,0.5249999999999999,19,1,1,2.6921287174741337,43.402762298810245,0.5635896056262701,3.629104953660587
5202,nominal,53,88,1.0,1.005,36,2,4,28.910342008213235,19.358537207003415,0.4852277791000514,1.397374849444077
5202,nominal,53,106,1.5,1.5,54,3,5,31.194731228227266,0.43507850958304006,19.21550723727039,374.05390198318537
5202,nominal,54,72,0.5,0.5270000000000001,19,1,1,4.617436825036407,60.16587546518549,0.6484233493897674,2.6510443642120443
5202,nominal,54,89,1.0,1.0019999999999998,36,2,4,29.342581896176124,16.010938160833874,0.4489970014880171,1.3418853102947708
5202,nominal,54,107,1.5,1.544,54,3,5,31.214353440943576,0.2667033501112461,40.88798752420605,292.87135241580273
5202,nominal,55,72,0.5,0.5010000000000003,18,1,1,4.6174368817808045,60.16587546515298,0.648423748819549,2.651043149414445
5202,nominal,55,90,1.0,1.0030000000000001,36,2,4,29.698182885168784,13.182459790849789,0.41447498778085345,1.2785983363440323
5202,nominal,55,107,1.5,1.5180000000000002,53,3,5,31.214353497384693,0.2667033501112461,40.88798751319518,292.8713524583012
5202,nominal,56,73,0.5,0.5009999999999999,18,1,1,6.376342919211879,70.35623977353731,0.6966263233314989,1.9280930989692688
5202,nominal,56,91,1.0,1.0059999999999998,36,2,4,29.997959452918902,10.727940916077223,0.38065525941982703,1.207851529848881
5202,nominal,56,108,1.5,1.5579999999999998,53,3,6,31.226434323216687,0.18691916017908233,46.93742772237904,93.06828305553256
5202,nominal,57,74,0.5,0.504,18,1,1,8.782742049437957,77.6257753305212,0.7308927646384952,1.105364975733103
5202,nominal,57,92,1.0,1.005,36,2,4,30.2339326725935,8.766519121006096,0.34995541856634327,1.137033922548511
5202,nominal,57,108,1.5,1.5299999999999998,52,3,6,31.22643445821358,0.18691916017908233,46.93742771947227,93.06828306660407
5202,nominal,58,75,0.5,0.5060000000000002,18,1,1,11.093893581656744,79.69487733094344,0.7443652866508367,0.4645688135221171
5202,nominal,58,93,1.0,1.0050000000000003,36,2,4,30.426082336237076,7.144777061772626,0.32118895424263166,1.065426600693911
5202,nominal,58,108,1.5,1.5030000000000001,51,3,6,31.226434567373964,0.18691916017908233,46.93742771889651,93.06828306879237
5202,nominal,59,76,0.5,0.5049999999999999,18,2,2,13.21463806293465,78.5493365186207,0.7942903529216175,1.8490721605091878
5202,nominal,59,94,1.0,1.005,36,2,4,30.586726248900213,5.764065387205805,0.29341970084091334,0.9917617738083351
5202,nominal,59,109,1.5,1.513,51,3,7,31.23236470336253,0.1569439607136741,47.90497810105885,25.461833225123655
5202,nominal,60,77,0.5,0.512,18,2,3,15.802685318552495,74.01551562861353,0.8196991466740328,0.7259637063639133
5202,nominal,60,95,1.0,1.0030000000000001,36,2,4,30.708711417203887,4.715909006028986,0.26937316182832455,0.9248686490125522
5202,nominal,60,110,1.5,1.521,51,3,7,31.23718784523213,0.13474138468894872,47.23647896623997,18.56943469464329
5202,nominal,61,78,0.5,0.5190000000000001,18,2,4,18.16974042325539,67.93848499532676,0.8162232619460578,0.09931242521906825
5202,nominal,61,96,1.0,1.004,36,2,4,30.817203220562366,3.7617564851487746,0.24464349626784812,0.8527496884311176
5202,nominal,61,111,1.5,1.5400000000000005,51,3,7,31.24236279453329,0.11074200037232511,44.64646440342197,55.10670081654075
5202,nominal,62,79,0.5,0.516,18,2,4,19.62670680644348,63.8923945581175,0.8048030226235505,0.49655086162439943
5202,nominal,62,97,1.0,1.0059999999999998,36,2,4,30.90129195556266,3.020411747045932,0.22262922432368207,0.7862268609429321
5202,nominal,62,111,1.5,1.5140000000000002,50,3,7,31.24236287372253,0.11074200037232511,44.64646439863043,55.10670079823029
5202,nominal,63,80,0.5,0.5060000000000002,18,2,4,20.87588796300682,60.314071189848235,0.7884171829975919,0.7802975149252518
5202,nominal,63,98,1.0,1.004,36,2,4,30.970583077138304,2.4033602067127022,0.2017223750738344,0.7209288734710952
5202,nominal,63,112,1.5,1.5170000000000003,50,3,7,31.245292732453358,0.08666981332228471,42.24640682154764,70.58993710405329
5202,nominal,64,81,0.5,0.504,18,2,4,22.148949949247438,56.548177206977655,0.7649725876101434,1.0193463591735679
5202,nominal,64,99,1.0,1.0020000000000002,36,2,4,31.01646027921185,2.0064461765532458,0.1862686511576721,0.6719061246410973
5202,nominal,64,113,1.5,1.5320000000000005,50,3,7,31.24748377426118,0.05509537875635751,39.01390333837443,80.81259649763635
5202,nominal,65,82,0.5,0.5030000000000001,18,2,4,23.51499415285226,52.23291573054317,0.7320003305162202,1.2211993035924138
5202,nominal,65,100,1.0,1.0010000000000003,36,2,4,31.060001709210507,1.622190664878717,0.16959654408834982,0.6174868523134549
5202,nominal,65,113,1.5,1.5040000000000004,49,3,7,31.24748390332787,0.05509537875635751,39.01390333719452,80.81259649311374
5202,nominal,66,83,0.5,0.5020000000000002,18,2,4,24.86578369693604,46.70056491924038,0.6910317640323247,1.3656284488429264
5202,nominal,66,102,1.0,1.0230000000000001,37,2,4,31.122808493509343,1.067362098249696,0.14075973238461165,0.5207153153671413
5202,nominal,66,114,1.5,1.5059999999999998,49,3,7,31.248644185553648,0.035360746783079065,36.22584047495457,84.48675175551323
5202,nominal,67,84,0.5,0.5139999999999998,18,1,4,26.337351429144707,37.70022146149174,0.6326302741413501,1.4600479620928581
5202,nominal,67,103,1.0,1.024,37,1,4,31.147231569977073,0.8477394105913559,0.1270347701592497,0.473275998201224
5202,nominal,67,116,1.5,1.521,50,2,7,31.249600244831576,0.018768575449716274,32.57146903616381,84.8527817030984
5202,nominal,68,85,0.5,0.5169999999999999,18,1,3,1.9634919584487947e-06,4.530329049472886e-06,30.11805154064212,7.594695650785184
5202,nominal,68,104,1.0,1.024,37,1,3,3.9895881663932905e-06,0.0,8.433203266897547,29.745103479019665
5202,nominal,68,117,1.5,1.5190000000000001,50,2,6,2.205780317525074e-06,1.4040012530368936e-06,8.184979306111716,5.511639091438568
5202,nominal,69,86,0.5,0.5139999999999998,18,1,3,1.9142848667207513e-06,3.789376013844683e-06,29.59803351286159,20.80071966676421
5202,nominal,69,105,1.0,1.0229999999999997,37,2,4,3.937034500884318e-06,2.2391838427927095e-06,7.516311464887464,33.95896147645789
5202,nominal,69,118,1.5,1.5159999999999996,50,2,6,2.0165503316629573e-06,1.0325837820352668e-06,7.9713205022687585,8.546351350335257
5202,nominal,70,87,0.5,0.504,18,1,3,1.9164013763529606e-06,4.0666253201999655e-06,29.083485365470885,28.58600008431553
5202,nominal,70,106,1.0,1.028,37,2,4,3.953401970958019e-06,3.4406582045691027e-06,6.387900369543001,34.19426830026339
5202,nominal,70,119,1.5,1.513,50,2,6,1.810232594643909e-06,7.46398967528101e-07,7.698953851731615,10.894665279548704
5202,nominal,71,88,0.5,0.5070000000000001,18,1,3,2.328660058623012e-06,3.2806831471485037e-06,27.962482532967286,38.6552661060002
5202,nominal,71,106,1.0,1.0020000000000002,36,2,4,4.078543030253052e-06,3.4406582045691294e-06,6.387900369369928,34.19426829897009
5202,nominal,71,120,1.5,1.5090000000000003,50,2,6,1.911976768302892e-06,5.714328494841597e-07,7.425194171685986,12.443616810037902
5202,nominal,72,89,0.5,0.5069999999999997,18,1,3,2.2469682040309414e-06,2.5268650609303126e-06,26.740415761251338,45.26172960628823
5202,nominal,72,107,1.0,1.049,36,2,4,4.035759377346543e-06,5.044007451726439e-07,4.4055656559589975,26.788309878817245
5202,nominal,72,121,1.5,1.5030000000000001,50,2,6,1.4908034508898447e-06,3.645144772716176e-07,7.140568181926604,13.553614211006241
5202,nominal,73,90,0.5,0.5019999999999998,18,1,3,2.156727534208544e-06,1.876978705756665e-06,25.398004132956594,49.71894678237827
5202,nominal,73,107,1.0,1.017,35,2,4,3.915990158289188e-06,5.044007451723184e-07,4.405565655843277,26.78830987804804
5202,nominal,73,123,1.5,1.5149999999999997,51,2,6,9.234012977720236e-07,2.0727993899096338e-07,6.496056342004262,14.924751898336389
5202,nominal,74,91,0.5,0.5049999999999999,18,1,3,2.292980175160351e-06,1.3144122665474237e-06,23.928303068128113,52.48932115716857
5202,nominal,74,108,1.0,1.057,35,2,5,3.878847365577e-06,2.8176915822834937e-07,0.1990560251611344,70.84036151318054
5202,nominal,74,124,1.5,1.5180000000000002,51,2,6,8.099436537833791e-07,1.445476129972114e-07,6.069700144629148,15.227005834901881
5202,nominal,75,92,0.5,0.5009999999999999,18,1,3,2.4049806648830378e-06,9.306209915067948e-07,22.478274105006747,53.704774296353506
5202,nominal,75,108,1.0,1.0259999999999998,34,2,5,3.881158479571625e-06,2.8176915822834116e-07,0.19905602526235236,70.84036151251456
5202,nominal,75,125,1.5,1.516,51,2,6,6.968695386983911e-07,1.0013515354759256e-07,5.630061501437389,15.159951949564359
5202,nominal,76,94,0.5,0.5269999999999997,19,0,3,2.6177546654480376e-06,4.3111008721661957e-07,19.54051134190542,53.02821787261348
5202,nominal,76,109,1.0,1.0349999999999997,34,1,6,3.7895387241726585e-06,7.037480607152703e-07,2.807545637789038,68.64448249345145
5202,nominal,76,126,1.5,1.5170000000000003,51,1,6,5.400588788221908e-07,6.25881284894419e-08,5.18624373549626,14.79392425926985
5202,nominal,77,94,0.5,0.5,18,0,2,2.4592043752539066e-06,4.2539669241190355e-07,0.725531573746181,0.710903848776141
5202,nominal,77,109,1.0,1.008,33,1,5,3.6308063124349168e-06,7.037473004345429e-07,46.749925420486406,19.877326515332186
5202,nominal,77,127,1.5,1.5670000000000006,51,1,5,4.656388048841633e-07,2.0359678404426705e-08,11.213568842940933,40.17859976668809
5202,nominal,78,96,0.5,0.52,19,0,1,2.6602114787636683e-06,1.6560319024804452e-07,0.00867709694430881,0.009168368344546707
5202,nominal,78,110,1.0,1.009,33,1,4,3.399561884224527e-06,3.843135075953906e-06,47.262052141531,18.79926983511274
5202,nominal,78,127,1.5,1.5320000000000005,50,1,4,4.630892345628719e-07,2.0359678404426705e-08,12.099867969705546,42.23027947019242
5202,nominal,79,97,0.5,0.5129999999999999,19,0,0,2.7778098584352948e-06,1.0781135986806504e-07,5.676426165983142e-06,3.5678273064831956e-06
5202,nominal,79,111,1.0,1.0210000000000004,33,1,3,2.8748042363457484e-06,8.326353281518205e-06,44.68489981283426,55.25179328720395
5202,nominal,79,128,1.5,1.5159999999999996,50,2,4,5.863469664398586e-07,8.199229602989022e-07,14.331219943425987,116.74080731566137
5202,nominal,80,98,0.5,0.5189999999999997,19,0,0,2.684756050286437e-06,6.77198145811429e-08,5.413740134619953e-06,6.779825206137957e-06
5202,nominal,80,112,1.0,1.032,33,1,3,2.217656231775919e-06,8.322476375610755e-06,42.280451566274195,70.71907230040964
5202,nominal,80,129,1.5,1.5149999999999997,50,2,4,9.354143969642572e-07,3.3798923113962426e-06,19.14649942779153,218.876312700667
5202,nominal,81,99,0.5,0.5209999999999999,19,0,0,2.9225096029869665e-06,4.5329935492621444e-08,5.099594942176743e-06,8.800706979172901e-06
5202,nominal,81,112,1.0,1.0110000000000001,32,1,3,2.2255286766850484e-06,8.322476205080498e-06,42.280451487654645,70.71907200871038
5202,nominal,81,130,1.5,1.5140000000000002,50,2,5,9.594157423607408e-07,6.64515853275487e-06,23.659484103557258,225.64920704131887
5202,nominal,82,100,0.5,0.5250000000000004,19,0,0,2.7894741195337175e-06,2.8953481294366312e-08,4.751365806211721e-06,5.268045448758585e-06
5202,nominal,82,113,1.0,1.0280000000000005,32,1,3,1.4996042366645572e-06,5.698815115806811e-06,39.043450354760665,80.92503544232471
5202,nominal,82,131,1.5,1.5110000000000001,50,2,6,1.152728909566329e-06,9.166830438222054e-06,27.60607391620883,197.32946410112368
5202,nominal,83,101,0.5,0.524,19,0,0,2.5547123537689633e-06,1.6310745769730508e-08,4.883442308691736e-06,5.291015291675194e-06
5202,nominal,83,113,1.0,1.0010000000000003,31,1,3,1.200025323767598e-06,5.6988149310657e-06,39.043450357398136,80.92503545240965
5202,nominal,83,132,1.5,1.5090000000000003,50,2,7,1.2467893964151172e-06,1.0723634091416808e-05,31.33995050851519,149.3550607805761
5202,nominal,84,102,0.5,0.5209999999999999,19,0,0,2.4159986430538566e-06,1.0304448395312756e-08,4.586821819876764e-06,2.3428271234138265e-06
5202,nominal,84,114,1.0,1.0039999999999996,31,1,3,9.055516324841641e-07,2.7443923897876082e-06,36.252079110607035,84.58700378643702
5202,nominal,84,133,1.5,1.5,50,2,8,1.4655516054746274e-06,6.694288222447233e-06,33.6197321627351,108.56100610798723
5202,nominal,85,103,0.5,0.5100000000000002,19,0,0,2.1993455978943075e-06,1.4210854715202004e-14,4.064006795892096e-06,4.83727510669496e-06
5202,nominal,85,116,1.0,1.0070000000000001,32,1,3,3.1078512898482213e-07,1.8689714664788013e-06,32.5938561732275,84.938988815855
5202,nominal,85,135,1.5,1.5080000000000005,51,2,10,1.7550202082361799e-06,6.506565224302281e-06,36.04353139936685,33.727478177424814
5202,nominal,86,104,0.5,0.5070000000000001,19,0,0,2.1037453124994567e-06,0.0,3.765572169575692e-06,2.446980865045134e-06
5202,nominal,86,117,1.0,1.0020000000000002,32,1,3,5.3014807497671584e-08,1.4040010398740708e-06,30.50530525284048,83.54203494255562
5202,nominal,86,136,1.5,1.5059999999999998,51,2,10,1.8068027228570698e-06,8.407868645776991e-06,36.135401851253555,3.281081398522531
5202,nominal,87,105,0.5,0.5089999999999999,19,1,1,2.0525531667827e-06,2.2390358225283383e-06,6.976430573591668,258.3861848056345
5202,nominal,87,118,1.0,1.0019999999999998,32,1,3,8.844639230898877e-08,1.0325836399267183e-06,28.472505016506943,81.31200753305
5202,nominal,87,137,1.5,1.5110000000000001,51,2,10,1.7718116971557781e-06,8.339811500055468e-06,35.50777610741338,20.92086580452093
5202,nominal,88,106,0.5,0.524,19,1,1,1.9573111085203145e-06,3.4408809028723384e-06,19.30857127558549,373.70123723393436
5202,nominal,88,119,1.0,1.009,32,1,3,3.4164398626862553e-07,7.463988254195506e-07,26.51076455853405,78.46961995581202
5202,nominal,88,138,1.5,1.52,51,2,10,1.831882884162804e-06,1.0281247751366648e-05,34.51573803475657,36.74215509797091
5202,nominal,89,107,0.5,0.569,19,1,1,1.8745985935410775e-06,5.045403739246443e-07,40.96089059847648,292.5989148385761
5202,nominal,89,120,1.0,1.0020000000000002,32,1,3,7.223195444029007e-07,5.714327357973209e-07,24.84750886300784,75.60253111054607
5202,nominal,89,139,1.5,1.5159999999999996,51,2,10,1.8887596302900278e-06,9.325259618014484e-06,33.33084756129786,47.395619662348764
5202,nominal,90,107,0.5,0.5420000000000003,18,1,1,1.768714970647699e-06,5.04561683101255e-07,40.960890590669315,292.59891485743674
5202,nominal,90,122,1.0,1.0150000000000006,33,1,3,1.1789233899984328e-06,2.9732966311371833e-07,21.995133914738034,69.83604197646878
5202,nominal,90,140,1.5,1.516,51,2,10,1.9095169232965367e-06,8.990284825002712e-06,31.833378397229882,55.46182422547537
5202,nominal,91,107,0.5,0.5150000000000001,17,1,1,1.6708556257726565e-06,5.04582821747618e-07,40.96089058197622,292.59891487755925
5202,nominal,91,123,1.0,1.013,33,1,3,1.3265045184460929e-06,2.072799105692542e-07,20.344159709756287,66.0389686958136
5202,nominal,91,141,1.5,1.5190000000000001,51,2,10,1.9578091350296948e-06,6.831401243688493e-06,30.000074101731826,61.11014839688718
5202,nominal,92,108,0.5,0.552,17,1,2,1.5244943090334768e-06,2.81687339232975e-07,46.99612852208829,92.84978840059324
5202,nominal,92,124,1.0,1.0130000000000003,33,1,3,1.5446582613020595e-06,1.44547584575501e-07,18.615499097213984,61.73787938354511
5202,nominal,92,142,1.5,1.5180000000000002,51,2,10,2.0074602153863064e-06,5.822638276349942e-06,28.275851016547794,63.860116779626395
5202,nominal,93,108,0.5,0.5249999999999999,16,1,2,1.4351127647304575e-06,2.816788695636369e-07,46.996128513644194,92.8497884216577
5202,nominal,93,125,1.0,1.0150000000000001,33,1,3,1.760161083633122e-06,1.0013512512588123e-07,16.95319907892154,57.32069148233766
5202,nominal,93,143,1.5,1.5189999999999997,51,2,10,2.0479538285576187e-06,4.6301246806157494e-06,26.457675275175053,64.93485091527384
5202,nominal,94,109,0.5,0.5359999999999996,16,1,3,1.2583256392526422e-06,7.036931215509613e-07,47.95636615296514,25.269392780921976
5202,nominal,94,126,1.0,1.0180000000000002,33,1,3,1.992330126659641e-06,6.258810006773136e-08,15.367203109298789,52.866533530756996
5202,nominal,94,144,1.5,1.5180000000000002,51,2,10,2.098598915485376e-06,2.5869096309904112e-06,24.775752146683907,64.6893526286528
5202,nominal,95,109,0.5,0.508,15,1,3,1.1529938603874161e-06,7.036891069845076e-07,47.95636606122909,25.269393056164063
5202,nominal,95,127,1.0,1.0670000000000006,33,1,3,2.9430650769772666e-06,2.0359678404426358e-08,12.113144117424119,42.26050826128492
5202,nominal,95,145,1.5,1.5180000000000002,51,2,10,2.1584681269513425e-06,2.1586969527295983e-06,22.999845437998655,63.42524197854348
5202,nominal,96,110,0.5,0.5179999999999998,15,1,3,8.567193106185506e-07,3.8431048778876155e-06,47.281732077504714,18.73983908060916
5202,nominal,96,127,1.0,1.0410000000000004,32,1,3,3.0058182360931492e-06,2.0359678404426384e-08,12.113144072079994,42.26050809197313
5202,nominal,96,146,1.5,1.5190000000000001,51,2,10,2.184756983111739e-06,1.9323309412997646e-06,21.339831686203286,61.481992180453005
5202,nominal,97,111,0.5,0.5360000000000005,15,1,3,1.96821119412046e-07,8.326338175379635e-06,44.684898114804916,55.25178743589345
5202,nominal,97,127,1.0,1.0120000000000005,31,1,3,3.1300093823463383e-06,2.035967840442635e-08,12.113144014305014,42.260507876952595
5202,nominal,97,147,1.5,1.5200000000000005,51,2,10,2.2545760447833843e-06,1.506834866993086e-06,19.577596010585484,58.74119162291878
5202,nominal,98,111,0.5,0.5080000000000005,14,1,3,9.276617163887221e-08,8.32633719483066e-06,44.684898044919635,55.25178722514835
5202,nominal,98,128,1.0,1.0029999999999997,31,2,4,3.3683841700081584e-06,8.199229602989022e-07,14.331219629590326,116.74080850437056
5202,nominal,98,148,1.5,1.52,51,2,10,2.3045544450638787e-06,1.3243395771842856e-06,18.01472567066174,55.81679948281844
5202,nominal,99,112,0.5,0.5130000000000003,14,1,3,4.6956400012732047e-07,8.32246691118151e-06,42.28044980243383,70.71906626558612
5202,nominal,99,130,1.0,1.0160000000000005,32,2,5,3.6509976697882537e-06,6.64515853275487e-06,23.659483812137,225.6492081511004
5202,nominal,99,149,1.5,1.5190000000000006,51,2,10,2.3635212646633e-06,1.1788537411313217e-06,16.5396819389332,52.680134601455634
5202,nominal,100,113,0.5,0.5300000000000002,14,1,3,1.2064609933304596e-06,5.698810497279024e-06,39.04344879954191,80.92503012022749
5202,nominal,100,131,1.0,1.013,32,2,6,3.8499594623620635e-06,9.166830438222054e-06,27.60607362865997,197.32946519799765
5202,nominal,100,150,1.5,1.5229999999999997,51,2,10,2.472440590170196e-06,1.0827547439465708e-06,15.201708697844746,49.55456543484922
5202,nominal,101,113,0.5,0.5030000000000001,13,1,3,1.2905787087902805e-06,5.698810184640221e-06,39.04344879507438,80.9250301099656
5202,nominal,101,132,1.0,1.0110000000000001,32,2,7,3.7190967602176186e-06,1.0723634091416808e-05,31.33995024476403,149.3550617908765
5202,nominal,101,151,1.5,1.5249999999999995,51,2,10,2.515834724157668e-06,9.70656299007064e-07,13.862722418253096,46.17194222827853
5202,nominal,102,114,0.5,0.5099999999999998,13,1,3,1.4263342933418424e-06,2.7443900165748636e-06,36.25207762354213,84.58699868975278
5202,nominal,102,133,1.0,1.0060000000000002,32,2,8,3.773891090323653e-06,6.694288222447233e-06,33.61973190110684,108.56100711170558
5202,nominal,102,152,1.5,1.5280000000000005,51,2,10,2.551710043553307e-06,8.490508032175511e-07,12.620614627732504,42.83130425523583
5202,nominal,103,115,0.5,0.5019999999999998,13,1,3,1.696628174840968e-06,2.5395448801646494e-06,34.632390622596525,85.24669110365598
5202,nominal,103,134,1.0,1.0,32,2,9,3.9018775295654885e-06,3.005044144580329e-06,35.13288911250088,72.055081730751
5202,nominal,103,152,1.5,1.5010000000000003,50,2,10,2.5946877150590326e-06,8.490508032175511e-07,12.620614627616122,42.83130425477784
5202,nominal,104,117,0.5,0.5220000000000002,14,1,3,1.966632190431041e-06,1.4040003151204775e-06,30.505304090350645,83.5420309193265
5202,nominal,104,136,1.0,1.0259999999999998,33,2,10,3.7634060534356787e-06,8.407868645776991e-06,36.13540165329087,3.2810821628007147
5202,nominal,104,154,1.5,1.5280000000000005,51,2,10,2.671770415510367e-06,4.694128592777151e-07,10.48283473305584,36.66823306368217
5202,nominal,105,118,0.5,0.5199999999999996,14,0,3,2.1200787116981824e-06,1.0325831141250922e-06,28.47250400783825,81.31200401717949
5202,nominal,105,137,1.0,1.029,33,1,10,3.6916067961469933e-06,8.339811500055468e-06,35.50777593936793,20.92086515439894
5202,nominal,105,154,1.5,1.5010000000000003,50,1,10,2.7151222303465792e-06,4.694128592777151e-07,10.482834732974139,36.66823306336132
5202,nominal,106,119,0.5,0.5180000000000002,14,0,2,1.9163860685012104e-06,7.230322580720609e-07,8.046075022138222,13.47032381427455
5202,nominal,106,137,1.0,1.0020000000000002,32,1,9,3.4315172750627e-06,8.339814961138164e-06,16.954964424484206,52.03408469195767
5202,nominal,106,155,1.5,1.501,50,1,9,2.5956316743142176e-06,4.073788446888107e-07,7.507633730917822,24.781984214573505
5202,nominal,107,120,0.5,0.5070000000000001,14,0,2,4.182242818728823e-06,7.800702803713062e-07,7.723366741668768,14.668547963713024
5202,nominal,107,139,1.0,1.0209999999999995,33,1,9,5.090489402866805e-06,9.325242884908827e-06,18.417917259258545,20.688376694509742
5202,nominal,107,157,1.5,1.5219999999999998,51,1,9,3.908926125624715e-06,2.8925291083039197e-07,6.299356693538765,21.581508865691113
5202,nominal,108,124,0.5,0.5260000000000002,17,0,2,3.922715428927885e-06,1.7582046041873547e-07,6.226216904533231,16.406827095566232
5202,nominal,108,141,1.0,1.004,34,1,9,4.027671127795153e-06,6.831396807939189e-06,18.451436865543304,5.290674864574669
5202,nominal,108,159,1.5,1.5050000000000003,52,2,10,0.0865229114554354,2.791070436688691,5.054476409057326,23.305844718217763
5202,nominal,109,126,0.5,0.5200000000000005,18,0,1,3.4660265484377065e-06,6.563342938831673e-08,0.46345866395247487,0.003329931941308928
5202,nominal,109,144,1.0,1.0200000000000005,36,1,8,3.134909641970049e-06,2.5869093387016524e-06,12.727769351541193,48.62247220930395
5202,nominal,109,162,1.5,1.5179999999999998,54,2,9,1.4766553052436622,27.377365957616032,1.8302689538186596,1.2238080514802085
5202,nominal,110,127,0.5,0.5590000000000006,18,0,0,4.018763696933626e-06,2.012968993190654e-08,6.137389757299389e-06,8.079790820403332e-06
5202,nominal,110,145,1.0,1.0100000000000002,36,1,7,2.861255814333576e-06,2.1586969947579845e-06,20.593475157925372,54.062357058359396
5202,nominal,110,163,1.5,1.5050000000000003,54,2,8,2.355030956552768,35.13503489530325,4.903197993658864,10.483260553105719
5202,nominal,111,127,0.5,0.5230000000000006,17,0,0,3.538884925546927e-06,1.8821609178248226e-08,5.603007666604736e-06,6.472451573813487e-06
5202,nominal,111,146,1.0,1.0010000000000003,36,1,7,2.4901442928086728e-06,1.9323311401724754e-06,19.162771916165944,52.98901496736667
5202,nominal,111,165,1.5,1.5220000000000002,55,2,8,4.518010338461137,41.56975224028881,4.363707111512547,10.107884654279925
5202,nominal,112,129,0.5,0.5169999999999995,18,1,1,3.0477238015171707e-06,3.3818010705517092e-06,8.617771502921814,256.350290701964
5202,nominal,112,148,1.0,1.0119999999999996,37,1,7,2.126800998083111e-06,1.324339753502264e-06,16.25877868738991,48.93805694200441
5202,nominal,113,130,0.5,0.5030000000000001,18,1,2,2.692857225011428e-06,6.647142677129979e-06,13.836151174887533,260.91888889599807
5202,nominal,113,149,1.0,1.0060000000000002,37,1,7,2.078743624245451e-06,1.1788538963517665e-06,14.957609689867091,46.47033198968583
5202,nominal,114,132,0.5,0.508,19,1,4,2.113315161059974e-06,1.0724674532603099e-05,22.94589667850804,180.0012993331806
5202,nominal,114,151,1.0,1.0219999999999994,38,1,7,2.180492097134246e-06,9.706563587112489e-07,12.579127606816973,41.11635695577241
5202,nominal,115,134,0.5,0.5170000000000003,20,1,6,2.2514555486948678e-06,3.005430213727046e-06,27.902593694227832,98.81874465133018
5202,nominal,115,152,1.0,1.0180000000000007,38,1,7,2.232265026574739e-06,8.490508263066018e-07,11.468764075369576,38.28840392817553
5202,nominal,116,135,0.5,0.5250000000000004,20,1,7,1.98898632023546e-06,6.506831051348846e-06,29.474315091400936,58.21189995260127
5202,nominal,116,153,1.0,1.0250000000000004,38,1,7,2.2974080258560886e-06,5.849189374793809e-07,10.538327597133804,35.786018497366705
5202,nominal,117,135,0.5,0.5010000000000003,19,1,7,1.960524499514334e-06,6.506847066933071e-06,29.474315260027737,58.211899436663344
5202,nominal,117,153,1.0,1.0010000000000003,37,1,7,2.304258261006476e-06,5.849189374793809e-07,10.538327627865698,35.78601861486448
5202,nominal,118,136,0.5,0.5039999999999996,19,1,7,1.7895022314804112e-06,8.408049202307437e-06,30.190515335870398,25.5785593201949
5202,nominal,118,154,1.0,1.0060000000000002,37,1,7,2.408172371534066e-06,4.694128703624448e-07,9.549056750530626,32.975698639274576
5202,nominal,119,137,0.5,0.5090000000000003,19,1,7,1.6493273948306167e-06,8.339922452598599e-06,30.167253333207107,0.7754148714410292
5202,nominal,119,155,1.0,1.008,37,1,7,2.4764834001485046e-06,4.0737885384094877e-07,8.724339111703369,30.54509965673614
5202,nominal,120,138,0.5,0.5110000000000001,19,1,7,1.5316560599887128e-06,1.02813198843459e-05,29.67119956956757,18.37237226613462
5202,nominal,120,156,1.0,1.0099999999999998,37,1,7,2.5474736359281354e-06,3.4604538966263515e-07,7.9623345292491905,28.222393752390097
5202,nominal,121,139,0.5,0.5139999999999993,19,1,7,1.3791343117300875e-06,9.3253093128625e-06,28.907611102268955,30.54354860077933
5202,nominal,121,157,1.0,1.0149999999999997,37,1,7,2.6869978827831866e-06,2.8925291083039197e-07,7.2598436492954255,26.018182615433002
5202,nominal,122,140,0.5,0.5199999999999996,19,1,7,1.3734178735065022e-06,8.990313615683983e-06,27.824338835335336,40.121205345974175
5202,nominal,122,158,1.0,1.0199999999999996,37,1,7,2.818081008751855e-06,1.9592731941068114e-07,6.635498122708399,24.013291032624732
5202,nominal,123,140,0.5,0.5009999999999994,18,1,7,1.3456845345001798e-06,8.99031686935408e-06,27.824338808169735,40.121205254477786
5202,nominal,123,158,1.0,1.0009999999999994,36,1,7,2.8950803695282134e-06,1.9592730889226788e-07,6.635498118048709,24.01329101454768
5202,nominal,124,141,0.5,0.5060000000000002,18,1,7,1.515393098135205e-06,6.831421104610175e-06,26.405266664039253,47.302413858269716
5202,nominal,124,159,1.0,1.0070000000000006,36,2,8,0.08652021146696741,2.791070436688691,6.112806792387747,16.861012236380645
5202,nominal,125,142,0.5,0.5049999999999999,18,1,7,1.665222465680117e-06,5.822652266207889e-06,25.019947947986907,51.308105131981364
5202,nominal,125,160,1.0,1.0039999999999996,36,2,8,0.29317505487095996,8.266197881217757,5.769828943186956,13.719114409103504
5202,nominal,126,143,0.5,0.5039999999999996,18,1,7,1.844949191528033e-06,4.6301344317017e-06,23.519931769303046,53.57201556628985
5202,nominal,126,161,1.0,1.0009999999999994,36,2,8,0.7374641139785177,17.0880454946307,5.460391736782932,11.901432602758277
5202,nominal,127,144,0.5,0.5,18,1,7,1.9953858272788893e-06,2.5869158487705925e-06,22.107222975760774,54.33495804662168
5202,nominal,127,163,1.0,1.0229999999999997,37,2,8,2.355028715297417,35.13503489530325,4.903198281711931,10.483261682062398
5202,nominal,128,147,0.5,0.508,20,0,7,2.847641851641328e-06,1.5068365067879666e-06,17.629045641104828,51.12426213927084
5202,nominal,129,148,0.5,0.5170000000000003,20,0,6,2.581287706525126e-06,1.1709331572047223e-06,13.090833388419883,32.021946160023944
5202,nominal,130,149,0.5,0.5230000000000006,20,0,6,1.6584654968116124e-06,2.8832778954662383e-07,12.197017419485535,31.92199575586737
5202,nominal,131,149,0.5,0.5030000000000001,19,0,5,1.4972212566577967e-06,5.484599959752037e-07,9.613324262072185,20.056409851707933
5202,nominal,132,150,0.5,0.5099999999999998,19,0,4,1.7325466758556322e-06,7.920395545082688e-07,6.276020830378381,10.544864286008334
5202,nominal,133,151,0.5,0.5139999999999993,19,0,3,1.9060116957360536e-06,8.414846000540666e-07,3.647467780145089,4.931502730776025
5202,nominal,134,152,0.5,0.5220000000000002,19,0,2,2.3890202114803474e-06,8.475813618857892e-07,1.4598183043969488,1.4956938602633087
5202,nominal,135,152,0.5,0.5010000000000003,18,0,1,2.7513693412254925e-06,9.375787078613355e-07,0.2919936813137427,0.17890306944159562
5202,nominal,136,153,0.5,0.5,18,0,0,2.4404216994517845e-06,6.44252851226877e-07,5.1174723311525e-06,5.6664006322648675e-06
5202,nominal,137,154,0.5,0.5020000000000007,18,0,0,2.0874484537513754e-06,4.013870838936579e-07,4.842144918041241e-06,4.295057607350827e-06
5202,nominal,138,156,0.5,0.5259999999999998,19,0,0,2.03649450684054e-06,3.166290251586222e-07,4.228125860121608e-06,4.096990195989747e-07
5202,nominal,139,157,0.5,0.5259999999999998,19,0,0,1.7744855497586816e-06,2.6198541703775393e-07,4.108372582143767e-06,2.464133299184823e-06
5202,nominal,140,157,0.5,0.5010000000000003,18,0,0,1.6795087221157626e-06,2.7781472051697596e-07,3.6347174326487957e-06,1.024413347039399e-06
5202,nominal,141,158,0.5,0.5,18,0,0,1.5159980579989075e-06,1.8360332597632013e-07,3.5825192378829897e-06,3.8265664414893763e-07
5202,nominal,142,159,0.5,0.5010000000000003,18,1,1,0.086521704860421,2.791070438016061,0.15238044647200405,4.915599242990215
5202,nominal,143,161,0.5,0.5249999999999995,19,1,1,0.7374658945359416,17.08804549526333,0.48244209195859655,6.561788669580057
5202,nominal,144,162,0.5,0.524,19,1,1,1.4766548538214064,27.377365958123526,0.643225084261636,5.954919248539024
5202,nominal,145,163,0.5,0.5229999999999997,19,1,1,2.3550307264717363,35.13503489557115,0.7693452045521921,5.044787131049752
5202,nominal,146,164,0.5,0.5220000000000002,19,1,1,3.4371969932426576,40.080229310629974,0.8752393036494129,3.9219986268400877
5202,nominal,147,165,0.5,0.5209999999999999,19,1,1,4.518010616870226,41.56975224043595,0.9494520186868152,2.854334412440151
5201,no_history,3,16,0.5,0.502,14,1,1,0.08516389198150912,3.9513567430174286,0.10823916922998854,7.694309398935342
5201,no_history,3,30,1.0,1.034,28,2,6,19.89239617454392,16.071512429697236,38.43274878744791,51.45041148337057
5201,no_history,3,47,1.5,1.502,45,3,7,13.201578699704111,37.95147908460057,4.7343234767548985,63.207010411051975
5201,no_history,4,18,0.5,0.528,15,1,1,0.9836599170749041,21.49303156058682,0.3670834424052278,4.853127024693118
5201,no_history,4,30,1.0,1.0050000000000001,27,2,6,19.8924726887337,16.071515222794215,38.433305921995846,51.45347487244655
5201,no_history,4,49,1.5,1.523,46,4,8,11.65086412716277,28.92513630137846,2.302222573006484,41.65260175969519
5201,no_history,5,19,0.5,0.5740000000000001,15,1,1,5.074795702880861,52.611059433258674,0.004939281302823186,5.130920470488473
5201,no_history,5,31,1.0,1.0030000000000001,27,2,6,20.207815870246737,11.254820427875133,36.690620564919655,61.921517677138894
5201,no_history,5,50,1.5,1.52,46,4,9,10.979464632465882,24.9157304336266,1.5247908583420078,29.99542082129473
5201,no_history,6,19,0.5,0.538,14,1,1,5.074720977660573,52.61106717054943,0.004306985685526831,5.1344651261459315
5201,no_history,6,33,1.0,1.0179999999999998,28,2,6,20.547852645424314,5.422701194920888,33.09612013553621,72.24636469770715
5201,no_history,6,51,1.5,1.5070000000000001,46,4,10,10.475625880226035,21.985026695986548,0.9920145749977626,24.446024036970385
5201,no_history,7,20,0.5,0.518,14,1,1,7.156965988544137,57.98489403965115,0.06583357951147183,0.1925505301865713
5201,no_history,7,35,1.0,1.0219999999999998,29,2,6,20.714710687542098,2.118051261910551,28.640952980101435,74.07084442769185
5201,no_history,7,53,1.5,1.537,47,4,10,9.140494257287912,13.942319985247648,0.13712733828952603,10.235721759343733
5201,no_history,8,21,0.5,0.5309999999999999,14,1,1,9.396923815517065,57.48332612305588,0.27776541072889294,4.356023364670086
5201,no_history,8,36,1.0,1.027,29,2,6,20.75425142642584,1.2756336153248808,26.38755875733918,72.44365084549626
5201,no_history,8,53,1.5,1.511,46,4,10,9.140577199750233,13.942318526853585,0.13722839218081134,10.23488296224437
5201,no_history,9,22,0.5,0.5169999999999999,14,1,1,10.78901748543361,55.6320626243704,0.25878446960631357,0.9443863610576937
5201,no_history,9,37,1.0,1.0190000000000001,29,2,6,20.77803020341404,0.7608451571694279,24.219232968918668,69.82471803283077
5201,no_history,9,54,1.5,1.504,46,4,10,8.7703335112366,11.702680359435375,0.36474859064449866,6.954378551811914
5201,no_history,10,23,0.5,0.5269999999999999,14,2,2,12.93496861466527,43.97411754099513,15.354004645098692,302.5658004133061
5201,no_history,10,38,1.0,1.0130000000000001,29,3,7,20.743905052115924,1.1234741803899941,22.017482996670545,67.83166867894107
5201,no_history,10,55,1.5,1.503,46,4,10,8.428800990222618,9.320398279605142,0.5285113883923489,4.106662661967363
5201,no_history,11,24,0.5,0.5389999999999999,14,2,2,14.39491243324852,35.6417758852884,27.82162466026021,303.58928843424206
5201,no_history,11,39,1.0,1.014,29,3,7,20.527691013903045,7.288156402137163,19.87780219606842,70.75806905684799
5201,no_history,11,57,1.5,1.522,47,4,10,8.079246130117927,6.713422063344619,0.6620145557402878,2.574273710265743
5201,no_history,12,24,0.5,0.5049999999999999,13,2,2,14.39489275583416,35.641856344790355,27.822625399632138,303.5855367174202
5201,no_history,12,40,1.0,1.0070000000000001,29,3,7,20.089631043828902,16.328733217505036,17.825983576086546,75.15374932680643
5201,no_history,12,58,1.5,1.52,47,4,10,7.911675597931897,5.264327231462166,0.7014294375361688,1.2904012273119463
5201,no_history,13,26,0.5,0.518,14,2,4,16.044229991262004,31.052911670228838,38.11182600057465,160.45106255827199
5201,no_history,13,42,1.0,1.0240000000000002,30,3,7,18.30067304242248,36.68368853354661,13.46762694992248,77.87013542487577
5201,no_history,13,59,1.5,1.503,47,4,10,7.814620112178796,4.423003234952222,0.722435465441523,1.2003206952109338
5201,no_history,14,29,0.5,0.5189999999999999,16,1,6,18.881604542740455,27.683299711761673,41.610039120852534,5.403340506419852
5201,no_history,14,45,1.0,1.0040000000000002,32,2,7,15.029930213056472,43.4325080313613,7.764676183712469,71.7616764749964
5201,no_history,14,63,1.5,1.51,50,3,10,7.545776428834223,1.827141395536962,0.7260416922955619,0.0613114129855461
5201,no_history,15,29,0.5,0.5029999999999999,15,1,5,0.002022266376128969,0.032496915075420324,14.12773462811844,86.10283253563813
5201,no_history,15,46,1.0,1.011,32,2,6,0.023841643961234303,0.00444286636355304,6.905218603676632,46.07884652782202
5201,no_history,15,64,1.5,1.579,50,3,9,0.031123190554937976,0.016870180452792847,6.112391214669645,78.16746902770156
5201,no_history,16,30,0.5,0.5490000000000002,15,1,5,0.005561637890119843,0.1330807668921931,11.77445234287746,24.17109262042746
5201,no_history,16,47,1.0,1.0170000000000001,32,2,6,0.023874015841555518,0.004272728614205498,5.952119138130109,41.11266639782705
5201,no_history,16,64,1.5,1.562,49,3,9,0.031166249633077125,0.016870181346763276,6.112391858525106,78.16747300967303
5201,no_history,17,30,0.5,0.532,14,1,5,0.00558277866454873,0.13308074932031527,11.774597235456275,24.172418753795142
5201,no_history,17,47,1.0,1.0,31,2,6,0.023860071871828658,0.004272731288993886,5.9521323460347,41.112754983520254
5201,no_history,17,64,1.5,1.545,48,3,9,0.031195909637808026,0.016870183370071998,6.112392301975647,78.16747674115983
5201,no_history,18,30,0.5,0.506,13,1,5,0.005704452407403937,0.1330804639569289,11.774173394548692,24.16834887465339
5201,no_history,18,48,1.0,0.9999999999999998,31,2,6,0.02390855039435927,0.005821371381341629,5.019411863718203,35.58021368622682
5201,no_history,18,64,1.5,1.519,47,3,9,0.03133489605671626,0.016870181364871686,6.1123896183253335,78.16746135706408
5201,no_history,19,31,0.5,0.5050000000000001,13,1,5,0.009340562022794815,0.11376867977752622,12.480509147625435,19.45970714426582
5201,no_history,19,50,1.0,1.022,32,3,8,0.02404501126034464,0.0051175239261644296,0.9844804212969293,70.6115491966017
5201,no_history,19,65,1.5,1.5090000000000001,47,4,10,0.03138729339911958,0.002005019815370794,4.964280187863507,60.352566833510494
5201,no_history,20,34,0.5,0.5050000000000001,15,1,5,0.014716745940605808,0.04296923953037123,16.023592687248556,43.29778645042761
5201,no_history,20,52,1.0,1.003,33,3,9,0.023524630733580538,0.0037733939876896856,0.6699524466865114,0.25620032484954436
5201,no_history,20,67,1.5,1.5010000000000001,48,4,10,0.029007986780250905,0.015922530257635296,2.513494079038026,28.23833353665964
5201,no_history,21,35,0.5,0.5039999999999998,15,1,5,0.016505945405707528,0.04031223017398326,17.605651130607267,49.61618699878488
5201,no_history,21,53,1.0,1.019,33,3,9,0.02343877855598255,0.10619786096116747,2.140247609120168,0.8838328913421947
5201,no_history,21,69,1.5,1.5250000000000001,49,4,12,0.02884749469868577,0.022513719133012398,4.26988523994951,33.59387766292309
5201,no_history,22,37,0.5,0.5270000000000001,16,1,5,0.019556489047465708,0.03643958298134082,20.150738580195217,38.164306665926986
5201,no_history,22,54,1.0,1.012,33,3,9,0.023731822246239584,0.08994903060586369,0.510912008245333,47.88116073097416
5201,no_history,22,70,1.5,1.5190000000000001,49,4,13,0.028593155401688542,0.01015629404654523,5.501304418648886,33.19383165177658
5201,no_history,23,37,0.5,0.5020000000000002,15,0,5,0.019592780712408896,0.036439270668449465,20.151075482473857,38.163102298554236
5201,no_history,23,55,1.0,1.024,33,2,9,0.02427675937174158,0.08897360582174307,1.8450901176703576,69.144032506653
5201,no_history,23,71,1.5,1.537,49,3,14,0.027369720468332095,0.05302301938344163,6.992402311150793,28.464298415823976
5201,no_history,24,39,0.5,0.516,16,1,5,0.3710742741769611,9.876078151730493,7.416230978296332,48.04098016561322
5201,no_history,24,57,1.0,1.024,34,2,8,14.412639153184546,6.862363305416074,24.1896515733796,21.958467563753373
5201,no_history,24,72,1.5,1.52,49,3,13,15.104956701273348,0.2377455091825074,2.7492893656173756,31.76253109153828
5201,no_history,25,40,0.5,0.5020000000000002,16,1,5,0.9068730246393908,19.898083702872,8.713171855186308,50.10617954849701
5201,no_history,25,58,1.0,1.0150000000000001,34,2,8,14.583037522722167,5.361339733070899,23.380713980137404,24.75286638171005
5201,no_history,25,73,1.5,1.5010000000000003,49,3,13,15.108376608933186,0.2416245273701424,2.320222651417262,24.37819604241784
5201,no_history,26,41,0.5,0.5050000000000003,16,1,4,1.7422421335701976,31.228775329019605,7.329912183620862,49.434152127184305
5201,no_history,26,59,1.0,1.012,34,2,7,14.514355520114647,4.480279771936459,19.750215296891934,31.112268229633344
5201,no_history,26,75,1.5,1.524,50,3,12,14.958304080180248,0.2334168760539031,6.08043074061956,27.234024212413146
5201,no_history,27,42,0.5,0.5060000000000002,16,1,3,2.679186246928358,39.09349704710913,4.502724372267063,38.19938757741759
5201,no_history,27,60,1.0,1.0150000000000001,34,2,6,14.017875395645612,3.4652172366137557,14.348175944082197,26.75722004836912
5201,no_history,27,76,1.5,1.5270000000000001,50,3,11,14.35968345487683,0.12923798728870672,8.261575806007786,24.923990176390816
5201,no_history,28,43,0.5,0.5020000000000002,16,1,2,3.4692681930993032,42.220258648085625,1.9298539277449627,20.303554969274757
5201,no_history,28,61,1.0,1.012,34,2,5,13.3523821772943,2.788420246181447,7.151878855116943,10.82006467960315
5201,no_history,28,77,1.5,1.5300000000000002,50,3,10,13.617189217071717,0.05708335255267777,2.2006250734659467,6.6558070096899655
5201,no_history,29,44,0.5,0.5010000000000003,16,1,1,4.496800336394214,43.02235965176767,0.7141687168318102,10.225636317190244
5201,no_history,29,62,1.0,1.0060000000000002,34,2,4,12.940422699739216,2.2810040868713863,0.8728964682576186,1.9277329898856692
5201,no_history,29,77,1.5,1.5010000000000003,49,3,9,13.151167935964326,0.03486861529405614,3.210560122933023,2.0204154887821346
5201,no_history,30,46,0.5,0.508,17,1,1,6.462157576787021,40.743170141374975,1.3775339508060405,13.084712306895135
5201,no_history,30,64,1.0,1.076,35,2,4,13.054160519976795,0.801111553175501,0.7589518812854221,1.9848896123634887
5201,no_history,30,79,1.5,1.5050000000000003,50,3,9,13.152297335047374,0.032096164071077474,3.0622014149293255,3.4293277813724217
5201,no_history,31,49,0.5,0.5179999999999998,19,2,2,8.864763739902816,28.683387379927975,2.1088183706837036,4.496254948068227
5201,no_history,31,64,1.0,1.013,34,2,4,13.055521219496464,0.8011108905687813,0.7587170346590073,1.9885256059125567
5201,no_history,31,82,1.5,1.5099999999999998,52,4,10,13.155098033834955,0.05760332996416404,2.8666220440616246,0.5453131107594231
5201,no_history,32,50,0.5,0.5169999999999999,19,2,3,9.533849517619059,24.767738612084376,2.0494118499444993,0.8177372972969152
5201,no_history,32,65,1.0,1.004,34,3,5,13.068063071024861,0.6569327025683619,0.5014413475427393,15.796352509239767
5201,no_history,32,83,1.5,1.505,52,4,10,13.155427984481348,0.011982119311482445,2.6546157431189603,3.165699817677819
5201,no_history,33,51,0.5,0.516,19,2,4,10.03741913942131,21.88889006294204,1.9737496144078939,1.7232419642459433
5201,no_history,33,66,1.0,1.001,34,3,5,13.079088383565106,0.5203510563934683,0.15828948512796298,3.3511586329717034
5201,no_history,33,84,1.5,1.504,52,4,10,13.156029201032299,0.052108575162049545,2.223647433161073,2.3903539521335233
5201,no_history,34,52,0.5,0.5230000000000001,19,2,4,10.65931179898551,18.326048340451095,1.8623300066400448,3.4473827136998523
5201,no_history,34,67,1.0,1.0210000000000004,34,3,5,13.097810647648442,0.4674314582166429,2.238302490625563,0.2782729314270682
5201,no_history,34,85,1.5,1.504,52,4,11,13.156797773491443,0.07439552894861409,2.4149489420259225,24.126256962035768
5201,no_history,35,53,0.5,0.5499999999999998,19,2,4,11.38201255004627,13.922608657223197,1.6776240149626949,3.653094227124228
5201,no_history,35,68,1.0,1.025,34,3,6,13.109751300735528,0.4178524127013767,1.0787607840643776,62.18550125394245
5201,no_history,35,86,1.5,1.5059999999999998,52,4,12,13.157754759767968,0.06335560620817324,2.7341782073488727,16.92657604840383
5201,no_history,36,53,0.5,0.5150000000000001,18,2,4,11.382078349995023,13.922611643411907,1.6768176559053667,3.647031925674753
5201,no_history,36,69,1.0,1.0210000000000004,34,3,7,13.120053421580137,0.3545404639552288,0.26967802483624675,47.693033162495
5201,no_history,36,88,1.5,1.5260000000000002,53,4,14,13.15892498893454,0.04423861956158387,3.1605579738468075,5.903364875968805
5201,no_history,37,54,0.5,0.516,18,2,4,11.755696036588224,11.691998022328221,1.5496401092569962,4.013647284256081
5201,no_history,37,70,1.0,1.0230000000000001,34,3,8,13.129397847842476,0.2822701572216503,1.3837763878245586,34.577587987697086
5201,no_history,37,89,1.5,1.5220000000000002,53,4,14,13.159377859730546,0.03577879389561416,3.247386306965684,2.9567881195545738
5201,no_history,38,55,0.5,0.5219999999999998,18,1,4,12.099785766925313,9.315037640524638,1.4010967792334261,4.219815326824602
5201,no_history,38,71,1.0,1.0349999999999997,34,2,9,13.138430765030193,0.20618006615730325,2.2937106569527783,21.47742075816342
5201,no_history,38,90,1.5,1.52,53,3,14,13.159665409076434,0.02679068261139415,3.257540508036354,0.22866711613272628
5201,no_history,39,56,0.5,0.512,18,1,3,0.012731178261932454,0.05659423434002173,2.1132807320015186,62.3137528225585
5201,no_history,39,71,1.0,1.0029999999999997,33,2,8,0.010735868811379628,0.053410706634309205,6.9039942720290455,29.27588552794282
5201,no_history,39,91,1.5,1.5150000000000001,53,3,13,0.041226557346058144,0.09709657450238425,6.741902603131996,13.52538272546272
5201,no_history,40,57,0.5,0.508,18,1,3,0.013274011683739208,0.028718313085352956,3.8223541666750718,61.1201467236981
5201,no_history,40,72,1.0,1.004,33,2,8,0.011218506441282652,0.08260500761846853,7.75717548010183,25.830094025642154
5201,no_history,40,92,1.5,1.513,53,3,13,0.03877799482092375,0.14438492909741232,6.581660078807908,6.007537132330043
5201,no_history,41,58,0.5,0.5129999999999999,18,1,3,0.013882159397295965,0.02188179138363957,6.058484213601258,69.00946540245914
5201,no_history,41,74,1.0,1.02,34,2,8,0.01449822262728878,0.09622603214174487,8.792875371681587,23.46191006047229
5201,no_history,41,93,1.5,1.513,53,3,13,0.03554890481265357,0.1771413733202228,6.592023946547405,0.4207115486705959
5201,no_history,42,59,0.5,0.5069999999999997,18,1,3,0.01425779550728977,0.02428588835274967,7.328501970033737,53.25428553610482
5201,no_history,42,75,1.0,1.0189999999999997,34,2,8,0.016654151640731897,0.10430207542750432,9.302001034029015,18.39435353400316
5201,no_history,42,94,1.5,1.5130000000000003,53,3,13,0.031699064620442544,0.19396233505789592,6.728183331624228,4.7457011463129675
5201,no_history,43,60,0.5,0.5089999999999999,18,1,3,0.014553866713073151,0.02776833302672648,9.138691292436691,58.48259054403444
5201,no_history,43,76,1.0,1.021,34,2,8,0.01912319700514202,0.10563792458291385,9.684615743315106,12.032511887128123
5201,no_history,43,95,1.5,1.5089999999999995,53,3,13,0.02813521419794477,0.20057757422768585,6.8984000005865065,7.209999993296918
5201,no_history,44,61,0.5,0.5099999999999998,18,1,3,0.014476621896740871,0.03590869519513777,10.42942604944598,48.37229963702701
5201,no_history,44,77,1.0,1.028,34,2,8,0.021168013610699178,0.09807845150691794,9.879746533153185,5.794826006318743
5201,no_history,44,96,1.5,1.5119999999999996,53,3,13,0.02410435889404522,0.1924278114373986,7.092082329128409,7.216175608076583
5201,no_history,45,62,0.5,0.5049999999999999,18,1,3,0.014568598886221484,0.042552480517448366,11.365096115992975,37.29223331479595
5201,no_history,45,77,1.0,1.0,33,2,8,0.021274891693413876,0.09807844926791538,9.879762859668686,5.794709022440827
5201,no_history,45,97,1.5,1.512,53,3,13,0.020625668110293687,0.1719662742276938,7.245305962530466,5.689565997911217
5201,no_history,46,63,0.5,0.5059999999999998,18,1,3,0.014303206113914354,0.04695311482031316,12.278003264578453,33.58448672264508
5201,no_history,46,79,1.0,1.02,34,2,8,0.02420132839585095,0.09078761464629936,9.981254414299471,0.600328380860077
5201,no_history,46,98,1.5,1.5139999999999998,53,3,13,0.017572942729764757,0.15051411391802214,7.352628612997373,4.318051417009272
5201,no_history,47,64,0.5,0.5680000000000001,18,1,3,0.013989911811719175,0.017343517550131707,5.6762173406427054,75.92573047069688
5201,no_history,47,80,1.0,1.016,34,2,8,0.025416976113362046,0.08343039593379824,9.955108979686601,1.9647445008095161
5201,no_history,47,99,1.5,1.517,53,3,13,0.015168772537551979,0.12559243220957092,7.407208821574703,2.3881129342337317
5201,no_history,48,64,0.5,0.5449999999999999,17,1,3,0.013955875624502009,0.01734189154630203,5.677631262883887,75.93298372689095
5201,no_history,48,81,1.0,1.0150000000000001,34,2,8,0.02656815189530217,0.07712526406534245,9.855426109777891,4.794176199480191
5201,no_history,48,100,1.5,1.5199999999999996,53,3,13,0.01338577314162614,0.09916487864253193,7.402376955976754,0.19373222618001762
5201,no_history,49,64,0.5,0.5190000000000001,16,0,3,0.013720355812336238,0.01734083556069267,5.6788110669545775,75.93904165326536
5201,no_history,49,82,1.0,1.016,34,2,9,0.027512555653612478,0.04835166362243491,9.157000939879236,24.993052008974644
5201,no_history,49,101,1.5,1.521,53,3,14,0.011311104183986153,0.07217143585379363,6.976591001487741,15.341885461113776
5201,no_history,50,65,0.5,0.5140000000000002,16,1,3,0.0019242284965938993,0.02866833686073597,1.467746359661936,21.788325597507367
5201,no_history,50,83,1.0,1.0150000000000001,34,2,8,0.012164621942698592,0.011842367473234042,0.2506728978917262,9.282839592373193
5201,no_history,50,102,1.5,1.524,53,3,13,0.12665434751542673,4.471907853496921,0.3577003155687758,1.5088446325985814
5201,no_history,51,66,0.5,0.508,16,1,2,0.0034871399895084654,0.06456555514691809,0.6063519583662497,4.874524363574665
5201,no_history,51,84,1.0,1.0110000000000001,34,2,7,0.012057259994729718,0.04295831213031544,0.6332591510663197,13.019614863860966
5201,no_history,51,103,1.5,1.5229999999999997,53,3,12,0.4285897647878653,11.93470253031696,0.5447154699309077,1.371083313989189
5201,no_history,52,67,0.5,0.532,16,1,1,0.003818334076166415,0.10637538634378796,1.8054308146456333,2.540090652495337
5201,no_history,52,85,1.0,1.0149999999999997,34,2,7,0.013383191427906426,0.07423895755713011,2.38863345944076,24.313881428406717
5201,no_history,52,103,1.5,1.4999999999999996,52,3,11,0.41141909976291086,11.6506250503387,1.7428715224570943,1.8893537422591464
5201,no_history,53,68,0.5,0.5270000000000001,16,1,2,0.0020440891799298733,0.1215650675604552,0.7686772132929466,58.80215452293794
5201,no_history,53,86,1.0,1.008,34,2,8,0.014811436003685981,0.06326306960817298,2.7138864597726453,17.09481620880598
5201,no_history,53,105,1.5,1.5210000000000004,53,3,11,2.0346695943662607,36.253953738117,1.8591287298099233,2.153183544794828
5201,no_history,54,69,0.5,0.5060000000000002,16,1,3,0.004468474083851621,0.10696461781944577,0.5034521072927607,44.774572723136714
5201,no_history,54,88,1.0,1.0110000000000001,35,2,10,0.018049469432842913,0.044157221458018356,3.146745009210517,6.0220957381158655
5201,no_history,54,107,1.5,1.5280000000000005,54,3,11,5.16962743043583,57.22394952305975,2.1442746056542483,4.484561618149236
5201,no_history,55,70,0.5,0.5070000000000001,16,1,4,0.006684181242293703,0.07426578396495329,1.5386472612564097,32.40936347605924
5201,no_history,55,89,1.0,1.0060000000000002,35,2,10,0.018799250087908545,0.03571396653551756,3.23654870997847,3.0522705721126044
5201,no_history,55,108,1.5,1.524,54,3,11,6.868411152645555,60.68325528678643,2.235267066663765,3.380363016495501
5201,no_history,56,71,0.5,0.5129999999999999,16,1,5,0.008096611654029601,0.03923074282906547,2.3800717076129154,20.024762069169583
5201,no_history,56,91,1.0,1.0250000000000004,36,2,10,0.019561385178592607,0.01782879756195536,3.20848023829372,1.6463516296660998
5201,no_history,56,109,1.5,1.5270000000000001,54,3,11,9.211628123099402,58.557491813469476,2.453841383305766,4.291483356417562
5201,no_history,57,72,0.5,0.5219999999999998,16,1,5,0.008549869411144518,0.023055253139751097,2.7808275887487297,12.788820896126936
5201,no_history,57,91,1.0,1.0030000000000001,35,2,10,0.01935475207754694,0.017829140999249517,3.2082430391587633,1.6442641543905268
5201,no_history,57,109,1.5,1.505,53,3,11,9.211769789740426,58.55749117258297,2.4538450370471394,4.29150756653603
5201,no_history,58,73,0.5,0.5180000000000002,16,1,5,0.008943177092732867,0.018573841269797765,2.9897169576339357,9.575196239669282
5201,no_history,58,92,1.0,1.005,35,2,10,0.01964274073161688,0.010875977706642594,3.119768844704799,3.241107894477608
5201,no_history,58,110,1.5,1.5030000000000001,53,3,11,10.556137925045197,55.98492872720758,2.384434165945751,0.7483837195143792
5201,no_history,59,74,0.5,0.5070000000000001,16,1,5,0.009428473355574861,0.019648603389860308,3.1359271362226835,7.248494472306561
5201,no_history,59,93,1.0,1.0,35,2,10,0.01990391818465643,0.0067762325949411555,3.007017732385718,4.22689729888512
5201,no_history,59,112,1.5,1.5190000000000001,54,3,11,12.967212076735372,47.913584652563785,2.0263703642090047,7.538743886611689
5201,no_history,60,75,0.5,0.512,16,1,5,0.009903188740783072,0.016934073958868347,3.2360928694907463,3.7774869257566763
5201,no_history,60,94,1.0,1.0060000000000007,35,2,10,0.019964901312028747,0.004974215980277968,2.8672153509199156,4.988656393489464
5201,no_history,60,113,1.5,1.528,54,3,11,14.22369082561188,40.563072479875444,1.8328953088609783,7.571033714977864
5201,no_history,61,76,0.5,0.512,16,1,5,0.010475267920510161,0.013118698353066983,3.2517643143715254,0.3486605948031354
5201,no_history,61,95,1.0,0.9999999999999996,35,2,10,0.020144819904731156,0.005148852133249954,2.742546538927102,5.121355813570631
5201,no_history,61,114,1.5,1.5269999999999997,54,3,11,15.188059228791122,33.218963187152255,1.6190600204725172,8.657561880380536
5201,no_history,62,77,0.5,0.5180000000000002,16,1,5,0.010882264320493806,0.011426063867052279,3.1907008406612367,2.332283968662125
5201,no_history,62,96,1.0,1.0019999999999998,35,2,10,0.020184948715020135,0.0034711058525347892,2.5973167129804535,5.381621294805029
5201,no_history,62,114,1.5,1.5019999999999998,53,3,11,15.188071257671947,33.218962849590525,1.6190602221475965,8.657537317828009
5201,no_history,63,78,0.5,0.5179999999999998,16,1,5,0.011150457821276398,0.016041184130871817,3.1154306934921174,3.084952449189558
5201,no_history,63,97,1.0,1.0070000000000001,35,2,10,0.020239734666904034,0.0009466817600229997,2.444013385807075,5.5468945197198565
5201,no_history,63,115,1.5,1.5050000000000003,53,3,11,15.881009193767065,26.583429342131428,1.3528562683125729,11.078736378416231
5201,no_history,64,79,0.5,0.5140000000000002,16,1,5,0.01140672043310209,0.02302193317286523,3.0340530421772445,3.6181937964755093
5201,no_history,64,98,1.0,1.008,35,2,10,0.020264959794879543,0.0014744337111556778,2.301536221385971,5.570205224007523
5201,no_history,64,116,1.5,1.5069999999999997,53,3,11,16.411417157560553,19.571605787430748,1.0665960867754145,12.23637462224664
5201,no_history,65,83,0.5,0.52,19,1,6,0.013826781706133433,0.0095359425641714,2.6428320818815134,3.084305177926069
5201,no_history,65,101,1.0,1.0019999999999998,37,2,11,0.0186694254531526,0.1895562678043411,1.8761242200700612,5.587069516444785
5201,no_history,66,83,0.5,0.5009999999999999,18,1,5,0.049316387629117185,0.14429197826869272,1.2874113750884502,3.0704338562578073
5201,no_history,66,102,1.0,1.0099999999999998,37,2,10,0.2562015785818479,7.504067279802911,5.613628637566004,44.08029162270736
5201,no_history,67,84,0.5,0.5030000000000001,18,1,5,0.051713072738623724,0.11928937293858015,1.1393392031148655,4.9934096035425455
5201,no_history,67,103,1.0,1.0149999999999997,37,2,10,0.6746137321496375,16.079327483026677,6.83817341361163,43.155809214573914
5201,no_history,68,86,0.5,0.5099999999999998,19,1,7,0.054128496679007036,0.05336775342293762,0.18141136326987284,16.941432121939954
5201,no_history,68,105,1.0,1.0230000000000001,38,2,10,2.6236773967335845,42.541830589884675,9.761624750339019,50.41879476234575
5201,no_history,69,87,0.5,0.5089999999999999,19,1,7,0.03662027271343716,0.04193674227203307,12.158240348717918,2.619296074437102
5201,no_history,69,106,1.0,1.0230000000000001,38,2,9,4.043046923919626,54.39507752794189,11.287754689265725,42.89279813906734
5201,no_history,70,88,0.5,0.5049999999999999,19,1,7,0.011626045053417385,0.002541963947806275,8.45493325529933,6.136639760052901
5201,no_history,70,107,1.0,1.0220000000000002,38,2,8,5.568255788560745,60.25338490108427,6.3723752775599465,16.842210136424924
5201,no_history,71,90,0.5,0.528,20,1,6,0.010377177346337038,0.027029937915966657,2.6513422002671896,5.496150850238564
5201,no_history,71,108,1.0,1.017,38,2,7,6.881441250016421,60.72699253786665,2.1352107140481493,2.9220563479092476
5201,no_history,72,91,0.5,0.5120000000000005,20,1,5,0.01103263240408691,0.018522588579663685,2.9165418892767874,2.7158660361886007
5201,no_history,72,109,1.0,1.0140000000000002,38,2,6,9.216252660688381,58.55723502408136,2.4824089556798685,4.0855639897248786
5201,no_history,73,92,0.5,0.5089999999999999,20,1,5,0.01148856247846831,0.011396316765253729,2.923248190432597,0.18322578205672357
5201,no_history,73,110,1.0,1.0070000000000001,38,2,6,10.560204192081137,55.98481317168066,2.4085761674201955,0.9370199077450856
5201,no_history,74,93,0.5,0.5139999999999998,20,1,5,0.01150173448297632,0.0072345503766345605,2.8778135674654597,1.4659556982489903
5201,no_history,74,111,1.0,1.0059999999999998,38,2,6,11.67771461128447,53.162822309000894,2.2630612178245912,4.392909172139536
5201,no_history,75,94,0.5,0.5210000000000004,20,1,5,0.011582522880404364,0.005409533317959804,2.79275666339886,2.790852548541494
5201,no_history,75,112,1.0,1.012,38,2,6,12.97294083337928,47.9136289357845,2.0436789063459906,7.694059639074897
5201,no_history,76,95,0.5,0.5179999999999998,20,1,5,0.01158410464281387,0.005564116719242193,2.7086061999493296,3.3478247032978175
5201,no_history,76,113,1.0,1.016,38,2,6,14.229677140684911,40.56336132136533,1.8461939579013904,7.702220036034643
5201,no_history,77,96,0.5,0.5149999999999997,20,1,5,0.011457332961342057,0.0038204849303568587,2.600937496790129,4.029565724641969
5201,no_history,77,114,1.0,1.0149999999999997,38,2,6,15.194067198293313,33.219368170430705,1.6287927652034244,8.778577489465752
5201,no_history,78,97,0.5,0.512,20,1,5,0.011426246956105163,0.0012210178482194287,2.477747959337982,4.547370390099317
5201,no_history,78,115,1.0,1.0100000000000002,38,2,6,15.887334679151921,26.58383408449721,1.3596732723387568,11.189254731287946
5201,no_history,79,98,0.5,0.5150000000000001,20,1,5,0.011872476469511985,0.0017147203299623791,2.3514803639412603,4.798471866576023
5201,no_history,79,116,1.0,1.0139999999999998,38,2,6,16.41863033238836,19.571970302496805,1.0708384238011153,12.334586553862374
5201,no_history,80,99,0.5,0.5199999999999996,20,1,5,0.012531241879385842,0.003018137100704208,2.2221323557245554,4.974155791731903
5201,no_history,81,99,0.5,0.5009999999999999,19,1,5,0.013239017586441288,0.0030234795801050082,2.2185990779861795,4.961543208373229
5201,no_history,82,100,0.5,0.5049999999999994,19,0,5,0.01395339030014182,0.004577737956811105,2.088668186945877,5.0832888931333855
5201,no_history,83,101,0.5,0.5049999999999999,19,1,5,0.11084994142020058,2.1019325625096394,4.291659228837432,29.906921408150012
5201,no_history,84,102,0.5,0.5089999999999999,19,1,5,0.3131710711248351,7.503973198665837,5.623096788285195,44.014196746495784
5201,no_history,85,103,0.5,0.5119999999999996,19,1,5,0.7325072829699165,16.079195787506777,6.845878671872119,43.101546659523905
5201,no_history,86,104,0.5,0.512,19,1,4,1.4188952176793659,27.216482714889487,8.150274742625642,47.95011960683014
5201,no_history,87,105,0.5,0.5130000000000003,19,1,3,2.384888046405579,39.80918553613502,5.767424757800831,37.009936797302075
5201,no_history,88,106,0.5,0.5140000000000002,19,1,2,3.618415997233099,50.386439786837585,1.3364443134488069,8.629706703561745
5201,no_history,89,107,0.5,0.5170000000000003,19,1,1,5.173467703241331,57.226712331738135,1.5642020988504988,10.012455681652064
5201,no_history,90,108,0.5,0.5179999999999998,19,1,1,6.872288424056407,60.68017967789342,1.7808574588618253,8.184014387351823
5201,no_history,91,109,0.5,0.5289999999999999,19,1,1,9.215241856263946,58.55118460101705,2.135626935316098,7.858994529623121
5201,no_history,92,109,0.5,0.5019999999999998,18,1,1,9.215162057549023,58.55117752930494,2.1334014542155053,7.880724303100582
5201,no_history,93,111,0.5,0.5190000000000001,19,1,1,11.675531642238834,53.157237082254724,2.049162899708305,1.600813920305086
5201,no_history,94,112,0.5,0.5190000000000001,19,1,1,12.969324982569209,47.90658931642086,1.891163044764936,5.400441965018178
5201,no_history,95,113,0.5,0.5219999999999994,19,1,1,14.225377588318452,40.55532412078521,1.7501701889324832,5.923755923598819
5201,no_history,96,114,0.5,0.5270000000000001,19,1,1,15.189317796532071,33.21126915576755,1.5767740385918791,7.191697930309322
5201,no_history,97,114,0.5,0.5,18,1,1,15.189341809230566,33.211270122973424,1.5766617933504674,7.191157253965372
5201,no_history,98,116,0.5,0.5249999999999995,19,1,1,16.412405677783727,19.56584371619623,1.0881594504175145,11.137882326970622
5202,no_history,3,20,0.5,0.5099999999999999,18,0,0,0.0032911568746896804,0.006437835173779048,0.09878672580627038,0.7298284699712612
5202,no_history,3,38,1.0,1.0019999999999998,36,2,2,3.476751256298095,3.976634166334952,3.321943809014077,172.93538846892613
5202,no_history,3,57,1.5,1.5159999999999998,55,2,6,2.846839123135725,0.008539348213228604,18.25475754543662,55.52142742442865
5202,no_history,4,21,0.5,0.5069999999999999,18,0,0,0.002860570978850374,0.005024803573974211,0.06704584857968925,0.8239388683233979
5202,no_history,4,40,1.0,1.025,37,2,2,3.278010321672311,5.396362025759928,17.054669956576728,258.33647969152133
5202,no_history,4,58,1.5,1.513,55,2,6,2.8466036887465296,0.006635077395629346,16.78135372784618,52.85258360143911
5202,no_history,5,22,0.5,0.5000000000000001,18,0,0,0.0019784072766623074,0.01399792595275237,0.033691012528548364,0.7988623245400369
5202,no_history,5,41,1.0,1.025,37,2,2,3.116123661409336,6.018830115875046,24.649714379507124,238.8914580931446
5202,no_history,5,59,1.5,1.509,55,2,6,2.8461458938320368,0.005515206297434956,15.38946887366615,49.95786420642272
5202,no_history,6,24,0.5,0.5279999999999998,19,0,0,0.001761947253206812,0.00310079819425937,0.018209151350858096,0.6183427309307254
5202,no_history,6,42,1.0,1.0199999999999998,37,2,3,3.014665433750896,5.569935172429922,28.76746104637025,166.31014325712783
5202,no_history,6,60,1.5,1.507,55,2,6,2.84566587434612,0.0046930158836071875,14.082360382415908,46.92406923616803
5202,no_history,7,25,0.5,0.518,19,0,0,0.0008407920252092369,0.003944547807104887,0.03006958225222861,0.47309035490558543
5202,no_history,7,43,1.0,1.0130000000000001,37,2,4,2.9407081213341333,4.418307419156509,31.45570617565048,102.64817296737777
5202,no_history,7,62,1.5,1.53,56,2,6,2.8444188130536556,0.00366290180689478,11.689972483298364,40.680793681364044
5202,no_history,8,27,0.5,0.5209999999999999,20,0,0,0.00241496160379278,0.002191400270281814,0.13244770594283714,0.11152758611661293
5202,no_history,8,45,1.0,1.0179999999999998,38,2,6,2.8694062222755927,2.203684136847335,33.571882860819066,24.085826526654614
5202,no_history,8,63,1.5,1.5059999999999998,56,2,6,2.8419407867757993,0.002358933333468122,10.751960906685591,37.709498897044234
5202,no_history,9,28,0.5,0.5289999999999999,20,0,0,0.001795452718917889,0.0018585917617601685,0.1384831780118268,0.01710364434213145
5202,no_history,9,46,1.0,1.022,38,2,6,2.8554934298302204,1.503610696359357,33.544406915329255,0.9037129362451992
5202,no_history,9,64,1.5,1.5119999999999998,56,2,6,2.842421549696222,0.001746889903767758,9.78147712976937,34.78724244659198
5202,no_history,10,28,0.5,0.51,19,0,0,0.0011136516510336105,0.0018575333532375431,0.1428644342089108,0.008111317871378178
5202,no_history,10,46,1.0,1.0030000000000001,37,2,6,2.8562748639069784,1.5035988156244204,33.54425009643611,0.9017743507756109
5202,no_history,10,65,1.5,1.524,56,2,6,2.843237191726759,0.002379609419357302,8.795395226536378,31.973925055545585
5202,no_history,11,29,0.5,0.516,19,1,1,0.0022904196127203342,0.03825071436187397,0.23519964284812334,1.8238551745291358
5202,no_history,11,47,1.0,1.01,37,2,6,2.84908270569319,0.9954133790628794,33.01278559913292,20.134788765080827
5202,no_history,11,65,1.5,1.5050000000000001,55,2,6,2.8440232732813016,0.0023796109796541663,8.795406654243752,31.973986100531874
5202,no_history,12,30,0.5,0.5150000000000001,19,1,1,0.0997095069295439,3.607099050590471,0.32124740494440535,2.5222255196365198
5202,no_history,12,48,1.0,1.0090000000000001,37,2,6,2.844991239426496,0.6283156377713898,32.057141679312494,34.970385838436016
5202,no_history,12,66,1.5,1.5050000000000001,55,2,6,2.843996574808971,0.0019491598562065414,7.978230150680697,29.256360484434573
5202,no_history,13,31,0.5,0.516,19,1,1,0.4061739883109722,10.596123789838291,0.38445679594959786,2.1079052891195276
5202,no_history,13,49,1.0,1.0090000000000001,37,2,6,2.8433398096002613,0.380646186420434,30.760208568621426,45.88232617817545
5202,no_history,13,67,1.5,1.5040000000000002,55,3,7,2.844973933336252,0.06345204959818417,7.134586208269469,30.301702097548382
5202,no_history,14,32,0.5,0.5129999999999999,19,1,1,0.882721404951269,17.029719028743983,0.47347125445091975,2.9915003970650678
5202,no_history,14,50,1.0,1.0039999999999998,37,2,6,2.842154931977412,0.23535014580252658,29.374281983310425,52.8592348612531
5202,no_history,14,68,1.5,1.5010000000000001,55,3,7,2.7359173514751114,4.041087228327652,6.250837094863524,30.627988279527045
5202,no_history,15,33,0.5,0.5110000000000001,19,1,1,1.4426869144170757,20.706053508763794,0.6069818062152285,4.740313640896295
5202,no_history,15,51,1.0,1.002,37,2,6,2.8418477457050537,0.14054598484053007,27.814612382302844,57.43531053853923
5202,no_history,15,69,1.5,1.5000000000000002,55,3,7,2.4040966386791682,12.284374515338742,5.379994940001535,30.043204307060734
5202,no_history,16,34,0.5,0.5130000000000001,19,1,1,2.06495251089777,21.42148770880709,0.7181619779598151,4.945389452503702
5202,no_history,16,52,1.0,1.0010000000000003,37,2,6,2.8419912822276254,0.08471276014174307,26.251020746942487,59.9054937524071
5202,no_history,16,71,1.5,1.5260000000000002,56,3,7,0.9637722608419413,36.7912861109109,3.8361355391048075,26.709871699306657
5202,no_history,17,35,0.5,0.5129999999999999,19,1,1,2.6000216573066437,19.747729167209528,0.8734024626635224,6.425689814631545
5202,no_history,17,53,1.0,1.004,37,2,6,2.842308342152545,0.046080834624617074,24.422885320238134,60.811535205435305
5202,no_history,17,72,1.5,1.5310000000000001,56,3,7,1.1468856735732031,52.43233450013123,3.0945174179734427,21.16645412356253
5202,no_history,18,36,0.5,0.5130000000000001,19,1,1,3.0201253669706087,16.72135722453679,1.0514253451562845,7.775344870796472
5202,no_history,18,54,1.0,1.005,37,2,6,2.8427525880988473,0.02799417107104979,22.848422877021616,60.56379387368946
5202,no_history,18,72,1.5,1.5060000000000002,55,3,7,1.1465383151888362,52.432333443590366,3.094488079972347,21.16624024522386
5202,no_history,19,37,0.5,0.5190000000000001,19,1,1,3.3973684134120705,11.714706823640789,1.1152443092749285,4.109003170344436
5202,no_history,19,55,1.0,1.0040000000000002,37,2,6,2.843254309496654,0.018354840635631704,21.361440715303708,59.60322050575584
5202,no_history,19,73,1.5,1.5050000000000001,55,3,7,2.596728940631119,62.62929523170378,2.559963979169915,19.436253609423154
5202,no_history,20,38,0.5,0.5199999999999998,19,2,2,3.473777162461949,3.9763076966679725,3.3297183207565997,172.92546356522053
5202,no_history,20,56,1.0,1.0070000000000001,37,2,6,2.8435043814876897,0.011805697666644585,19.7486114184899,57.743016272303876
5202,no_history,20,74,1.5,1.5110000000000001,55,3,7,4.704889652532699,69.32263271219672,2.051614990376302,14.833096979208268
5202,no_history,21,39,0.5,0.52,19,2,2,3.4071603770963392,2.4024099280426383,10.340939313679652,248.07169152016132
5202,no_history,21,57,1.0,1.006,37,2,6,2.843433842894868,0.008537508616087118,18.255496582607684,55.52635573319682
5202,no_history,21,75,1.5,1.5120000000000002,55,3,7,6.753196765141306,71.15948530970596,1.6580809456522014,12.392655538356244
5202,no_history,22,40,0.5,0.518,19,2,2,3.275234796733024,5.395613563768728,17.073725508789416,258.24324511264393
5202,no_history,22,58,1.0,1.006,37,2,6,2.84335342364725,0.006630603667799702,16.781984196160668,52.85807327609848
5202,no_history,22,76,1.5,1.511,55,4,8,8.680229257923342,71.48833591829673,1.381013813618712,9.437347713527174
5202,no_history,23,41,0.5,0.5249999999999999,19,2,2,3.1139229972202265,6.018840483820538,24.669287691337832,238.77940137301863
5202,no_history,23,59,1.0,1.009,37,2,6,2.8434715119085787,0.005510135261760337,15.389930540833236,49.962835600161306
5202,no_history,23,77,1.5,1.521,55,4,9,11.081011016199769,68.72588905044393,0.9697686812940635,8.145291731740784
5202,no_history,24,42,0.5,0.5229999999999999,19,2,3,3.012873790844565,5.570781236881565,28.78847118900141,166.17353881651775
5202,no_history,24,60,1.0,1.01,37,2,6,2.8434175451102104,0.0046881261282762975,14.082746975153645,46.9289060367497
5202,no_history,24,78,1.5,1.5290000000000001,55,4,10,13.330839847631287,64.41650060457387,0.6958089897575457,6.490391147176382
5202,no_history,25,43,0.5,0.5190000000000001,19,2,4,2.9399546958106124,4.419252012764024,31.46910478624736,102.54994706631004
5202,no_history,25,61,1.0,1.0050000000000003,37,2,6,2.8433029833092185,0.0036956782932364755,12.945802523849975,43.973125062133626
5202,no_history,25,79,1.5,1.5210000000000004,55,4,10,14.736657416620272,61.294944080115144,0.5638940928016074,6.806187138597068
5202,no_history,26,44,0.5,0.5220000000000002,19,2,5,2.8966954738697597,3.1785029371349425,32.943090815613445,57.263549830374075
5202,no_history,26,62,1.0,1.012,37,2,6,2.843462426106973,0.003661050744805595,11.69007454305223,40.68302234299632
5202,no_history,26,80,1.5,1.5180000000000002,55,4,10,15.954226403558298,58.37647048497507,0.42663601228686926,7.29430319055291
5202,no_history,27,45,0.5,0.5229999999999999,19,2,6,2.8710598264302,2.204212363470241,33.579639668340256,24.00493138064479
5202,no_history,27,63,1.0,1.011,37,2,6,2.8434066163705953,0.0023574137010464223,10.75135671493209,37.709040845628145
5202,no_history,27,81,1.5,1.515,55,4,10,17.207280994119063,55.160444351798375,0.2698607914750679,7.4142785313315756
5202,no_history,28,46,0.5,0.5230000000000001,19,2,6,2.8565245666372587,1.5042578205544512,33.552622816572544,0.9856123876482457
5202,no_history,28,64,1.0,1.013,37,2,6,2.8432931017619065,0.0017455945312747588,9.780975014290757,34.7871359998181
5202,no_history,28,82,1.5,1.516,55,4,10,18.56441977147051,51.30554385034653,0.10024121851635064,6.72311795673906
5202,no_history,29,47,0.5,0.5189999999999999,19,1,6,2.848087724085897,0.995976528929493,33.01953513448327,20.205637432675474
5202,no_history,29,65,1.0,1.014,37,1,6,2.8429166576924723,0.00237867114753837,8.794873361399706,31.973491924397784
5202,no_history,29,83,1.5,1.5160000000000002,55,3,10,19.915211900499898,46.10689113566894,0.0574171445652039,5.488202412187064
5202,no_history,30,48,0.5,0.5210000000000001,19,1,5,0.0026915782068424048,0.01137906734029738,15.71886662255789,20.742685546173846
5202,no_history,30,66,1.0,1.0170000000000001,37,1,5,0.025211986735407386,0.041500451971597754,13.351748008769452,22.63943904467989
5202,no_history,30,84,1.5,1.531,55,3,9,0.03197582023785083,0.054951538882320884,8.178413425135798,16.543075204938788
5202,no_history,31,49,0.5,0.522,19,1,5,0.0028262100399295467,0.019489401074347417,15.940119725244594,4.972982756650538
5202,no_history,31,67,1.0,1.0170000000000001,37,2,6,0.025672418259503508,0.023490483473936473,12.140906542478055,46.00748328416073
5202,no_history,31,84,1.5,1.5039999999999998,54,3,9,0.03204386534121709,0.05495154538964282,8.178413272702295,16.543074171882807
5202,no_history,32,50,0.5,0.5189999999999999,19,1,5,0.0031484984741430113,0.021671279693384993,15.988072312517417,2.1701487770589267
5202,no_history,32,68,1.0,1.0160000000000002,37,2,6,0.02574789343989382,0.018187259223952982,10.634277860216958,54.396616444849336
5202,no_history,32,85,1.5,1.5050000000000001,54,3,9,0.03331478411233317,0.0568659020730925,8.725167022045103,15.375558109348361
5202,no_history,33,51,0.5,0.518,19,1,5,0.003940421267779696,0.023578978929848574,15.96369175393699,3.8182400740702462
5202,no_history,33,69,1.0,1.0160000000000002,37,2,6,0.025802891307409703,0.015067714540525072,9.124515597372042,54.20055970285295
5202,no_history,33,86,1.5,1.502,54,3,9,0.034415548095777,0.04350042246190258,9.225237717942823,13.674533115126252
5202,no_history,34,52,0.5,0.5170000000000001,19,1,5,0.005067835516770711,0.02361545519182283,16.00761230167973,2.0800423674986064
5202,no_history,34,70,1.0,1.015,37,2,6,0.0258539443761077,0.011663537271882973,7.824001339006663,50.31681737723238
5202,no_history,34,88,1.5,1.522,55,3,9,0.036084534038131874,0.02425096312681528,10.183724932559823,15.683978506634986
5202,no_history,35,53,0.5,0.518,19,1,5,0.006251465304350996,0.028355991857538305,16.055706390168552,1.8198822455337194
5202,no_history,35,71,1.0,1.0130000000000001,37,2,6,0.025893818103543024,0.007365478635031977,6.621223083861122,44.65918428405554
5202,no_history,35,89,1.5,1.5199999999999998,55,3,9,0.03679843800368652,0.022308106589902368,10.774511821061022,18.278933401682153
5202,no_history,36,54,0.5,0.5169999999999999,19,1,5,0.007703630767751229,0.028838578573404248,16.219743908740995,2.799341377971814
5202,no_history,36,72,1.0,1.0180000000000002,37,2,6,0.026313087815378052,0.005589886362970807,5.4590602762676,36.73341194716408
5202,no_history,36,90,1.5,1.52,55,3,9,0.03767802279070396,0.02182502332227658,11.41284509764652,20.34129209062759
5202,no_history,37,55,0.5,0.5170000000000001,19,1,5,0.009158764203525016,0.02853204478164864,16.36981987934604,1.8092220321010473
5202,no_history,37,73,1.0,1.018,37,2,6,0.026423525314438964,0.0032448787097790204,4.6525416091169705,32.251179429864415
5202,no_history,37,91,1.5,1.523,55,3,9,0.03859687444795354,0.022347589941791767,12.104519352855714,22.486529907395706
5202,no_history,38,56,0.5,0.5130000000000001,19,0,5,0.01033863827867966,0.03208106404860063,16.478537714731203,2.3958966603549214
5202,no_history,38,74,1.0,1.0170000000000001,37,1,6,0.026359437799644496,0.00810777345620487,3.833956897736937,26.303905431384624
5202,no_history,38,92,1.5,1.518,55,2,9,0.03894139211022182,0.022789944319085594,12.770689595598503,21.877476313194578
5202,no_history,39,57,0.5,0.514,19,0,4,0.01250862971280098,0.029797534847028333,4.822026152980534,1.856285851543376
5202,no_history,39,75,1.0,1.0200000000000002,37,1,5,10.999638962689536,79.32565315570798,14.823036313105241,36.29727352743993
5202,no_history,39,93,1.5,1.5190000000000003,55,2,8,30.3358796943799,7.150711895996803,11.12623024308992,7.97596772552879
5202,no_history,40,58,0.5,0.514,19,0,4,0.012765284946045802,0.047540257329405526,4.886755057488597,1.1386317565860864
5202,no_history,40,76,1.0,1.019,37,2,6,13.11226523602131,78.24860865138928,15.877409941243316,37.1245960486811
5202,no_history,40,94,1.5,1.519,55,2,8,30.495551851132227,5.760146482118216,11.022348342962824,6.924805382849442
5202,no_history,41,59,0.5,0.516,19,0,4,0.012370515033664492,0.0644660353592429,4.98097509340061,0.632547025672153
5202,no_history,41,77,1.0,1.028,37,2,7,15.694146267913647,73.80752356585612,16.403501476637924,14.164264852201654
5202,no_history,41,95,1.5,1.5190000000000001,55,2,8,30.617203405143016,4.705262021079535,10.959182976551864,6.339645776443476
5202,no_history,42,60,0.5,0.512,19,0,4,0.0130628542042021,0.07861344828034092,5.101437383071116,0.32383164469001
5202,no_history,42,78,1.0,1.0310000000000001,37,2,8,18.056343393597366,67.82947097945743,16.17280934853821,7.020111477656144
5202,no_history,42,96,1.5,1.516,55,2,8,30.72299700208167,3.7460264532605674,10.899540589068494,5.683516820083028
5202,no_history,43,61,0.5,0.5130000000000003,19,0,3,0.005511164541868449,0.020330272270711835,0.8108607603630367,4.546172532413337
5202,no_history,43,78,1.0,1.0060000000000002,36,2,7,17.545526952495365,67.0281754711505,11.838440535759059,10.395617914672158
5202,no_history,43,97,1.5,1.5190000000000001,55,2,7,30.232202720674106,3.008808884814264,5.2849533324145215,15.254185215872454
5202,no_history,44,62,0.5,0.5169999999999999,19,0,2,0.0013950007836550633,0.002187125532391263,0.2520312490153458,2.712325125018822
5202,no_history,44,79,1.0,1.0020000000000002,36,2,6,18.284198430512163,62.5660139789009,7.191252242287811,16.18925224793057
5202,no_history,44,98,1.5,1.521,55,2,6,29.557470565169965,2.396257463372934,4.0277046850713605,14.720465983019757
5202,no_history,45,63,0.5,0.5149999999999997,19,0,1,0.00011331853287583717,0.0010483394922168108,0.020668190838694363,0.5770979185033127
5202,no_history,45,81,1.0,1.0189999999999997,37,2,5,19.99138178040607,55.24886047178875,0.5128622880037428,3.763360254851392
5202,no_history,45,99,1.5,1.517,55,2,5,28.79331862612985,2.0034814692278373,0.8682241687957744,1.9764252925942714
5202,no_history,46,64,0.5,0.516,19,0,0,0.0002147379402433567,0.0003551201193615426,0.015048794388095654,0.24627848228371363
5202,no_history,46,82,1.0,1.0190000000000001,37,2,4,21.27047507433548,51.31748769334999,0.034936138600989784,2.8685568103372248
5202,no_history,46,100,1.5,1.5170000000000003,55,2,4,28.76936121039208,1.6205042783315895,0.48771060817805684,0.8057648095305154
5202,no_history,47,65,0.5,0.5209999999999999,19,0,0,0.0002468266073598562,0.001727471060618957,0.008770264517466923,0.2678216631845025
5202,no_history,47,83,1.0,1.0230000000000001,37,2,4,22.605912276255488,46.11500525279984,0.10539101150206899,2.586575244911529
5202,no_history,47,101,1.5,1.517,55,2,4,28.803403450961923,1.3205710454087423,0.4672826952689348,1.0027637633416973
5202,no_history,48,66,0.5,0.5230000000000001,19,0,0,0.00023753767560761547,0.0021245596343563923,0.008243351384804512,0.2779928140293926
5202,no_history,48,84,1.0,1.037,37,2,4,24.067118412230542,37.37032484661088,0.16880263641523696,1.3564347579479374
5202,no_history,48,102,1.5,1.5180000000000002,55,2,4,28.83196008453792,1.0672466332914097,0.44390473357966037,1.0139250453603097
5202,no_history,49,67,0.5,0.5230000000000001,19,1,1,0.0024758064853118216,0.06534947886758063,0.03473779033415105,0.1315516208937204
5202,no_history,49,84,1.0,1.0099999999999998,36,2,4,24.067094174391585,37.3703222856695,0.16880283054469206,1.3573962618825703
5202,no_history,49,103,1.5,1.52,55,2,4,28.8563368667101,0.848404518560175,0.42198082639766205,0.7652800905891439
5202,no_history,50,68,0.5,0.5230000000000001,19,1,1,0.11736855808112426,4.085720655669326,0.06868883426913505,0.5458619522834347
5202,no_history,50,85,1.0,1.012,36,2,4,24.988724116329074,31.048838688796934,0.20296180702085737,1.2578152365032906
5202,no_history,50,104,1.5,1.5190000000000001,55,2,4,28.874657558518628,0.6850703983917384,0.40404351565499225,0.7956939521078041
5202,no_history,51,69,0.5,0.5250000000000004,19,1,1,0.46281686587023524,12.318799343929129,0.11175003277866111,0.9017593861701414
5202,no_history,51,86,1.0,1.0110000000000001,36,2,4,25.64637916211701,26.418142415510196,0.23647588677975417,1.5350597794968905
5202,no_history,51,105,1.5,1.52,55,3,5,28.889082820598812,0.546839217852728,0.5964397419256537,1.980308735090773
5202,no_history,52,70,0.5,0.524,19,1,1,1.0682818431860295,23.249227797910148,0.17284658713306195,0.8737326266442871
5202,no_history,52,87,1.0,1.0020000000000002,36,2,4,26.068196243528394,23.473644792294913,0.269145879655791,1.992167577530239
5202,no_history,52,106,1.5,1.5260000000000002,55,3,5,28.90188466112417,0.4049655789592697,0.15604694599678504,58.91378481211643
5202,no_history,53,71,0.5,0.5249999999999999,19,1,1,2.064402437038885,36.864818176745736,0.22149599802446682,0.7585598362658494
5202,no_history,53,88,1.0,1.005,36,2,4,26.62711531871961,19.272269483190996,0.31640284531100693,1.748585962484924
5202,no_history,53,106,1.5,1.5,54,3,5,28.90184861635769,0.4049655826577144,0.15600281802737512,58.91392975285021
5202,no_history,54,72,0.5,0.5270000000000001,19,1,1,3.73677291162349,52.39145653532735,0.20034605397442715,1.8643096508266481
5202,no_history,54,89,1.0,1.0019999999999998,36,2,4,27.057615376696983,15.948889153234555,0.35705264396186853,1.6368955004732584
5202,no_history,54,107,1.5,1.544,54,3,5,28.923885315345885,0.3631770384918536,8.581122345523639,105.11022064266757
5202,no_history,55,72,0.5,0.5010000000000003,18,1,1,3.736728257608955,52.39143894525513,0.1995161700438091,1.8600074059346383
5202,no_history,55,90,1.0,1.0030000000000001,36,2,4,27.41182567107655,13.137177093114472,0.39426718520240467,1.488709934491112
5202,no_history,55,107,1.5,1.5180000000000002,53,3,5,28.923843137706992,0.3631769781146269,8.58112801358805,105.11019584180417
5202,no_history,56,73,0.5,0.5009999999999999,18,1,1,5.302834229545025,62.60313046823556,0.2141554765600433,1.605635032870289
5202,no_history,56,91,1.0,1.0059999999999998,36,2,4,27.710485480074293,10.694807175206371,0.4279768399795659,1.2898823513288278
5202,no_history,56,108,1.5,1.5579999999999998,53,3,6,28.940469742203863,0.25642900764059745,11.156844419992328,39.630803676717846
5202,no_history,57,74,0.5,0.504,18,1,1,7.445295778297691,69.23635831774118,0.13864990550434314,3.5062196360397557
5202,no_history,57,92,1.0,1.005,36,2,4,27.94559538992901,8.741725236016679,0.45588070458465624,1.0776342207410892
5202,no_history,57,108,1.5,1.5299999999999998,52,3,6,28.9404462553955,0.25642901589732603,11.156851945395843,39.63077149252848
5202,no_history,58,75,0.5,0.5060000000000002,18,1,1,9.503940037341964,71.04545651053559,0.061702627814022776,3.648494443096018
5202,no_history,58,93,1.0,1.0050000000000003,36,2,4,28.13707987682902,7.126120299680539,0.4782859461507787,0.8404851430081379
5202,no_history,58,108,1.5,1.5030000000000001,51,3,6,28.940448657427865,0.2564290152320218,11.156824787853118,39.63087752137983
5202,no_history,59,76,0.5,0.5049999999999999,18,2,2,11.435418475486255,71.44881379499289,0.03637238671489388,4.230796266384743
5202,no_history,59,94,1.0,1.005,36,2,4,28.297193578859005,5.750168806752653,0.4959872734977842,0.6273957548457219
5202,no_history,59,109,1.5,1.513,51,3,7,28.947954901741067,0.186037740175632,11.808741837799488,16.810602950517023
5202,no_history,60,77,0.5,0.512,18,2,3,13.8353644215186,68.73322121769634,0.020897864290324416,2.9864907036725015
5202,no_history,60,95,1.0,1.0030000000000001,36,2,4,28.41878382402056,4.705397197212046,0.5062242694983716,0.29650759064551835
5202,no_history,60,110,1.5,1.521,51,3,7,28.953147426725277,0.13868350535194238,11.897980377809057,2.3846306492819735
5202,no_history,61,78,0.5,0.5190000000000001,18,2,4,16.077404617675043,64.43684276984143,0.05317384982823062,2.175643247992383
5202,no_history,61,96,1.0,1.004,36,2,4,28.52697884130831,3.7541906904523556,0.5123167782591016,0.19220692034896558
5202,no_history,61,111,1.5,1.5400000000000005,51,3,7,28.95835847258368,0.12055188260095033,11.476380083007017,8.68822373943911
5202,no_history,62,79,0.5,0.516,18,2,4,17.475792652314254,61.31605348779633,0.0831015908218399,0.39760190676781804
5202,no_history,62,97,1.0,1.0059999999999998,36,2,4,28.610964407982753,3.0151258571737425,0.5146888285786472,0.01582884937657525
5202,no_history,62,111,1.5,1.5140000000000002,50,3,7,28.958500449023536,0.12055191925864316,11.476340445511749,8.688074604430284
5202,no_history,63,80,0.5,0.5060000000000002,18,2,4,18.68507183267146,58.39518194345441,0.07687714000780074,1.3056815973817493
5202,no_history,63,98,1.0,1.004,36,2,4,28.679908279929887,2.3999356022698484,0.5143540745524906,0.04865626114852972
5202,no_history,63,112,1.5,1.5170000000000003,50,3,7,28.961506610580017,0.0947576757377996,11.025948524107152,13.53248958909316
5202,no_history,64,81,0.5,0.504,18,2,4,19.927625486755524,55.17637492267367,0.028545645717199267,2.4824282006299256
5202,no_history,64,99,1.0,1.0020000000000002,36,2,4,28.72590937605747,2.0036092202964255,0.5056651586630416,0.7051025068578198
5202,no_history,64,113,1.5,1.5320000000000005,50,3,7,28.96439964622215,0.07312485166735536,10.35928446070277,16.380519853620854
5202,no_history,65,82,0.5,0.5030000000000001,18,2,4,21.27046512670225,51.317583642245005,0.03650398223605841,2.861684550684174
5202,no_history,65,100,1.0,1.0010000000000003,36,2,4,28.769360375399756,1.620504419052131,0.48793153453847943,0.8066814477360538
5202,no_history,65,113,1.5,1.5040000000000004,49,3,7,28.964423629857116,0.07312485056466056,10.359282300977597,16.380511720272352
5202,no_history,66,83,0.5,0.5020000000000002,18,2,4,22.605612534970735,46.11486275135429,0.10262904876796135,2.6066664437902887
5202,no_history,66,102,1.0,1.0230000000000001,37,2,4,28.83169628946954,1.0672465504567146,0.4437537280358654,1.0130920905084508
5202,no_history,66,114,1.5,1.5059999999999998,49,3,7,28.965835031600953,0.05559959019081609,9.75334141240714,18.664324791966763
5202,no_history,67,84,0.5,0.5139999999999998,18,1,4,24.06684643843044,37.370233469795146,0.16606211854852532,1.373404780760751
5202,no_history,67,103,1.0,1.024,37,1,4,28.856085899654747,0.8484044319949856,0.42175840866705794,0.7642057046097506
5202,no_history,67,116,1.5,1.521,50,2,7,28.967592437774076,0.04954722839608321,8.869328986330054,22.067926121196166
5202,no_history,68,85,0.5,0.5169999999999999,18,1,3,0.012983392933208686,0.057704289344697415,8.24362657403929,18.82281276125417
5202,no_history,68,104,1.0,1.024,37,1,3,0.03296045056856272,0.032540056087945635,14.79667650925045,11.71433275192598
5202,no_history,68,117,1.5,1.5190000000000001,50,2,6,0.06336236381958651,0.09700731833535163,7.448640649174809,1.4730941266069095
5202,no_history,69,86,0.5,0.5139999999999998,18,1,3,0.014459806453356162,0.04403729169061715,8.81757264070249,16.634611675230815
5202,no_history,69,105,1.0,1.0229999999999997,37,2,4,0.033470921012950586,0.0240200158758347,13.781950120619237,35.94366845703888
5202,no_history,69,118,1.5,1.5159999999999996,50,2,6,0.06429906623051206,0.07698544835245441,7.357741084367341,3.422535635756688
5202,no_history,70,87,0.5,0.504,18,1,3,0.015426464131186085,0.027615740791254367,9.301088345250008,13.824969990458044
5202,no_history,70,106,1.0,1.028,37,2,4,0.03376178659861481,0.011333850825075552,12.268920869870005,45.26709800846146
5202,no_history,70,119,1.5,1.513,50,2,6,0.06493639842805315,0.057234263133852936,7.217544193353621,5.323276192910072
5202,no_history,71,88,0.5,0.5070000000000001,18,1,3,0.016278922412458104,0.024481649206934464,9.88115732101602,17.81822302199872
5202,no_history,71,106,1.0,1.0020000000000002,36,2,4,0.03349752224910497,0.011333843569077894,12.26887633675411,45.266941600386644
5202,no_history,71,120,1.5,1.5090000000000003,50,2,6,0.06538701323515306,0.04587952811298445,7.071210965649956,6.588778486461443
5202,no_history,72,89,0.5,0.5069999999999997,18,1,3,0.01710988905028479,0.02246867971372835,10.517863306941038,19.999948285745234
5202,no_history,72,107,1.0,1.049,36,2,4,0.03419390589741248,0.007681759001388299,8.061717643113147,59.104833512565506
5202,no_history,72,121,1.5,1.5030000000000001,50,2,6,0.06580289833963968,0.03753586423527406,6.9077089953564945,7.765721605499856
5202,no_history,73,90,0.5,0.5019999999999998,18,1,3,0.01828734038765541,0.02195654679653247,11.191815352182354,21.69390714186899
5202,no_history,73,107,1.0,1.017,35,2,4,0.03442889016488703,0.0076817843882960105,8.061674920234426,59.104580492206196
5202,no_history,73,123,1.5,1.5149999999999997,51,2,6,0.06688156117669528,0.01847705268619338,6.475198994002672,10.242858147179064
5202,no_history,74,91,0.5,0.5049999999999999,18,1,3,0.019064279772808272,0.02248179548703167,11.912550843162887,23.53338854253441
5202,no_history,74,108,1.0,1.057,35,2,5,0.03494754419396297,0.09208469094055001,7.923514422033263,14.031021918211707
5202,no_history,74,124,1.5,1.5180000000000002,51,2,6,0.06680727541585778,0.02377085148884473,6.125943965785443,11.821143431917065
5202,no_history,75,92,0.5,0.5009999999999999,18,1,3,0.020504230003955452,0.022927464369418303,12.59894447686082,22.673098449327313
5202,no_history,75,108,1.0,1.0259999999999998,34,2,5,0.03546170732287982,0.09208438491522347,7.923341576688959,14.029882005974684
5202,no_history,75,125,1.5,1.516,51,2,6,0.06712844909879409,0.04816602574166912,5.735536540620259,12.813577862604575
5202,no_history,76,94,0.5,0.5269999999999997,19,0,3,0.022615990692925657,0.02515849590583928,13.85523449941567,20.255031379961693
5202,no_history,76,109,1.0,1.0349999999999997,34,1,6,0.038100219030625056,0.13863809229933147,7.576831076198635,15.508577943750936
5202,no_history,76,126,1.5,1.5170000000000003,51,1,6,0.06699194144898911,0.07226767655461615,5.3199233173640925,13.263866866000452
5202,no_history,77,94,0.5,0.5,18,0,2,0.0013089252268278801,0.005453374116949202,0.8847502647292702,0.3447409167399087
5202,no_history,77,109,1.0,1.008,33,1,5,0.005675313316807192,0.04131219563309888,12.009415235455897,16.016222696422687
5202,no_history,77,127,1.5,1.5670000000000006,51,1,5,0.012710799145830839,0.012530574545675051,3.276714962161132,10.812172875963874
5202,no_history,78,96,0.5,0.52,19,0,1,0.0010633973735185258,0.005161567151144298,0.27141308127614666,0.30878993015008405
5202,no_history,78,110,1.0,1.009,33,1,4,0.006160214020574938,0.022098117931861536,11.812431455616847,2.641130290771912
5202,no_history,78,127,1.5,1.5320000000000005,50,1,4,0.012431273806081286,0.014391135895561626,3.3353424008213888,10.337254355132806
5202,no_history,79,97,0.5,0.5129999999999999,19,0,0,0.0009642358432608163,0.004617874330782909,0.30238333755279195,0.1396504652200008
5202,no_history,79,111,1.0,1.0210000000000004,33,1,3,0.006573292697938518,0.010637490052653504,11.403783002704438,8.46000682716695
5202,no_history,79,128,1.5,1.5159999999999996,50,2,4,0.012034678318541256,0.06164857586879321,3.671107936420081,23.382516574477393
5202,no_history,80,98,0.5,0.5189999999999997,19,0,0,0.0008866502694811684,0.0041784952330153925,0.2953625526021026,0.17403115489452148
5202,no_history,80,112,1.0,1.032,33,1,3,0.0069724941034171204,0.008529932623082838,10.958605345872584,13.311571813273673
5202,no_history,80,129,1.5,1.5149999999999997,50,2,4,0.011556709447740395,0.11235805171529303,4.194137814276033,20.608247253723448
5202,no_history,81,99,0.5,0.5209999999999999,19,0,0,0.0009025944949011014,0.004120071892281907,0.2696532717011334,0.31928993231497316
5202,no_history,81,112,1.0,1.0110000000000001,32,1,3,0.007121062979426056,0.008537688562337392,10.954369290137556,13.294388644161671
5202,no_history,81,130,1.5,1.5140000000000002,50,2,5,0.011934987929394611,0.1437616162204782,4.110894919862313,10.983396904822712
5202,no_history,82,100,0.5,0.5250000000000004,19,0,0,0.0009826391284903475,0.003694781070377887,0.23878695896778915,0.31528176835497845
5202,no_history,82,113,1.0,1.0280000000000005,32,1,3,0.0075341700081712785,0.02125982876602656,10.29216697652518,16.150111493395798
5202,no_history,82,131,1.5,1.5110000000000001,50,2,6,0.012994904559528866,0.15778916649669433,3.2908137954291514,49.585466654074935
5202,no_history,83,101,0.5,0.524,19,0,0,0.0011595976834975377,0.0034405697861925317,0.21682573504827457,0.4498449970196887
5202,no_history,83,113,1.0,1.0010000000000003,31,1,3,0.00744511412985183,0.021265167101669116,10.289505828319589,16.139401732367162
5202,no_history,83,132,1.5,1.5090000000000003,50,2,7,0.015410901786222368,0.16396451776701243,1.0061891753133014,105.06107133862719
5202,no_history,84,102,0.5,0.5209999999999999,19,0,0,0.0013705692635541302,0.0033386790688919787,0.20314059607079243,0.44786728748552207
5202,no_history,84,114,1.0,1.0039999999999996,31,1,3,0.007793857392411153,0.02349759912719376,9.689954887062914,18.44002825281096
5202,no_history,84,133,1.5,1.5,50,2,8,0.017388989628232116,0.1492412519157999,1.0461746059133985,107.21874688875033
5202,no_history,85,103,0.5,0.5100000000000002,19,0,0,0.0014484659356693134,0.0010348034592788959,0.20069233063937209,0.22510311331326704
5202,no_history,85,116,1.0,1.0070000000000001,32,1,3,0.008395480940077676,0.035014347384615396,8.815532910474543,21.866656331303886
5202,no_history,85,135,1.5,1.5080000000000005,51,2,10,0.021672189812293043,0.08911395990325988,4.6977173039207205,70.13337996779848
5202,no_history,86,104,0.5,0.5070000000000001,19,0,0,0.0016575422134440445,0.00094607438913142,0.19689864292560466,0.27131998459314843
5202,no_history,86,117,1.0,1.0020000000000002,32,1,3,0.008679122994112906,0.03322790797960583,8.27521810127875,22.372602344996793
5202,no_history,86,136,1.5,1.5059999999999998,51,2,10,0.02312239918697153,0.06167139715601739,6.035026949745517,47.96259969029967
5202,no_history,87,105,0.5,0.5089999999999999,19,1,1,0.002486320346812252,0.0241252893385235,0.3966311101841972,2.4622266676055915
5202,no_history,87,118,1.0,1.0019999999999998,32,1,3,0.009137970058171832,0.030510126788482844,7.733858588718805,22.21067778123161
5202,no_history,87,137,1.5,1.5110000000000001,51,2,10,0.024228252370096157,0.04195219443179916,6.958948324732432,30.729598825845528
5202,no_history,88,106,0.5,0.524,19,1,1,0.0046748938820856175,0.07641451415495198,0.36311562139886544,58.55926529888984
5202,no_history,88,119,1.0,1.009,32,1,3,0.009839439554847182,0.02773406799210173,7.202446583049832,21.566970517048546
5202,no_history,88,138,1.5,1.52,51,2,10,0.025340373215707614,0.03018981915850121,7.472775379207534,18.663476664602626
5202,no_history,89,107,0.5,0.569,19,1,1,0.003189651807249197,0.11117711342101613,8.402489229648292,105.57518306180361
5202,no_history,89,120,1.0,1.0020000000000002,32,1,3,0.010248459270572994,0.0321411668084828,6.756353753314879,20.82747485067719
5202,no_history,89,139,1.5,1.5159999999999996,51,2,10,0.02597030364515818,0.021765832610359862,7.732969994506536,10.00410287819227
5202,no_history,90,107,0.5,0.5420000000000003,18,1,1,0.0031372224583470915,0.11119558121098395,8.394773878033396,105.60461374582786
5202,no_history,90,122,1.0,1.0150000000000006,33,1,3,0.011284903534010808,0.04394422666171909,5.995911573392304,19.070494712948005
5202,no_history,90,140,1.5,1.516,51,2,10,0.02653130306440153,0.013968601209367637,7.818826964648786,2.8765317685702314
5202,no_history,91,107,0.5,0.5150000000000001,17,1,1,0.003057352869573571,0.11121756345644263,8.38531990080685,105.64007975627919
5202,no_history,91,123,1.0,1.013,33,1,3,0.011945291137257112,0.03974134255055292,5.551053940893341,17.81237298147225
5202,no_history,91,141,1.5,1.5190000000000001,51,2,10,0.026996949763301772,0.007646468823918084,7.73189133914229,3.04719994675861
5202,no_history,92,108,0.5,0.552,17,1,2,0.004853242886399862,0.07897641752622984,10.984864868005534,40.15585285587605
5202,no_history,92,124,1.0,1.0130000000000003,33,1,3,0.012531740273606155,0.028158285700328058,5.0833199569153535,16.519605904332238
5202,no_history,92,142,1.5,1.5180000000000002,51,2,10,0.0273182274260475,0.00404002163837798,7.553618716840278,6.87412843772853
5202,no_history,93,108,0.5,0.5249999999999999,16,1,2,0.0049674073881873235,0.07897848694716524,10.975548385017857,40.189956188482086
5202,no_history,93,125,1.0,1.0150000000000001,33,1,3,0.012948812112639896,0.016583425275733348,4.633078374154143,15.309635022693492
5202,no_history,93,143,1.5,1.5189999999999997,51,2,10,0.027582699192193045,0.003708229150746734,7.287722036369597,9.722144794825198
5202,no_history,94,109,0.5,0.5359999999999996,16,1,3,0.006701281580590544,0.04014367319497588,11.639120795464532,17.36374004779958
5202,no_history,94,126,1.0,1.0180000000000002,33,1,3,0.013192601407526894,0.006814903581115446,4.201208226618553,14.220403922111977
5202,no_history,94,144,1.5,1.5180000000000002,51,2,10,0.027772768227204918,0.005799647358827332,6.993886140029766,11.573632348044825
5202,no_history,95,109,0.5,0.508,15,1,3,0.00678961880095769,0.04014392633063923,11.630497908179395,17.394952114311536
5202,no_history,95,127,1.0,1.0670000000000006,33,1,3,0.013049138967503069,0.014397640867553001,3.327128504960778,10.291638373706185
5202,no_history,95,145,1.5,1.5180000000000002,51,2,10,0.02791442980771442,0.006165031338974945,6.640154256831666,12.831039903267055
5202,no_history,96,110,0.5,0.5179999999999998,15,1,3,0.007370544776036083,0.022074345453446113,11.734945873529668,2.9411032172943123
5202,no_history,96,127,1.0,1.0410000000000004,32,1,3,0.013059497897943017,0.014396244703579784,3.3265555426116236,10.289207007457627
5202,no_history,96,146,1.5,1.5190000000000001,51,2,10,0.028040386763841123,0.006557747625956779,6.280058491046363,13.569868721240582
5202,no_history,97,111,0.5,0.5360000000000005,15,1,3,0.00757722438703155,0.010732264676783307,11.328517256413235,8.168169003217798
5202,no_history,97,127,1.0,1.0120000000000005,31,1,3,0.013049035310887986,0.014393214538642264,3.3252861357765644,10.283840963804003
5202,no_history,97,147,1.5,1.5200000000000005,51,2,10,0.028112223746552714,0.00548119719979331,5.868145938762631,13.69854741056973
5202,no_history,98,111,0.5,0.5080000000000005,14,1,3,0.007612218428412744,0.010738849378058309,11.322611708599824,8.147074009430241
5202,no_history,98,128,1.0,1.0029999999999997,31,2,4,0.012444077085898854,0.061611354465007435,3.659627895568605,23.434752097811383
5202,no_history,98,148,1.5,1.52,51,2,10,0.028173384634801374,0.004570845757165845,5.488541775581563,13.709056052110256
5202,no_history,99,112,0.5,0.5130000000000003,14,1,3,0.007843300788704882,0.008668397513717101,10.881124211468645,13.014636092972893
5202,no_history,99,130,1.0,1.0160000000000005,32,2,5,0.012530863138641365,0.14371209485605868,4.101203257662509,10.931794582431394
5202,no_history,99,149,1.5,1.5190000000000006,51,2,10,0.028197671617201006,0.003638247322607632,5.114497341232662,13.496856616846436
5202,no_history,100,113,0.5,0.5300000000000002,14,1,3,0.008261402156738797,0.021360716274561552,10.241799536203901,15.954737230864708
5202,no_history,100,131,1.0,1.013,32,2,6,0.013788779529529381,0.15775274611515655,3.283989488750415,49.54635962012543
5202,no_history,100,150,1.5,1.5229999999999997,51,2,10,0.02830410001344772,0.0032814250956152502,4.762553066243883,13.218695946381217
5202,no_history,101,113,0.5,0.5030000000000001,13,1,3,0.00827614949507681,0.021363477229743084,10.240503884203365,15.949944447965038
5202,no_history,101,132,1.0,1.0110000000000001,32,2,7,0.016449570607242888,0.16392772787187546,1.000486610820745,105.02231934958166
5202,no_history,101,151,1.5,1.5249999999999995,51,2,10,0.0283410322920048,0.0022014278538359956,4.397562018588393,12.600800496726656
5202,no_history,102,114,0.5,0.5099999999999998,13,1,3,0.008741274340997538,0.023575430973125137,9.649585367256535,18.280075685496897
5202,no_history,102,133,1.0,1.0060000000000002,32,2,8,0.018683854127644367,0.14921215527547177,1.0507249296908387,107.18426487148582
5202,no_history,102,152,1.5,1.5280000000000005,51,2,10,0.028388732118219854,0.001287279471044488,4.051534853047118,11.937461925885415
5202,no_history,103,115,0.5,0.5019999999999998,13,1,3,0.009057091088319962,0.03310580817893382,9.279462325497425,20.311241417426245
5202,no_history,103,134,1.0,1.0,32,2,9,0.02084703607054689,0.12691993476095254,2.887965117274575,94.59800683104572
5202,no_history,103,152,1.5,1.5010000000000003,50,2,10,0.02842286176423161,0.0012872660378447592,4.05153449488852,11.937478916956643
5202,no_history,104,117,0.5,0.5220000000000002,14,1,3,0.009802296067268899,0.033242844929739855,8.236609873658777,22.21137806250509
5202,no_history,104,136,1.0,1.0259999999999998,33,2,10,0.024784070776096047,0.061655761306729236,6.03828279096953,47.9339056000411
5202,no_history,104,154,1.5,1.5280000000000005,51,2,10,0.028376584237987446,0.0010767031065791052,3.43286638688575,10.635734623370546
5202,no_history,105,118,0.5,0.5199999999999996,14,0,3,0.010140210734543322,0.030508831370468732,7.699504660867257,22.064564653555408
5202,no_history,105,137,1.0,1.029,33,1,10,0.025976570699325206,0.04194221842199197,6.961479838760126,30.70679235305886
5202,no_history,105,154,1.5,1.5010000000000003,50,1,10,0.02843893318340317,0.0010767007184905013,3.4328649137871428,10.63574795840152
5202,no_history,106,119,0.5,0.5180000000000002,14,0,2,0.07788381455767626,0.2965813149865068,1.0064948958581021,9.626084800163547
5202,no_history,106,137,1.0,1.0020000000000002,32,1,9,0.11495299890193289,0.011734719445990704,11.44473056894368,85.63822226973008
5202,no_history,106,155,1.5,1.501,50,1,9,0.08763844927407576,0.16110479273128908,8.880150508192884,5.5800877672917615
5202,no_history,107,120,0.5,0.5070000000000001,14,0,2,0.08404180224452372,0.2854680625243382,1.2576845046888907,7.990723085459706
5202,no_history,107,139,1.0,1.0209999999999995,33,1,9,0.11631080551250723,0.03799743370004103,14.03676311548723,31.691435416341903
5202,no_history,107,157,1.5,1.5219999999999998,51,1,9,0.08638348829197068,0.1445503229661335,9.273453440415247,5.305565582608562
5202,no_history,108,124,0.5,0.5260000000000002,17,0,2,0.10484183555500516,0.19559018357234362,2.3357075196904256,15.815406651429509
5202,no_history,108,141,1.0,1.004,34,1,9,0.1176427062767135,0.05597015448206221,13.516539645812827,18.411577052238243
5202,no_history,108,159,1.5,1.5050000000000003,52,2,10,0.09154383575661015,2.6587185906040998,11.163132906947824,50.21379744238509
5202,no_history,109,126,0.5,0.5200000000000005,18,0,1,0.02357547704757634,0.01833105561981447,0.19175457055566125,5.552811597930685
5202,no_history,109,144,1.0,1.0200000000000005,36,1,8,0.01491499184485045,0.053569095155948245,3.2075283017386886,9.88449112027844
5202,no_history,109,162,1.5,1.5179999999999998,54,2,9,1.1214715167982847,23.15254735306648,2.478626526999678,27.145814236180215
5202,no_history,110,127,0.5,0.5590000000000006,18,0,0,0.010760346789756079,0.008609375307862625,0.31274482243186635,0.7885769707738
5202,no_history,110,145,1.0,1.0100000000000002,36,1,7,0.018645605140718575,0.005817925270007331,6.735913309169441,13.994213753122054
5202,no_history,110,163,1.5,1.5050000000000003,54,2,8,1.7140821343969945,28.72506290592161,1.2412199331736595,7.844757296768357
5202,no_history,111,127,0.5,0.5230000000000006,17,0,0,0.010847957430844676,0.008591876082963721,0.30092682316177854,0.8266235597840357
5202,no_history,111,146,1.0,1.0010000000000003,36,1,7,0.01863524230679831,0.006273489945432389,6.35070501102963,14.511437978120242
5202,no_history,111,165,1.5,1.5220000000000002,55,2,8,3.516011266668455,34.6827487944256,0.7476072111400615,8.912890885412553
5202,no_history,112,129,0.5,0.5169999999999995,18,1,1,0.005469595442394104,0.10122878028818319,1.5870342395282397,32.78207798802367
5202,no_history,112,148,1.0,1.0119999999999996,37,1,7,0.01883441799195174,0.004402106200693046,5.521410041598465,14.301942265665197
5202,no_history,113,130,0.5,0.5030000000000001,18,1,2,0.0038038182535200505,0.1317607909529216,1.697211065773424,1.2317142692718903
5202,no_history,113,149,1.0,1.0060000000000002,37,1,7,0.019187772744669714,0.0035084857780906596,5.134717145690179,13.970889889317519
5202,no_history,114,132,0.5,0.508,19,1,4,0.007788524487575576,0.15163390899164547,0.9207268302200249,92.20842857257293
5202,no_history,114,151,1.0,1.0219999999999994,38,1,7,0.020016909555418492,0.002128189827040149,4.399792070186061,12.894824516118597
5202,no_history,115,134,0.5,0.5170000000000003,20,1,6,0.01308454054853592,0.11832426113762841,4.3331046760682135,82.82838906255887
5202,no_history,115,152,1.0,1.0180000000000007,38,1,7,0.020408293712488784,0.001235929171496058,4.047438367915725,12.1615316929688
5202,no_history,116,135,0.5,0.5250000000000004,20,1,7,0.016153452840637565,0.08256060366859702,5.870546268664927,60.12025884081362
5202,no_history,116,153,1.0,1.0250000000000004,38,1,7,0.021069970636270644,0.001412797403836071,3.747424596698025,11.690102213051638
5202,no_history,117,135,0.5,0.5010000000000003,19,1,7,0.016525936937423682,0.08258615841653641,5.866073219929667,60.15582419825688
5202,no_history,117,153,1.0,1.0010000000000003,37,1,7,0.02142002488462652,0.001412990978844624,3.7473596709684527,11.689177824563082
5202,no_history,118,136,0.5,0.5039999999999996,19,1,7,0.018389142139942846,0.057152717292466265,6.975142572097744,39.79237700068222
5202,no_history,118,154,1.0,1.0060000000000002,37,1,7,0.02168498360850802,0.0010544972528105274,3.420598293794084,10.753615675032915
5202,no_history,119,137,0.5,0.5090000000000003,19,1,7,0.019783474255586936,0.03900921196415336,7.702939266495493,24.12755649820059
5202,no_history,119,155,1.0,1.008,37,1,7,0.02195211579208568,0.0007508368262381518,3.1479224742852145,10.222805027346183
5202,no_history,120,138,0.5,0.5110000000000001,19,1,7,0.02086657299584084,0.02842814525498109,8.07253648890195,13.221184754671782
5202,no_history,120,156,1.0,1.0099999999999998,37,1,7,0.02224899698313256,0.0005213091484265463,2.8898983950671315,9.671258863987976
5202,no_history,121,139,0.5,0.5139999999999993,19,1,7,0.022115919634772774,0.020885543517036247,8.22303090510451,5.449335043751489
5202,no_history,121,157,1.0,1.0149999999999997,37,1,7,0.02295845700325702,0.00045614924954883726,2.6467724261869714,9.110990328315818
5202,no_history,122,140,0.5,0.5199999999999996,19,1,7,0.02323842701652633,0.013661638477878869,8.211833429837583,0.869274262841742
5202,no_history,122,158,1.0,1.0199999999999996,37,1,7,0.0236984019973576,0.0004086061287095338,2.4260762966499607,8.584711530476575
5202,no_history,123,140,0.5,0.5009999999999994,18,1,7,0.024011381126119707,0.013662201340156386,8.215712412083239,0.8993475164059532
5202,no_history,123,158,1.0,1.0009999999999994,36,1,7,0.024468458998502345,0.0004086442720141706,2.426154905033028,8.585606572460211
5202,no_history,124,141,0.5,0.5060000000000002,18,1,7,0.02449735583987586,0.007543073407589532,8.041398534605305,6.060539482414356
5202,no_history,124,159,1.0,1.0070000000000006,36,2,8,0.025260621688741557,0.059836123648408325,2.199433667535313,7.516134272107546
5202,no_history,125,142,0.5,0.5049999999999999,18,1,7,0.024526439116002514,0.0037868561167236922,7.797620476621718,9.330102743818145
5202,no_history,125,160,1.0,1.0039999999999996,36,2,8,0.12015250890842864,4.229377642834731,1.9448213940982924,8.190763263531828
5202,no_history,126,143,0.5,0.5039999999999996,18,1,7,0.024449487783569368,0.0032331663062377105,7.476160019101826,11.697505204019023
5202,no_history,126,161,1.0,1.0009999999999994,36,2,8,0.42993028093671953,11.960758057520799,1.703053006746218,7.919930679857188
5202,no_history,127,144,0.5,0.5,18,1,7,0.02432254818967882,0.005329528467600385,7.139298219777383,13.185495997273918
5202,no_history,127,163,1.0,1.0229999999999997,37,2,8,1.7247109537126146,28.725086839974402,1.24060411758126,7.842946241657753
5202,no_history,128,147,0.5,0.508,20,0,7,0.023314763566386742,0.005218986304861961,5.939220477717666,14.567713392633038
5202,no_history,129,148,0.5,0.5170000000000003,20,0,6,0.03347500515201279,0.2399164144470035,8.499865528682186,11.587635626347847
5202,no_history,130,149,0.5,0.5230000000000006,20,0,6,0.04046491708837142,0.2334432214431173,8.310938085493245,6.901228779390891
5202,no_history,131,149,0.5,0.5030000000000001,19,0,5,0.038763449798257035,0.21574324941615122,7.872234120076039,11.899147775775091
5202,no_history,132,150,0.5,0.5099999999999998,19,0,4,0.029587448685596023,0.14571681850748652,5.2812003102198934,9.129642273392747
5202,no_history,133,151,0.5,0.5139999999999993,19,0,3,0.016121772586681148,0.06965383752011138,1.8816146989195688,5.526477457622924
5202,no_history,134,152,0.5,0.5220000000000002,19,0,2,0.005058548065484818,0.022263536423839693,0.1968369112041291,2.894892081174298
5202,no_history,135,152,0.5,0.5010000000000003,18,0,1,0.0025738341357291893,0.0076466489576658,0.14293780355749836,0.7262978135733604
5202,no_history,136,153,0.5,0.5,18,0,0,0.002012884351338072,0.003978393070936985,0.17959481663472826,0.5855961964231042
5202,no_history,137,154,0.5,0.5020000000000007,18,0,0,0.001837242470274788,0.002512807052375872,0.09971348757600876,0.6308353186992903
5202,no_history,138,156,0.5,0.5259999999999998,19,0,0,0.0019044742300396251,0.0020580121424168237,0.04065785222397819,0.23355164817462537
5202,no_history,139,157,0.5,0.5259999999999998,19,0,0,0.002030878289104496,0.0017768242189127631,0.009562786254564665,0.0393468785205755
5202,no_history,140,157,0.5,0.5010000000000003,18,0,0,0.0019101531872604241,0.001766274583263575,0.0063709502332003065,0.00810177538118495
5202,no_history,141,158,0.5,0.5,18,0,0,0.0016261446859584141,0.0018772917588768593,0.01327599431360226,0.15304763877654182
5202,no_history,142,159,0.5,0.5010000000000003,18,1,1,0.0020000822034848442,0.0710934612770167,0.09994728390113308,1.863506444247406
5202,no_history,143,161,0.5,0.5249999999999995,19,1,1,0.41923318395717524,11.973705308554722,0.10205568883415406,1.6451658468914268
5202,no_history,144,162,0.5,0.524,19,1,1,0.9956087212823709,21.348501397816975,0.13937396289848306,1.902745441115627
5202,no_history,145,163,0.5,0.5229999999999997,19,1,1,1.7138945419570326,28.726148592490635,0.10573303359931985,0.544801844425443
5202,no_history,146,164,0.5,0.5220000000000002,19,1,1,2.61293336441894,33.28710931127085,0.08126750841165803,0.28387202916387366
5202,no_history,147,165,0.5,0.5209999999999999,19,1,1,3.5150031177313856,34.671835552327536,0.00482489814064462,2.2558964197840563
5201,four_history,3,16,0.5,0.502,14,1,1,0.11978367161144982,5.036257417248542,0.03579366673161567,2.66798227472189
5201,four_history,3,30,1.0,1.034,28,2,6,21.692592521624242,16.189011081461068,44.91538975334169,53.08131192571264
5201,four_history,3,47,1.5,1.502,45,3,7,13.781520558653657,42.901742012558735,14.873456012789816,49.88938446739379
5201,four_history,4,18,0.5,0.528,15,1,1,1.1616025941408366,24.74768532586433,0.22067273986205208,8.28005866878615
5201,four_history,4,30,1.0,1.0050000000000001,27,2,6,21.692493541094922,16.188830085852313,44.91007466080195,53.066394632094244
5201,four_history,4,49,1.5,1.523,46,4,8,12.05801474607796,32.008974908165136,12.906146429247622,26.11955699523523
5201,four_history,5,19,0.5,0.5740000000000001,15,1,1,5.509851013393589,57.24987134272829,0.6468330611827088,6.174545911780111
5201,four_history,5,31,1.0,1.0030000000000001,27,2,6,22.009272008436838,11.315137081814486,43.04283450932955,67.04917568608946
5201,four_history,5,50,1.5,1.52,46,4,9,11.341064425322072,26.80890749335958,12.31234359014864,20.96518924015227
5201,four_history,6,19,0.5,0.538,14,1,1,5.51032412685977,57.24897259973981,0.6628474135291246,6.128214398118617
5201,four_history,6,33,1.0,1.0179999999999998,28,2,6,22.350600561639748,5.438749187712637,39.037762839208,80.95908061226439
5201,four_history,6,51,1.5,1.5070000000000001,46,4,10,10.806196144130208,23.30431039067333,11.838616807026515,20.09752556247588
5201,four_history,7,20,0.5,0.518,14,1,1,7.797721383810498,63.769037351773356,1.0488937943665184,13.363930600465656
5201,four_history,7,35,1.0,1.0219999999999998,29,2,6,22.51863884832686,2.1173045750145985,33.96390676876571,85.05345848235139
5201,four_history,7,53,1.5,1.537,47,4,10,9.42060887788279,14.249596006597946,9.836832569596446,24.810526184426465
5201,four_history,8,21,0.5,0.5309999999999999,14,1,1,10.321475221060254,64.82371392732085,1.5302923522548184,14.711883051445708
5201,four_history,8,36,1.0,1.027,29,2,6,22.557570965536733,1.2703706055030606,31.368402336529886,83.72067281167317
5201,four_history,8,53,1.5,1.511,46,4,10,9.420112160591204,14.249596451308626,9.836618776131202,24.809686081902896
5201,four_history,9,22,0.5,0.5169999999999999,14,1,1,11.901031698613911,63.15344682538408,1.7794726865766346,10.251125781992709
5201,four_history,9,37,1.0,1.0190000000000001,29,2,6,22.582054578612958,0.7536688535824818,28.861267609464562,81.01789186554133
5201,four_history,9,54,1.5,1.504,46,4,10,9.042142123928693,11.871598370752043,9.057975441993648,24.913408936565787
5201,four_history,10,23,0.5,0.5269999999999999,14,2,2,14.306059009427484,49.5570772883827,15.15148957601009,342.0365270680758
5201,four_history,10,38,1.0,1.0130000000000001,29,3,7,22.500983331340468,2.595329190907006,26.812195672486546,64.5360383467478
5201,four_history,10,55,1.5,1.503,46,4,10,8.69694058075519,9.394549305508301,8.170933357972041,24.154026618756717
5201,four_history,11,24,0.5,0.5389999999999999,14,2,2,15.928534030315234,39.73334153766807,29.901522389078206,358.6423836615126
5201,four_history,11,39,1.0,1.014,29,3,7,22.192930872760456,10.175131009241113,25.08524773798385,57.568350221001126
5201,four_history,11,57,1.5,1.522,47,4,10,8.341259338648191,6.739729132825928,7.0600234308700305,22.230576511346186
5201,four_history,12,24,0.5,0.5049999999999999,13,2,2,15.92894129267439,39.73471759251358,29.90899566378908,358.62146630542975
5201,four_history,12,40,1.0,1.0070000000000001,29,3,7,21.645592618505535,20.287229802805,23.61799690352431,54.649547663309846
5201,four_history,12,58,1.5,1.52,47,4,10,8.172960488023692,5.280254064592958,6.393677058471133,20.644585704490936
5201,four_history,13,26,0.5,0.518,14,2,4,17.73019079114405,33.72012598493734,42.563361112418086,202.1454668920402
5201,four_history,13,42,1.0,1.0240000000000002,30,3,7,19.561435159292188,42.15213843486844,20.731682169579052,49.85189486544521
5201,four_history,13,59,1.5,1.503,47,4,10,8.074273508236399,4.43127592373774,5.9651968983344865,19.66744295289132
5201,four_history,14,29,0.5,0.5189999999999999,16,1,6,20.67780301908046,28.151242383727926,48.29058400352076,4.461247138323529
5201,four_history,14,45,1.0,1.0040000000000002,32,2,7,15.848470170098054,49.2462652219416,17.145433461403254,46.05890779987148
5201,four_history,14,63,1.5,1.51,50,3,10,7.807472422189739,1.8246703668576647,4.280493264577855,14.370447667447749
5201,four_history,15,29,0.5,0.5029999999999999,15,1,5,0.008614358671241015,0.020807358672995546,117.22026840356666,682.2617923880243
5201,four_history,15,46,1.0,1.011,32,2,6,0.008095339951882158,0.0009653253572077089,6.31278400629646,46.708512665332286
5201,four_history,15,64,1.5,1.579,50,3,9,0.019989555568079537,0.012072687456498284,14.17079377640018,33.638440061301
5201,four_history,16,30,0.5,0.5490000000000002,15,1,5,0.008806541288472846,0.006059611607182243,86.79265408454434,484.80327489924
5201,four_history,16,47,1.0,1.0170000000000001,32,2,6,0.008289596974874195,0.002914349551540981,5.385410479506061,40.28274633810453
5201,four_history,16,64,1.5,1.562,49,3,9,0.01998423620235995,0.012072691194614245,14.170790298875174,33.638418533331105
5201,four_history,17,30,0.5,0.532,14,1,5,0.011236778484644555,0.006057812566392879,86.80175789029018,484.8640691657447
5201,four_history,17,47,1.0,1.0,31,2,6,0.010793290120972323,0.0029137575812338288,5.385925257424696,40.28641146002583
5201,four_history,17,64,1.5,1.545,48,3,9,0.02233191509618815,0.012072678457340067,14.170802213289397,33.6384887595796
5201,four_history,18,30,0.5,0.506,13,1,5,0.011706751483329775,0.006054619688355167,86.8100317619357,484.91932476501495
5201,four_history,18,48,1.0,0.9999999999999998,31,2,6,0.011423551553199997,0.004444972034160134,4.497188859957357,34.08999929217534
5201,four_history,18,64,1.5,1.519,47,3,9,0.022786454107319748,0.01207266724900359,14.170812665601561,33.638551275414294
5201,four_history,19,31,0.5,0.5050000000000001,13,1,5,0.01223163135033454,0.011022025042411794,74.94620035155577,427.5100618063948
5201,four_history,19,50,1.0,1.022,32,3,8,0.012212976784377615,0.009074860378334038,9.061185947052039,120.82360743945286
5201,four_history,19,65,1.5,1.5090000000000001,47,4,10,0.022745709641803953,0.015193784497414046,12.956984912881447,72.04457552308307
5201,four_history,20,34,0.5,0.5050000000000001,15,1,5,0.00641980462278354,0.015664537733165545,50.063079447458676,286.27089118424453
5201,four_history,20,52,1.0,1.003,33,3,9,0.007040920822542402,0.035328145266024825,17.353709324074757,136.0175072113296
5201,four_history,20,67,1.5,1.5010000000000001,48,4,10,0.017312471042498438,0.01894480805579708,9.628448923070078,30.72523749666766
5201,four_history,21,35,0.5,0.5039999999999998,15,1,5,0.0068169297340227065,0.01134787831765479,41.690098552260814,242.12210964787795
5201,four_history,21,53,1.0,1.019,33,3,9,0.00827676430015723,0.04958010827353637,22.004017576708364,85.19445869406644
5201,four_history,21,69,1.5,1.5250000000000001,49,4,12,0.01725385123336424,0.02766373102172643,4.80375290994739,92.00115422903536
5201,four_history,22,37,0.5,0.5270000000000001,16,1,5,0.0030065408764006246,0.09172993072913396,1.1721624823210441,85.91864125424844
5201,four_history,22,54,1.0,1.012,33,3,9,0.008073295124689005,0.06754792523242081,22.218838213751113,57.977967772573294
5201,four_history,22,70,1.5,1.5190000000000001,49,4,13,0.01690313612593476,0.009224157227481178,1.3127018500728171,102.74142970383622
5201,four_history,23,37,0.5,0.5020000000000002,15,0,5,0.0030371862029911875,0.09171085394311665,1.1731722022613462,85.92997634066803
5201,four_history,23,55,1.0,1.024,33,2,9,0.01028309240346108,0.06117921627229087,23.327250788002004,30.505677959463412
5201,four_history,23,71,1.5,1.537,49,3,14,0.016923572525478346,0.005002565267837502,2.6382560746824146,91.46701843474062
5201,four_history,24,39,0.5,0.516,16,1,5,0.35337181727924627,9.462778524078399,7.085013301081323,23.642303632228078
5201,four_history,24,57,1.0,1.024,34,2,8,14.34766317616686,6.747976893450221,27.207512036912522,14.697402285452142
5201,four_history,24,72,1.5,1.52,49,3,13,15.029965321387099,0.12024123460716131,4.821205041752375,80.40718501116459
5201,four_history,25,40,0.5,0.5020000000000002,16,1,5,0.8839187975341545,19.552823726440923,6.712006577006519,12.536397282291063
5201,four_history,25,58,1.0,1.0150000000000001,34,2,8,14.518024808512976,5.264878651454428,27.037176764627304,5.431821472033619
5201,four_history,25,73,1.5,1.5010000000000003,49,3,13,15.033757590705358,0.09028562101686491,6.370023260043779,70.93817105630941
5201,four_history,26,41,0.5,0.5050000000000003,16,1,4,1.7490541597360996,31.36130993898505,4.488509570007976,9.656272727864298
5201,four_history,26,59,1.0,1.012,34,2,7,14.550482217460774,4.412066731751519,21.850617453575097,3.6506159941814076
5201,four_history,26,75,1.5,1.524,50,3,12,14.971269357829689,0.03978704425427444,0.6803550575211839,60.61917559183789
5201,four_history,27,42,0.5,0.5060000000000002,16,1,3,2.879716226052059,41.028230879417094,0.7116374222112462,4.460412294550686
5201,four_history,27,60,1.0,1.0150000000000001,34,2,6,14.511504007897813,3.4286031395571874,11.717023627897948,2.2053585722632647
5201,four_history,27,76,1.5,1.5270000000000001,50,3,11,14.829208063192882,0.020326104297623108,10.935158910190193,60.486271172982356
5201,four_history,28,43,0.5,0.5020000000000002,16,1,2,3.968782965297572,46.178692793474006,1.2768836587592207,2.4603407255418404
5201,four_history,28,61,1.0,1.012,34,2,5,14.424683879168942,2.7747742909388227,3.2438874414848593,5.2590444488611325
5201,four_history,28,77,1.5,1.5300000000000002,50,3,10,14.671383756608774,0.008984273968546062,15.760166252535234,50.52822055569331
5201,four_history,29,44,0.5,0.5010000000000003,16,1,1,5.296253829748874,48.270240288698986,1.7903101148520635,0.18085680773080526
5201,four_history,29,62,1.0,1.0060000000000002,34,2,4,14.369191414457557,2.2795267466753195,1.9399338885690887,4.847187541503615
5201,four_history,29,77,1.5,1.5010000000000003,49,3,9,14.560748656463334,0.009709636747676414,17.9375809065533,43.058775967377414
5201,four_history,30,46,0.5,0.508,17,1,1,7.487693150975865,45.44339641320155,1.5838602994160684,5.678122183720021
5201,four_history,30,64,1.0,1.076,35,2,4,14.482311121988904,0.8155200357655623,1.4681823398526208,3.1795693710820245
5201,four_history,30,79,1.5,1.5050000000000003,50,3,9,14.559605021319989,0.008585761470139106,16.06887109631939,42.84717867823825
5201,four_history,31,49,0.5,0.5179999999999998,19,2,2,10.141176255100453,31.692040486519453,1.524922034515307,16.884595597475162
5201,four_history,31,64,1.0,1.013,34,2,4,14.478490798367886,0.8155031912037701,1.4574062501893097,3.140091689310225
5201,four_history,31,82,1.5,1.5099999999999998,52,4,10,14.556624081696684,0.09620776029916306,12.901936518346226,45.27284701954585
5201,four_history,32,50,0.5,0.5169999999999999,19,2,3,10.859138336320008,26.806817764350242,2.0424027739660047,19.801996595973208
5201,four_history,32,65,1.0,1.004,34,3,5,14.49285274754785,0.6640149141039048,0.39083246525879906,102.4503812182441
5201,four_history,32,83,1.5,1.505,52,4,10,14.558623132645039,0.06836045063114198,14.122952960140408,47.010503437053785
5201,four_history,33,51,0.5,0.516,19,2,4,11.396438379716386,23.36453276397505,2.4342489273433667,17.173964888765752
5201,four_history,33,66,1.0,1.001,34,3,5,14.505162447413019,0.5498702208476743,4.404803065615647,195.9211075456662
5201,four_history,33,84,1.5,1.504,52,4,10,14.5601512837547,0.11771775410787222,15.673580333287806,69.44295746005173
5201,four_history,34,52,0.5,0.5230000000000001,19,2,4,12.047145093218909,19.209252923297587,2.781336163705028,10.429966394685266
5201,four_history,34,67,1.0,1.0210000000000004,34,3,5,14.522084636580912,0.3773826419282562,17.579478563445946,260.7075396574828
5201,four_history,34,85,1.5,1.504,52,4,11,14.56074793658331,0.09081328386512859,17.353635973762323,62.60391524428928
5201,four_history,35,53,0.5,0.5499999999999998,19,2,4,12.790091440730233,14.302607191796065,2.949517754079789,2.428953944186077
5201,four_history,35,68,1.0,1.025,34,3,6,14.52992010450623,0.24898366155022664,21.455311641120105,136.56441725508847
5201,four_history,35,86,1.5,1.5059999999999998,52,4,12,14.562292365513576,0.0738521337435807,18.552769683240115,45.281684056674976
5201,four_history,36,53,0.5,0.5150000000000001,18,2,4,12.790329672072229,14.302653679339915,2.9453662598745147,2.4432066225677147
5201,four_history,36,69,1.0,1.0210000000000004,34,3,7,14.536164077148113,0.21109532074049042,23.03577245610069,49.45406744418921
5201,four_history,36,88,1.5,1.5260000000000002,53,4,14,14.563486382475377,0.039991629658184806,19.546619124017454,10.754341520056244
5201,four_history,37,54,0.5,0.516,18,2,4,13.17162826311758,11.906236427090162,2.933235408775181,0.7909233303828955
5201,four_history,37,70,1.0,1.0230000000000001,34,3,8,14.5422565517616,0.1818316977656627,23.70604316654438,20.21643197930399
5201,four_history,37,89,1.5,1.5220000000000002,53,4,14,14.564138096363205,0.02538620951473836,19.451609718021682,2.7758495673954826
5201,four_history,38,55,0.5,0.5219999999999998,18,1,4,13.520268533640978,9.413555855631637,2.8130659002404412,3.0950268514658603
5201,four_history,38,71,1.0,1.0349999999999997,34,2,9,14.548955674772806,0.147541381854325,23.457806245439453,6.2375027111550025
5201,four_history,38,90,1.5,1.52,53,3,14,14.564535531811712,0.016564953363590488,19.029716556044704,14.0012860138944
5201,four_history,39,56,0.5,0.512,18,1,3,0.00941690433270032,0.0577018515656506,23.986190657235856,25.63649624858229
5201,four_history,39,71,1.0,1.0029999999999997,33,2,8,0.01312620669302326,0.005002292455456933,2.636341501345159,91.47885691860785
5201,four_history,39,91,1.5,1.5150000000000001,53,3,13,0.014955087121113592,0.0013687649591210798,15.448775549083374,27.337906014204606
5201,four_history,40,57,0.5,0.508,18,1,3,0.009892247304108507,0.05287203006041723,23.968797332139204,0.8312796762496362
5201,four_history,40,72,1.0,1.004,33,2,8,0.01255621017645653,0.009270113887780129,5.148864906523041,82.87978318951343
5201,four_history,40,92,1.5,1.513,53,3,13,0.014915893217814865,0.0029583154812584072,15.876107592354423,19.40166827627911
5201,four_history,41,58,0.5,0.5129999999999999,18,1,3,0.010938960628448593,0.03762159728031514,23.174518080978892,26.914907621537466
5201,four_history,41,74,1.0,1.02,34,2,8,0.012689987703195902,0.01175801883186611,8.066921182720572,63.74124838225296
5201,four_history,41,93,1.5,1.513,53,3,13,0.015390435581721141,0.005813917313366984,16.058614992959892,10.370432049725679
5201,four_history,42,59,0.5,0.5069999999999997,18,1,3,0.011351679415444925,0.041300108609283875,22.496959706986022,33.087612549896306
5201,four_history,42,75,1.0,1.0189999999999997,34,2,8,0.012441234349078996,0.01041841716001136,9.31842751622949,47.31834977119968
5201,four_history,42,94,1.5,1.5130000000000003,53,3,13,0.015696035802055003,0.008525558428251466,16.033638099412006,3.072559950288678
5201,four_history,43,60,0.5,0.5089999999999999,18,1,3,0.011688045487511414,0.030531045384617525,20.37053425182976,68.75493749493145
5201,four_history,43,76,1.0,1.021,34,2,8,0.011923304514184909,0.0066169262866961395,10.228545933761769,31.945629209593875
5201,four_history,43,95,1.5,1.5089999999999995,53,3,13,0.015828572475034008,0.01046869534846348,15.858003140404108,4.449430916390185
5201,four_history,44,61,0.5,0.5099999999999998,18,1,3,0.011961125138736728,0.031654145779755,19.012189192592704,57.18745840573622
5201,four_history,44,77,1.0,1.028,34,2,8,0.01138880209291272,0.0050507712883479106,10.79574311931505,20.660988634833473
5201,four_history,44,96,1.5,1.5119999999999996,53,3,13,0.016014136987455574,0.012756064708111308,15.497769745049931,10.030136453362516
5201,four_history,45,62,0.5,0.5049999999999999,18,1,3,0.012217808509408661,0.03584197456534703,17.778108272566044,55.391166182252285
5201,four_history,45,77,1.0,1.0,33,2,8,0.011121341475769868,0.005050779205307192,10.795760169750801,20.66086663596488
5201,four_history,45,97,1.5,1.512,53,3,13,0.01620291058250121,0.015141332631179316,14.990568721746802,14.771626898802879
5201,four_history,46,63,0.5,0.5059999999999998,18,1,3,0.012599225050829194,0.037359021317496445,16.571539954021567,51.04668809969015
5201,four_history,46,79,1.0,1.02,34,2,8,0.01047633280524458,0.009827664586175967,11.059473335288937,3.2125910956840897
5201,four_history,46,98,1.5,1.5139999999999998,53,3,13,0.0163373014227559,0.015942922641091973,14.466439984861104,16.46212116513817
5201,four_history,47,64,0.5,0.5680000000000001,18,1,3,0.013124179044851053,0.012117056638495964,14.057050388417027,32.957521583460775
5201,four_history,47,80,1.0,1.016,34,2,8,0.010134478494008118,0.010102177973666476,10.984903595265594,2.921569850972574
5201,four_history,47,99,1.5,1.517,53,3,13,0.01648012662124765,0.016302451297642743,13.899690568741619,18.152232497386805
5201,four_history,48,64,0.5,0.5449999999999999,17,1,3,0.012819086174081243,0.012117017342424175,14.059081085836729,32.968956754010726
5201,four_history,48,81,1.0,1.0150000000000001,34,2,8,0.009661758543515394,0.014079479679178837,10.777548477698133,8.39315081397902
5201,four_history,48,100,1.5,1.5199999999999996,53,3,13,0.016486393414695336,0.015742548512125917,13.301627104350572,19.308431750468756
5201,four_history,49,64,0.5,0.5190000000000001,16,0,3,0.012593240105241361,0.01211694742935624,14.061982534187507,32.98521170239864
5201,four_history,49,82,1.0,1.016,34,2,9,0.010458710022554748,0.17280519467286654,10.868743482940692,17.751864431127615
5201,four_history,49,101,1.5,1.521,53,3,14,0.016303966917585767,0.013542170210183961,12.284375762008432,34.680999156510126
5201,four_history,50,65,0.5,0.5140000000000002,16,1,3,0.008194947218244894,0.038690556499984305,3.1741981036723326,87.91122572126567
5201,four_history,50,83,1.0,1.0150000000000001,34,2,8,0.016637674169214477,0.10467456666889009,13.239200061273852,45.198344397843016
5201,four_history,50,102,1.5,1.524,53,3,13,0.06943587719996931,3.6726772168914765,8.161823855642956,8.491246284504001
5201,four_history,51,66,0.5,0.508,16,1,2,0.007203398018862698,0.03639737869806828,6.316011768025604,185.49398497540216
5201,four_history,51,84,1.0,1.0110000000000001,34,2,7,0.01704567329626114,0.13908538947536322,15.305704910961419,70.04823607992023
5201,four_history,51,103,1.5,1.5229999999999997,53,3,12,0.3639803587242416,11.524525546966851,8.506754718644926,3.3060719204055573
5201,four_history,52,67,0.5,0.532,16,1,1,0.006736010109018906,0.015640530556649,18.622452881305534,255.77967913548247
5201,four_history,52,85,1.0,1.0149999999999997,34,2,7,0.017897856465987575,0.08989724150288338,17.50773057437661,62.055463339624055
5201,four_history,52,103,1.5,1.4999999999999996,52,3,11,0.35506011169785273,11.36868264037634,8.974140414007216,4.784006741420782
5201,four_history,53,68,0.5,0.5270000000000001,16,1,2,0.00850950340846852,0.11423920114883862,22.33341857544126,131.37540225897288
5201,four_history,53,86,1.0,1.008,34,2,8,0.01807997860158927,0.07328996549795755,18.690451449419996,44.77106333304869
5201,four_history,53,105,1.5,1.5210000000000004,53,3,11,2.0334314340816793,37.676651065624725,8.941589814652698,0.8998294096446244
5201,four_history,54,69,0.5,0.5060000000000002,16,1,3,0.01042393166293332,0.07205899738342013,23.78452478128809,45.786138806631755
5201,four_history,54,88,1.0,1.0110000000000001,35,2,10,0.019487647542525136,0.03984382007395735,19.65738309143403,10.349137534710906
5201,four_history,54,107,1.5,1.5280000000000005,54,3,11,5.335393162653907,60.40796271074553,8.863436129840224,0.10626538494187798
5201,four_history,55,70,0.5,0.5070000000000001,16,1,4,0.011006756347704134,0.04806612966944749,24.33890886422792,17.260939632788677
5201,four_history,55,89,1.0,1.0060000000000002,35,2,10,0.019196718496085216,0.025282691720955812,19.549501422383937,3.1383978403922583
5201,four_history,55,108,1.5,1.524,54,3,11,7.138333356568491,64.39654205883845,8.786472515249839,1.719144727850697
5201,four_history,56,71,0.5,0.5129999999999999,16,1,5,0.011281347513316465,0.032139335490195584,23.97931832846818,8.572747132098641
5201,four_history,56,91,1.0,1.0250000000000004,36,2,10,0.01886519070896991,0.014449073859913748,18.52166360739488,22.039704821124104
5201,four_history,56,109,1.5,1.5270000000000001,54,3,11,9.66907876864898,63.11552110074248,8.662696233816462,3.0319907527545844
5201,four_history,57,72,0.5,0.5219999999999998,16,1,5,0.011446408982090447,0.024504602422368973,23.27639600083649,21.68049355642023
5201,four_history,57,91,1.0,1.0030000000000001,35,2,10,0.01846702589480883,0.014450105325389154,18.51914680476929,22.02999533097912
5201,four_history,57,109,1.5,1.505,53,3,11,9.668924260411544,63.11556462896257,8.662256598138635,3.0330343001295503
5201,four_history,58,73,0.5,0.5180000000000002,16,1,5,0.01174856077970289,0.021128527675939743,22.658567501536528,29.14864649122856
5201,four_history,58,92,1.0,1.005,35,2,10,0.018244888671797976,0.014213724685759568,17.743085392951603,28.018663349588877
5201,four_history,58,110,1.5,1.5030000000000001,53,3,11,11.129055201094376,60.78579442158732,8.610124969339386,2.7510669834963792
5201,four_history,59,74,0.5,0.5070000000000001,16,1,5,0.01194179260517461,0.018995953961329852,21.937256777144032,34.932436489762296
5201,four_history,59,93,1.0,1.0,35,2,10,0.017922543490578736,0.012893217388738798,16.88687617608518,32.34216525074342
5201,four_history,59,112,1.5,1.5190000000000001,54,3,11,13.773026671769683,52.86232489772011,8.205610904386239,10.606196416287563
5201,four_history,60,75,0.5,0.512,16,1,5,0.011763249236155807,0.01602438640604666,20.865783651419115,39.749685635362965
5201,four_history,60,94,1.0,1.0060000000000007,35,2,10,0.01738870322015306,0.013156648837148212,15.91032776530069,35.590208918458075
5201,four_history,60,113,1.5,1.528,54,3,11,15.168894795982558,45.072759117265626,7.948137563622865,6.266455253884052
5201,four_history,61,76,0.5,0.512,16,1,5,0.011732945586719211,0.013876920251579408,19.58598640762448,42.736899912331324
5201,four_history,61,95,1.0,0.9999999999999996,35,2,10,0.017057198617218525,0.013800200149257452,15.031509408128567,37.77378179192863
5201,four_history,61,114,1.5,1.5269999999999997,54,3,11,16.240496395752004,37.03494346856847,7.744174941041469,5.29021242190802
5201,four_history,62,77,0.5,0.5180000000000002,16,1,5,0.011608062319699086,0.014455209454567047,18.20718268040567,44.27190874852556
5201,four_history,62,96,1.0,1.0019999999999998,35,2,10,0.01673817143805198,0.021492185678410585,13.99693100429311,38.68291876359518
5201,four_history,62,114,1.5,1.5019999999999998,53,3,11,16.240502001493184,37.03494446553218,7.744153866028996,5.290144566279075
5201,four_history,63,78,0.5,0.5179999999999998,16,1,5,0.011462099022493717,0.014533045787497237,17.203783414363475,44.478247734462
5201,four_history,63,97,1.0,1.0070000000000001,35,2,10,0.016521484565941488,0.032591826947029744,12.927293258899816,38.24715759115904
5201,four_history,63,115,1.5,1.5050000000000003,53,3,11,17.019517031130196,29.97172539644592,7.471880850132188,10.401579272595994
5201,four_history,64,79,0.5,0.5140000000000002,16,1,5,0.011390725352919302,0.015950292913660413,16.295716133239605,43.91169219190992
5201,four_history,64,98,1.0,1.008,35,2,10,0.016545919254996145,0.04850863266313202,11.956808383038036,37.15412774775375
5201,four_history,64,116,1.5,1.5069999999999997,53,3,11,17.631049330719964,22.641831599737465,7.083266696951544,14.626058286436084
5201,four_history,65,83,0.5,0.52,19,1,6,0.012781536108242645,0.06609436542164292,14.306285348203227,46.50192233728353
5201,four_history,65,101,1.0,1.0019999999999998,37,2,11,0.03710161839059237,0.6959967324792752,9.466493859168525,24.996581744348475
5201,four_history,66,83,0.5,0.5009999999999999,18,1,5,0.003652091800153328,0.2747123530038009,15.136264201118136,51.98715155892273
5201,four_history,66,102,1.0,1.0099999999999998,37,2,10,0.222880013143684,7.125669529131708,10.036990913587811,43.48692354967799
5201,four_history,67,84,0.5,0.5030000000000001,18,1,5,0.007973230454881164,0.23507940334124894,14.92918978806523,9.073240358642465
5201,four_history,67,103,1.0,1.0149999999999997,37,2,10,0.633614076051794,15.761341164333992,8.743509450055662,50.20481099110606
5201,four_history,68,86,0.5,0.5099999999999998,19,1,7,0.01705560327044075,0.13486915793100876,14.206478932154319,6.722748547451317
5201,four_history,68,105,1.0,1.0230000000000001,38,2,10,2.568723762824964,42.35227540993992,6.120815662853668,46.83956367086225
5201,four_history,69,87,0.5,0.5089999999999999,19,1,7,0.018472222001082783,0.10077879712175684,1.6012722303339064,32.332737711166544
5201,four_history,69,106,1.0,1.0230000000000001,38,2,9,3.9881864593369545,54.658351918788334,0.3133037164669766,22.257682096029555
5201,four_history,70,88,0.5,0.5049999999999999,19,1,7,0.016794916999822718,0.06272478053581002,9.03123973079807,31.900869801614306
5201,four_history,70,107,1.0,1.0220000000000002,38,2,8,5.590032979112492,61.883560056118455,5.309079809726981,10.261684756258298
5201,four_history,71,90,0.5,0.528,20,1,6,0.010596524361787894,0.015395600097642013,12.617609587919722,11.643679373383975
5201,four_history,71,108,1.0,1.017,38,2,7,7.175629561868207,64.58474762389463,7.689078837199367,0.9061301731663818
5201,four_history,72,91,0.5,0.5120000000000005,20,1,5,0.010880099954020696,0.014958072147226944,12.66133525985105,1.7629581098598806
5201,four_history,72,109,1.0,1.0140000000000002,38,2,6,9.706734858205046,63.219811874588245,7.668439485822086,5.494555150060432
5201,four_history,73,92,0.5,0.5089999999999999,20,1,5,0.011096627071358089,0.016150152649606647,12.490491887180049,6.492508064541283
5201,four_history,73,110,1.0,1.0070000000000001,38,2,6,11.168867359504704,60.87758051537886,7.676669226074936,0.27518288071447117
5201,four_history,74,93,0.5,0.5139999999999998,20,1,5,0.011519377409609392,0.016810038371346835,12.174535713044305,12.686695164820662
5201,four_history,74,111,1.0,1.0059999999999998,38,2,6,12.385341585328904,57.904604122220526,7.5973056346151,4.565293484424956
5201,four_history,75,94,0.5,0.5210000000000004,20,1,5,0.012075136344864927,0.01966772692772526,11.700160012904764,17.593835095643755
5201,four_history,75,112,1.0,1.012,38,2,6,13.815257844042506,52.92783702201091,7.383329681265762,8.484708042918701
5201,four_history,76,95,0.5,0.5179999999999998,20,1,5,0.012341596886208747,0.02305195195215445,11.225867183659407,20.83865529949341
5201,four_history,76,113,1.0,1.016,38,2,6,15.212373100215466,45.12287136158441,7.195034577125633,4.020002917657953
5201,four_history,77,96,0.5,0.5149999999999997,20,1,5,0.01299926556737421,0.033314575671605576,10.607760107068945,22.981895896235102
5201,four_history,77,114,1.0,1.0149999999999997,38,2,6,16.284528557062643,37.07136555349704,7.056439799028091,2.947326031417024
5201,four_history,78,97,0.5,0.512,20,1,5,0.014504804935515857,0.044680710217047816,9.936409996788042,23.83870642946843
5201,four_history,78,115,1.0,1.0100000000000002,38,2,6,17.06316314972514,29.996352829684646,6.840922132016595,8.182924613159779
5201,four_history,79,98,0.5,0.5150000000000001,20,1,5,0.015963675066203855,0.05842513629016565,9.301309240309982,23.926335509955592
5201,four_history,79,116,1.0,1.0139999999999998,38,2,6,17.674468584847084,22.654158249294067,6.505991321727943,12.56979079733118
5201,four_history,80,99,0.5,0.5199999999999996,20,1,5,0.0176039770647468,0.06678256232149728,8.675076663162308,23.39321383946941
5201,four_history,81,99,0.5,0.5009999999999999,19,1,5,0.018020697302238906,0.0667888360662115,8.666614122839883,23.354749229701696
5201,four_history,82,100,0.5,0.5049999999999994,19,0,5,0.01955204780877577,0.06897844642486207,8.071219495066357,22.296513418564004
5201,four_history,83,101,0.5,0.5049999999999999,19,1,5,0.04187003921846982,1.6186944072944958,9.781722347521747,20.98237216271704
5201,four_history,84,102,0.5,0.5089999999999999,19,1,5,0.23402017862207217,7.083421036460734,8.829755290229313,35.15419181562004
5201,four_history,85,103,0.5,0.5119999999999996,19,1,5,0.6443919942827,15.727658625492676,7.783261898716251,41.99392138750439
5201,four_history,86,104,0.5,0.512,19,1,4,1.3205528245367302,26.916566341263827,3.2402208442005906,29.20205683676076
5201,four_history,87,105,0.5,0.5130000000000003,19,1,3,2.337749411705899,40.34823776397746,0.6002960475801701,23.4671465022168
5201,four_history,88,106,0.5,0.5140000000000002,19,1,2,3.7498932381145695,52.91525710934644,2.155769458379282,18.72951545107636
5201,four_history,89,107,0.5,0.5170000000000003,19,1,1,5.525852582873619,61.485623331985764,2.5294659086072913,15.375926422616384
5201,four_history,90,108,0.5,0.5179999999999998,19,1,1,7.356526097229137,65.39862346063332,2.8664402776396196,12.999187537329117
5201,four_history,91,109,0.5,0.5289999999999999,19,1,1,9.911142517402,63.74811744708314,3.281781252149407,17.51603353452437
5201,four_history,92,109,0.5,0.5019999999999998,18,1,1,9.911204900343527,63.747664211263405,3.285327859791225,17.506138690099114
5201,four_history,93,111,0.5,0.5190000000000001,19,1,1,12.60945121269281,58.306890585662856,3.7355361359362242,6.419507589425203
5201,four_history,94,112,0.5,0.5190000000000001,19,1,1,14.047689494049003,53.2309391835311,3.8077450939774335,1.549661964194918
5201,four_history,95,113,0.5,0.5219999999999994,19,1,1,15.450877164600293,45.36142919911297,3.9530999938942277,6.197732997379509
5201,four_history,96,114,0.5,0.5270000000000001,19,1,1,16.528372868608947,37.252254863766815,4.114485334667554,7.537642412397101
5201,four_history,97,114,0.5,0.5,18,1,1,16.529027607846853,37.251867505862904,4.120363164557379,7.51709441594871
5201,four_history,98,116,0.5,0.5249999999999995,19,1,1,17.926459428720595,22.719267059608107,4.058952841834384,3.3897993576987613
5202,four_history,3,20,0.5,0.5099999999999999,18,0,0,0.002756486144816138,0.00783961332039774,0.31624801203926883,1.3422649572505876
5202,four_history,3,38,1.0,1.0019999999999998,36,2,2,3.9731708579611236,6.372450505770643,4.4702415008319845,222.50106194544287
5202,four_history,3,57,1.5,1.5159999999999998,55,2,6,5.984010616917155,0.38116978832252213,26.17392558874212,69.97329994910172
5202,four_history,4,21,0.5,0.5069999999999999,18,0,0,0.0027488636778699085,0.005112737338664358,0.30612421326774114,1.4130049442549253
5202,four_history,4,40,1.0,1.025,37,2,2,3.9778290739755104,0.8875934383334684,22.226283274956792,333.16187946642935
5202,four_history,4,58,1.5,1.513,55,2,6,5.990115177841516,0.2270511675572452,24.30966078475929,66.59124213452588
5202,four_history,5,22,0.5,0.5000000000000001,18,0,0,0.003043236296117231,0.012377990838988879,0.3201561384522795,1.7378038216487157
5202,four_history,5,41,1.0,1.025,37,2,2,4.018420500690395,1.7241821851133081,32.03999473234558,304.9167346839596
5202,four_history,5,59,1.5,1.509,55,2,6,5.993731412486604,0.1316047588433792,22.54695260383083,62.965740999413676
5202,four_history,6,24,0.5,0.5279999999999998,19,0,0,0.0028967141200488974,0.0010733429120089743,0.3473208179651978,1.1554914414834256
5202,four_history,6,42,1.0,1.0199999999999998,37,2,3,4.092539826028649,3.12852169032091,37.719331094547684,226.86133951380748
5202,four_history,6,60,1.5,1.507,55,2,6,5.995830010006939,0.075330309931988,20.883492322376586,59.42956625477655
5202,four_history,7,25,0.5,0.518,19,0,0,0.0022249354152839127,0.002158864531155721,0.37984880056911,1.3743606302262559
5202,four_history,7,43,1.0,1.0130000000000001,37,2,4,4.218157327701036,4.699935419104619,41.82490025222321,151.78118846832052
5202,four_history,7,62,1.5,1.53,56,2,6,5.997621189301732,0.026141177075782392,17.793132017940675,52.55453497844032
5202,four_history,8,27,0.5,0.5209999999999999,20,0,0,0.0007769545452940639,0.007112934361551292,0.4604353840631091,0.864103717461316
5202,four_history,8,45,1.0,1.0179999999999998,38,2,6,4.575125286413306,7.109734849914391,45.42867080566194,43.06225336990366
5202,four_history,8,63,1.5,1.5059999999999998,56,2,6,6.001150903459565,0.01769355258869126,16.560251410976633,49.57591877784042
5202,four_history,9,28,0.5,0.5289999999999999,20,0,0,0.0008989477764603677,0.010261830739754141,0.43564999197787635,1.0257564584468093
5202,four_history,9,46,1.0,1.022,38,2,6,4.778554246396448,7.832536291510907,45.59359832684809,6.591203413388314
5202,four_history,9,64,1.5,1.5119999999999998,56,2,6,6.000133642710336,0.011643148680971847,15.2560118001515,46.49069528814608
5202,four_history,10,28,0.5,0.51,19,0,0,0.0013017196544390154,0.010261910560336132,0.42064283990031454,1.0744135946101578
5202,four_history,10,46,1.0,1.0030000000000001,37,2,6,4.77884605841253,7.8308219311430065,45.59214913330202,6.597789107006179
5202,four_history,10,65,1.5,1.524,56,2,6,6.000193086720703,0.007405998070351938,13.912248337386531,43.21083022782855
5202,four_history,11,29,0.5,0.516,19,1,1,0.0034519268455787083,0.07589590138914179,0.41182560622470404,0.7980492872537875
5202,four_history,11,47,1.0,1.01,37,2,6,4.995550566522239,8.34031217915792,45.03975386127043,21.345743087041853
5202,four_history,11,65,1.5,1.5050000000000001,55,2,6,5.999834681296538,0.007405384087984866,13.912094483848099,43.21024535745404
5202,four_history,12,30,0.5,0.5150000000000001,19,1,1,0.10525047392912179,4.125720923603632,0.23873182454066472,7.948417718744231
5202,four_history,12,48,1.0,1.0090000000000001,37,2,6,5.23027654784076,8.702038404980023,43.88530541288704,42.92777598585559
5202,four_history,12,66,1.5,1.5050000000000001,55,2,6,5.999623886241003,0.005449762760300596,12.781047130331967,40.34419145033141
5202,four_history,13,31,0.5,0.516,19,1,1,0.45251105780711415,12.078122291476733,0.11559478028944997,13.441207178749782
5202,four_history,13,49,1.0,1.0090000000000001,37,2,6,5.45092182386112,7.928212198801854,42.2420088643901,58.724800877510916
5202,four_history,13,67,1.5,1.5040000000000002,55,3,7,5.979222463187053,0.6069755770642894,11.72190872104365,40.25407923327708
5202,four_history,14,32,0.5,0.5129999999999999,19,1,1,0.9848142459606634,19.18316237891742,0.5028280132610109,14.337943991554816
5202,four_history,14,50,1.0,1.0039999999999998,37,2,6,5.612825575000627,6.343564620495454,40.45543009949042,68.63403084727503
5202,four_history,14,68,1.5,1.5010000000000001,55,3,7,5.796421558929461,6.404147855714018,10.738838544217769,34.943185597778445
5202,four_history,15,33,0.5,0.5110000000000001,19,1,1,1.6111787170522391,23.263046179364103,0.8347796367472919,12.529218651093476
5202,four_history,15,51,1.0,1.002,37,2,6,5.73764964829338,4.679027882764814,38.427965818570776,74.9003546814755
5202,four_history,15,69,1.5,1.5000000000000002,55,3,7,5.341274269001085,16.233853403925124,9.88789510151172,30.698290390411174
5202,four_history,16,34,0.5,0.5130000000000001,19,1,1,2.3121794161020626,24.215528551828903,1.121215034226816,10.975032880276427
5202,four_history,16,52,1.0,1.0010000000000003,37,2,6,5.8241696914111145,3.340679330152723,36.3981399729203,77.95378982260854
5202,four_history,16,71,1.5,1.5260000000000002,56,3,7,3.4686920399656147,42.446428971257845,8.556039241374217,23.51626024585124
5202,four_history,17,35,0.5,0.5129999999999999,19,1,1,2.920902647873213,22.550261314544375,1.3368263548364583,8.07630139166714
5202,four_history,17,53,1.0,1.004,37,2,6,5.888287604037503,2.178845058822586,34.02297909336403,78.81871609361677
5202,four_history,17,72,1.5,1.5310000000000001,56,3,7,1.5868391269678876,59.14325687619975,7.877703822893356,20.49470350639602
5202,four_history,18,36,0.5,0.5130000000000001,19,1,1,3.405051507914222,19.3393014673443,1.4432541227409166,4.345077693421396
5202,four_history,18,54,1.0,1.005,37,2,6,5.926442917484354,1.4653416687405452,32.001450904940555,77.76262615895814
5202,four_history,18,72,1.5,1.5060000000000002,55,3,7,1.5868405254449907,59.14323653085901,7.877596336907485,20.49442700984926
5202,four_history,19,37,0.5,0.5190000000000001,19,1,1,3.8506636377490304,13.95440296120704,1.549406616306027,4.828593667346604
5202,four_history,19,55,1.0,1.0040000000000002,37,2,6,5.95016656732342,0.9818120101726834,30.104438693603154,76.02954034248043
5202,four_history,19,73,1.5,1.5050000000000001,55,3,7,0.2959980555030742,69.42768245198299,7.4112547140370895,18.923869296296225
5202,four_history,20,38,0.5,0.5199999999999998,19,2,2,3.9753839877188537,6.375250137410281,4.448742290084236,222.82185316426785
5202,four_history,20,56,1.0,1.0070000000000001,37,2,6,5.993829089456415,0.6203289584692384,28.063564443520672,73.16467961431248
5202,four_history,20,74,1.5,1.5110000000000001,55,3,7,2.5208489119419317,76.46978308018888,6.8260002457842255,18.52721703974647
5202,four_history,21,39,0.5,0.52,19,2,2,3.9855674753351793,1.2088430935622514,13.453344015450568,314.9450704668317
5202,four_history,21,57,1.0,1.006,37,2,6,6.004498753219805,0.3845174640593719,26.175957421646814,69.98125083213674
5202,four_history,21,75,1.5,1.5120000000000002,55,3,7,4.791085087599766,78.51632325451864,6.3108039131144595,17.430193120692845
5202,four_history,22,40,0.5,0.518,19,2,2,3.9795151086234837,0.8877437802935164,22.19859662169329,333.4392270937227
5202,four_history,22,58,1.0,1.006,37,2,6,6.003227808347568,0.22833768637046006,24.309055765915446,66.5878686783418
5202,four_history,22,76,1.5,1.511,55,4,8,6.861198871585678,77.2038820513059,6.895842553409517,22.05309159096521
5202,four_history,23,41,0.5,0.5249999999999999,19,2,2,4.020057696483736,1.7341193761848486,32.0068470196701,305.1799079496927
5202,four_history,23,59,1.0,1.009,37,2,6,6.002495664324784,0.13209916913239167,22.544766644016637,62.95587828060592
5202,four_history,23,77,1.5,1.521,55,4,9,9.406308749610591,72.90127333986328,7.698487908090575,28.647862430453955
5202,four_history,24,42,0.5,0.5229999999999999,19,2,3,4.093735081475176,3.1387212009936434,37.6850155226575,227.10155131428593
5202,four_history,24,60,1.0,1.01,37,2,6,6.000719470930288,0.07547890609186748,20.88058341334017,59.416979357850956
5202,four_history,24,78,1.5,1.5290000000000001,55,4,10,11.755457317476216,67.20311150612115,8.359705913091416,22.221868782412486
5202,four_history,25,43,0.5,0.5190000000000001,19,2,4,4.218430212655342,4.706357819378295,41.79156645244869,151.99258635458955
5202,four_history,25,61,1.0,1.0050000000000003,37,2,6,5.998809105965661,0.04542507464211634,19.423582279412344,56.170018418904625
5202,four_history,25,79,1.5,1.5210000000000004,55,4,10,13.208236197129274,63.350574058021344,8.661763234749866,13.614440358281911
5202,four_history,26,44,0.5,0.5220000000000002,19,2,5,4.376747032864718,6.024704879074209,44.21917742075983,91.53866231155138
5202,four_history,26,62,1.0,1.012,37,2,6,5.983920066575291,0.026020498107926792,17.78708354252994,52.529803158395076
5202,four_history,26,80,1.5,1.5180000000000002,55,4,10,14.470713938457413,59.91188215613253,8.793195005221605,6.716839856989878
5202,four_history,27,45,0.5,0.5229999999999999,19,2,6,4.559406245204688,6.997426828622873,45.35649089842878,43.37169493825013
5202,four_history,27,63,1.0,1.011,37,2,6,5.963808414930443,0.0175560940842185,16.550613227391615,49.53739314940028
5202,four_history,27,81,1.5,1.515,55,4,10,15.76609919722105,56.26391319021584,8.803010118463607,0.7279720233456715
5202,four_history,28,46,0.5,0.5230000000000001,19,2,6,4.759263145444647,7.711513888350769,45.53166442451091,6.851727758315121
5202,four_history,28,64,1.0,1.013,37,2,6,5.962373656448012,0.01157206042464168,15.24770209328398,46.4579173008968
5202,four_history,28,82,1.5,1.516,55,4,10,17.14077600166437,52.04763592440287,8.678848227645906,4.364839802092689
5202,four_history,29,47,0.5,0.5189999999999999,19,1,6,4.962628712448456,8.154566456159158,44.97150617066595,21.073847766455458
5202,four_history,29,65,1.0,1.014,37,1,6,5.944745626311678,0.007347463159375943,13.902828836516706,43.17434702601081
5202,four_history,29,83,1.5,1.5160000000000002,55,3,10,18.51936630739409,46.58522536098598,8.411941189783242,8.710383626225763
5202,four_history,30,48,0.5,0.5210000000000001,19,1,5,0.004509535309250956,0.023579112889503203,6.651504776459793,22.373217362342245
5202,four_history,30,66,1.0,1.0170000000000001,37,1,5,0.0372608675321348,0.059088181506934366,13.002586015375694,40.850173942429315
5202,four_history,30,84,1.5,1.531,55,3,9,0.02977544114906096,0.021224748634133612,18.525704938917734,29.0902167771674
5202,four_history,31,49,0.5,0.522,19,1,5,0.004215946040253979,0.039912142384664645,6.941707465650643,9.087721821956336
5202,four_history,31,67,1.0,1.0170000000000001,37,2,6,0.03719555169502767,0.019675385236123385,12.894673775037912,4.2169838341616845
5202,four_history,31,84,1.5,1.5039999999999998,54,3,9,0.02918968281589115,0.0212247528294353,18.52570424395702,29.090229501507793
5202,four_history,32,50,0.5,0.5189999999999999,19,1,5,0.004210923592166077,0.05807048124554774,6.899688008933711,2.4733069382758117
5202,four_history,32,68,1.0,1.0160000000000002,37,2,6,0.0363067998861967,0.022350062056177105,12.042012799384386,30.72901163164685
5202,four_history,32,85,1.5,1.5050000000000001,54,3,9,0.028540316494041384,0.0430023181493685,18.837977647287342,10.274513180357502
5202,four_history,33,51,0.5,0.518,19,1,5,0.005525027239736446,0.08377048300025178,6.51153521902899,15.869425209454192
5202,four_history,33,69,1.0,1.0160000000000002,37,2,6,0.03584818583652685,0.023407100604112368,10.819097910033161,44.35110541202062
5202,four_history,33,86,1.5,1.502,54,3,9,0.028558886252375234,0.05417256573951807,18.64571590032426,7.447261309373147
5202,four_history,34,52,0.5,0.5170000000000001,19,1,5,0.007471087782903236,0.1028596697201407,5.882972578554003,26.312229974594842
5202,four_history,34,70,1.0,1.015,37,2,6,0.03545624392344226,0.023747170547457785,9.6351697447643,44.65113822026264
5202,four_history,34,88,1.5,1.522,55,3,9,0.028848648796789226,0.04935056022416712,17.322625154835702,42.13580823652944
5202,four_history,35,53,0.5,0.518,19,1,5,0.01038355497206294,0.13569458718717128,4.625726118402242,44.05367113225333
5202,four_history,35,71,1.0,1.0130000000000001,37,2,6,0.03486874208356307,0.02327309303389031,8.460115438537988,42.896189147582675
5202,four_history,35,89,1.5,1.5199999999999998,55,3,9,0.028865389429228127,0.058291799187682715,15.94474579092391,53.3185963460716
5202,four_history,36,54,0.5,0.5169999999999999,19,1,5,0.01344382905816179,0.13504300749041084,3.459024668327306,47.79387076465264
5202,four_history,36,72,1.0,1.0180000000000002,37,2,6,0.034299725696024755,0.015339643659777115,7.327490488098482,35.56556310118207
5202,four_history,36,90,1.5,1.52,55,3,9,0.02901603254937592,0.06534074952675507,13.745737475913188,79.24329579581925
5202,four_history,37,55,0.5,0.5170000000000001,19,1,5,0.01619977157989408,0.11755265406646415,2.157502303778048,54.432061683655334
5202,four_history,37,73,1.0,1.018,37,2,6,0.03399376603053147,0.014956626087698396,6.452317508100081,34.67560281162831
5202,four_history,37,91,1.5,1.523,55,3,9,0.029238041820660036,0.06619492358836199,11.509375974012398,81.6379609965229
5202,four_history,38,56,0.5,0.5130000000000001,19,0,5,0.018434175687859624,0.10879883195690825,0.6615382477381976,57.47525414451735
5202,four_history,38,74,1.0,1.0170000000000001,37,1,6,0.033091157331594054,0.012525472909301952,5.573496036494413,28.35475628519598
5202,four_history,38,92,1.5,1.518,55,2,9,0.029032667248380904,0.05839322493638798,9.326889793856976,82.38568422306811
5202,four_history,39,57,0.5,0.514,19,0,4,0.006402805631525687,0.011940210274982946,7.019890539002845,17.647958611674454
5202,four_history,39,75,1.0,1.0200000000000002,37,1,5,10.995751292223062,79.27988280676456,2.488641776252937,3.1803906994433717
5202,four_history,39,93,1.5,1.5190000000000003,55,2,8,30.29751376250995,7.135136773790125,19.09766799934045,52.44107448842892
5202,four_history,40,58,0.5,0.514,19,0,4,0.006800445032493639,0.0015336712998767815,6.482671042506237,20.7512225816303
5202,four_history,40,76,1.0,1.019,37,2,6,13.106129953747725,78.3168989502322,2.9673649454891673,30.846485181488944
5202,four_history,40,94,1.5,1.519,55,2,8,30.457734204016525,5.755535250889447,17.63508866102062,52.97972116755138
5202,four_history,41,59,0.5,0.516,19,0,4,0.006881717709822347,0.0050927346870305356,5.918453676706217,21.521394090109006
5202,four_history,41,77,1.0,1.028,37,2,7,15.689422558269447,73.89347994766199,6.260407275605341,88.59552993810384
5202,four_history,41,95,1.5,1.5190000000000001,55,2,8,30.579470410716418,4.708299766873881,16.30233739870401,52.02497680254405
5202,four_history,42,60,0.5,0.512,19,0,4,0.006372962896466076,0.011369986718478843,5.386183083966737,22.89066800349123
5202,four_history,42,78,1.0,1.0310000000000001,37,2,8,18.054958439840785,67.85624894398025,10.54778203189286,120.45795696461295
5202,four_history,42,96,1.5,1.516,55,2,8,30.688373230295955,3.7543530121704074,14.81365658483393,52.0550118905304
5202,four_history,43,61,0.5,0.5130000000000003,19,0,3,0.005308273394589646,0.011086640782147248,1.5390835582581008,5.1792886046099085
5202,four_history,43,78,1.0,1.0060000000000002,36,2,7,17.821503261094133,67.62499786448899,3.7284618388278568,32.153991650248315
5202,four_history,43,97,1.5,1.5190000000000001,55,2,7,30.53032988007975,3.0182544796150883,9.336378280883647,25.302689814069375
5202,four_history,44,62,0.5,0.5169999999999999,19,0,2,0.002787534464441134,0.014448114277726506,0.03748268420679085,0.8095725953181443
5202,four_history,44,79,1.0,1.0020000000000002,36,2,6,19.038065601125037,63.443219771939894,0.44425335800295074,3.275596889226705
5202,four_history,44,98,1.5,1.521,55,2,6,30.35396930671916,2.3975664724405856,3.9629420746665365,7.468905104103399
5202,four_history,45,63,0.5,0.5149999999999997,19,0,1,0.0017644432538955217,0.015893840287864513,0.31221909219321364,0.4371121282774766
5202,four_history,45,81,1.0,1.0189999999999997,37,2,5,21.36663135004068,56.20537148810192,3.6585855084738563,13.041027620647583
5202,four_history,45,99,1.5,1.517,55,2,5,30.215020782663455,2.00139660825114,1.311306371581169,4.62695855554049
5202,four_history,46,64,0.5,0.516,19,0,0,0.0021799278350590275,0.014163902370785752,0.26147307636128253,0.3869978053599148
5202,four_history,46,82,1.0,1.0190000000000001,37,2,4,22.714518118086193,52.008831830224885,4.235619931255644,9.461925379167184
5202,four_history,46,100,1.5,1.5170000000000003,55,2,4,30.246364391280053,1.6178682600689218,1.584944391089462,5.059737311550116
5202,four_history,47,65,0.5,0.5209999999999999,19,0,0,0.002063881786823078,0.012667001971654905,0.22618659390033846,0.5215678612782142
5202,four_history,47,83,1.0,1.0230000000000001,37,2,4,24.060861724472968,46.56384004434772,4.354566075300241,4.345762503978193
5202,four_history,47,101,1.5,1.517,55,2,4,30.280113725445965,1.31710702230428,1.4550230754872597,4.876414096063925
5202,four_history,48,66,0.5,0.5230000000000001,19,0,0,0.0018028918733432194,0.012395294161906436,0.19339634332269184,0.4870517408689281
5202,four_history,48,84,1.0,1.037,37,2,4,25.52923025913135,37.62480876578308,4.311916187384267,1.0008571018436498
5202,four_history,48,102,1.5,1.5180000000000002,55,2,4,30.30821999898819,1.06333913086643,1.3279219138056408,4.495909630142016
5202,four_history,49,67,0.5,0.5230000000000001,19,1,1,0.0036114007319410727,0.04136946121805626,0.12667367349740685,3.2996846818534458
5202,four_history,49,84,1.0,1.0099999999999998,36,2,4,25.528523777161016,37.62479645768792,4.306265283002195,0.9820380073093986
5202,four_history,49,103,1.5,1.52,55,2,4,30.331824591179466,0.844347209950124,1.2016144004723643,4.1032220662679535
5202,four_history,50,68,0.5,0.5230000000000001,19,1,1,0.1459295267341977,5.335792746109498,0.024496424933367622,4.446705458496574
5202,four_history,50,85,1.0,1.012,36,2,4,26.453133643210027,31.217199573076737,4.193058337138388,3.5098461757722816
5202,four_history,50,104,1.5,1.5190000000000001,55,2,4,30.349198243966846,0.6810853916913086,1.0932828768737184,3.790716655391229
5202,four_history,51,69,0.5,0.5250000000000004,19,1,1,0.5622919078137264,14.925994033585733,0.13017495518389496,6.863585245613844
5202,four_history,51,86,1.0,1.0110000000000001,36,2,4,27.112556698735553,26.538046886978208,4.061301742745832,4.9789916203837095
5202,four_history,51,105,1.5,1.52,55,3,5,30.363626430767575,0.5716685640257406,0.940466205252901,13.207622929055105
5202,four_history,52,70,0.5,0.524,19,1,1,1.2593265908407565,26.830035239997702,0.27469228151276415,5.523022529874041
5202,four_history,52,87,1.0,1.0020000000000002,36,2,4,27.535241092287393,23.565030721530537,3.9476886892214176,6.203825270002625
5202,four_history,52,106,1.5,1.5260000000000002,55,3,5,30.37668152459653,0.4132124237123712,4.09305700262144,139.84791656398664
5202,four_history,53,71,0.5,0.5249999999999999,19,1,1,2.3731329605938525,41.27214099141378,0.4115412491376436,5.0052425457749266
5202,four_history,53,88,1.0,1.005,36,2,4,28.095209010351848,19.335568525445844,3.7397368323874143,6.789120228893694
5202,four_history,53,106,1.5,1.5,54,3,5,30.376016010662628,0.41321292520455377,4.093882068538136,139.84380330456543
5202,four_history,54,72,0.5,0.5270000000000001,19,1,1,4.2224053804629715,57.8647631246316,0.5935983868050323,5.759353241159717
5202,four_history,54,89,1.0,1.0019999999999998,36,2,4,28.526400067378834,15.992999622749382,3.5368383416220803,7.3516985811211555
5202,four_history,54,107,1.5,1.544,54,3,5,30.38205593448479,0.44889518528297967,20.276139826565846,221.55400744444438
5202,four_history,55,72,0.5,0.5010000000000003,18,1,1,4.222278094024641,57.86302634023309,0.6089280636859238,5.737651853644655
5202,four_history,55,90,1.0,1.0030000000000001,36,2,4,28.881215363523662,13.168092316739708,3.327926343021946,7.535208806231751
5202,four_history,55,107,1.5,1.5180000000000002,53,3,5,30.3817095321473,0.4489018317556335,20.276716332449745,221.55127047550997
5202,four_history,56,73,0.5,0.5009999999999999,18,1,1,5.929846529745596,68.29420984934428,0.7305220491018951,5.026918461119857
5202,four_history,56,91,1.0,1.0059999999999998,36,2,4,29.180660649667622,10.717038103977991,3.1145961019272765,7.39233538348347
5202,four_history,56,108,1.5,1.5579999999999998,53,3,6,30.381712044460166,0.28253825573993074,27.004804071696025,106.98776470167479
5202,four_history,57,74,0.5,0.504,18,1,1,8.262782696965825,75.33411609725191,0.9076119983524392,6.3019018107898646
5202,four_history,57,92,1.0,1.005,36,2,4,29.41624738491858,8.7574187958436,2.9128843424481867,7.2464159659185015
5202,four_history,57,108,1.5,1.5299999999999998,52,3,6,30.381604511668307,0.28254215626683454,27.00520279511008,106.98650230067426
5202,four_history,58,75,0.5,0.5060000000000002,18,1,1,10.509736806874606,77.48111801263235,1.0693540499205105,5.463998235484594
5202,four_history,58,93,1.0,1.0050000000000003,36,2,4,29.608363865900714,7.136964648722374,2.7179538301286965,7.018388023474202
5202,four_history,58,108,1.5,1.5030000000000001,51,3,6,30.38181635812009,0.28254399787720735,27.005399468001624,106.98588137219934
5202,four_history,59,76,0.5,0.5049999999999999,18,2,2,12.555436272397301,76.51849896230556,0.094156667576332,35.61644517315541
5202,four_history,59,94,1.0,1.005,36,2,4,29.769017138677796,5.757408175364844,2.523621734574638,6.712084586928441
5202,four_history,59,109,1.5,1.513,51,3,7,30.382980220878878,0.1808758631216086,28.969677918054845,52.01533867612568
5202,four_history,60,77,0.5,0.512,18,2,3,15.076258546859883,72.47157719332189,1.2213409994672293,42.83469972430015
5202,four_history,60,95,1.0,1.0030000000000001,36,2,4,29.89106231806467,4.709442859707356,2.350083300454384,6.5149172133081805
5202,four_history,60,110,1.5,1.521,51,3,7,30.38511037452294,0.12211646607221024,29.413351871085453,13.495948706435172
5202,four_history,61,78,0.5,0.5190000000000001,18,2,4,17.40652453212918,66.96743785340159,2.4256042016797084,38.01424670267251
5202,four_history,61,96,1.0,1.004,36,2,4,29.99964092681351,3.7563150712630584,2.1652535688186947,6.0934300791917195
5202,four_history,61,111,1.5,1.5400000000000005,51,3,7,30.388824843987557,0.09861595191003693,28.44331231251403,19.99921441018617
5202,four_history,62,79,0.5,0.516,18,2,4,18.847422223106992,63.19375355841432,3.0861241246429385,29.2447550128103
5202,four_history,62,97,1.0,1.0059999999999998,36,2,4,30.0838542185381,3.015481560613217,1.9971096224338096,5.780712877882451
5202,four_history,62,111,1.5,1.5140000000000002,50,3,7,30.38911064942223,0.09861611873964665,28.44338121065676,19.999453522682387
5202,four_history,63,80,0.5,0.5060000000000002,18,2,4,20.08605441480172,59.805287428681154,3.542891151546347,21.963179219308074
5202,four_history,63,98,1.0,1.004,36,2,4,30.15334083970361,2.3991979916163237,1.8341348395075594,5.357122673306641
5202,four_history,63,112,1.5,1.5170000000000003,50,3,7,30.39180667083443,0.08236876814705993,27.251783911679446,34.72566212881031
5202,four_history,64,81,0.5,0.504,18,2,4,21.35122205717365,56.19567111589774,3.8918441990429553,15.47454197649671
5202,four_history,64,99,1.0,1.0020000000000002,36,2,4,30.199506039072403,2.001702434240069,1.7096271042968982,5.34681901742492
5202,four_history,64,113,1.5,1.5320000000000005,50,3,7,30.394261233936174,0.06098555460255636,25.398983756136694,46.20683635129123
5202,four_history,65,82,0.5,0.5030000000000001,18,2,4,22.711094932275,52.00831630505321,4.14459931416742,9.743917105531466
5202,four_history,65,100,1.0,1.0010000000000003,36,2,4,30.243007560605193,1.6178723262776735,1.567549630905215,4.99562484174978
5202,four_history,65,113,1.5,1.5040000000000004,49,3,7,30.394353060555158,0.06098575250679557,25.399091482456498,46.20722560594049
5202,four_history,66,83,0.5,0.5020000000000002,18,2,4,24.058247930864155,46.56361600179972,4.283426412015718,4.575690191354596
5202,four_history,66,102,1.0,1.0230000000000001,37,2,4,30.30605242211044,1.063343092928049,1.3164377731549333,4.453091966594258
5202,four_history,66,114,1.5,1.5059999999999998,49,3,7,30.396175051468163,0.056362918609925705,23.679259466399515,52.67591023346402
5202,four_history,67,84,0.5,0.5139999999999998,18,1,4,25.52740948276582,37.62469310542947,4.254784282966139,0.8114546253293895
5202,four_history,67,103,1.0,1.024,37,1,4,30.33070525443979,0.8443504128384935,1.1925388044199994,4.069253903876998
5202,four_history,67,116,1.5,1.521,50,2,7,30.398076123802547,0.051164466737117525,21.215125326077683,59.347358850541184
5202,four_history,68,85,0.5,0.5169999999999999,18,1,3,0.005048547246455737,0.04685668732114259,19.310651555467235,3.4821307931312333
5202,four_history,68,104,1.0,1.024,37,1,3,0.014117054353783355,0.015668604329294344,10.727396858408074,43.108655268494
5202,four_history,68,117,1.5,1.5190000000000001,50,2,6,0.03000545441942431,0.018785404565508135,9.301614287478431,8.498564978942582
5202,four_history,69,86,0.5,0.5139999999999998,18,1,3,0.0044222166262323035,0.05672491009876131,18.973413342685227,13.144020653499325
5202,four_history,69,105,1.0,1.0229999999999997,37,2,4,0.01654676684048898,0.19245904195799832,12.655389722872487,88.16833277273628
5202,four_history,69,118,1.5,1.5159999999999996,50,2,6,0.03012192351430694,0.021030111214966077,9.011920465626954,9.152718091341939
5202,four_history,70,87,0.5,0.504,18,1,3,0.004269148841194909,0.032498397043317445,18.7686556215655,14.872773251472793
5202,four_history,70,106,1.0,1.028,37,2,4,0.021872480369954886,0.17318320573313642,12.941680432298485,6.4043906423519275
5202,four_history,70,119,1.5,1.513,50,2,6,0.02998960967132362,0.023218559907220677,8.694851901754058,10.355065230721806
5202,four_history,71,88,0.5,0.5070000000000001,18,1,3,0.00389769938254919,0.049565384511671265,17.468123404836156,45.60883750766874
5202,four_history,71,106,1.0,1.0020000000000002,36,2,4,0.02228482994084351,0.17318233504135322,12.941470736388858,6.405557469758605
5202,four_history,71,120,1.5,1.5090000000000003,50,2,6,0.030301715756460127,0.024600646250485834,8.391353582972435,11.722748717005224
5202,four_history,72,89,0.5,0.5069999999999997,18,1,3,0.004589433797598453,0.0576184249507252,16.021961454763126,55.85668614837665
5202,four_history,72,107,1.0,1.049,36,2,4,0.026537752322063082,0.06270752189948084,7.78254806160859,88.80242018821713
5202,four_history,72,121,1.5,1.5030000000000001,50,2,6,0.030150976974738345,0.025368090003564558,8.082676626399076,12.644736558530575
5202,four_history,73,90,0.5,0.5019999999999998,18,1,3,0.005683937664004524,0.06409863907272823,13.770655906948223,81.13190128606573
5202,four_history,73,107,1.0,1.017,35,2,4,0.026545806609573622,0.06270711845434074,7.782333490173005,88.80084624185804
5202,four_history,73,123,1.5,1.5149999999999997,51,2,6,0.029755292565484644,0.023538566881581856,7.4264853473200985,11.692227959244583
5202,four_history,74,91,0.5,0.5049999999999999,18,1,3,0.007128800383729607,0.06480742972420962,11.498475181822588,82.9303191577193
5202,four_history,74,108,1.0,1.057,35,2,5,0.028106429804658953,0.02334567061779337,6.39175398463741,36.358336709134335
5202,four_history,74,124,1.5,1.5180000000000002,51,2,6,0.029571755644519946,0.01934952002122994,7.119519540130774,7.089792177503341
5202,four_history,75,92,0.5,0.5009999999999999,18,1,3,0.008549349177269596,0.05711143182121546,9.293213813261435,83.25530942221357
5202,four_history,75,108,1.0,1.0259999999999998,34,2,5,0.02825132141440501,0.0233455744129783,6.391801416523819,36.35848972822441
5202,four_history,75,125,1.5,1.516,51,2,6,0.02962997084894577,0.011029718583340068,7.053364563992152,2.3088012960124615
5202,four_history,76,94,0.5,0.5269999999999997,19,0,3,0.010897566091571775,0.042189552653642416,4.8336583351366915,82.5490582634819
5202,four_history,76,109,1.0,1.0349999999999997,34,1,6,0.028965800388917072,0.029208202877322453,6.847594825057954,17.565670479136884
5202,four_history,76,126,1.5,1.5170000000000003,51,1,6,0.029691136936694718,0.004214753055050547,7.139934889525124,7.721005853229457
5202,four_history,77,94,0.5,0.5,18,0,2,0.006879041662480224,0.012753673535617627,0.29833543146421454,0.198707406882491
5202,four_history,77,109,1.0,1.008,33,1,5,0.05667513690000013,0.19603737640573793,28.849152951841386,48.37472997634717
5202,four_history,77,127,1.5,1.5670000000000006,51,1,5,0.061338054183835616,0.009416640754335775,7.325225324352027,26.47227749921599
5202,four_history,78,96,0.5,0.52,19,0,1,0.005238806660498347,0.011498480154802364,0.07068347888805163,0.45869688183307744
5202,four_history,78,110,1.0,1.009,33,1,4,0.06459011527574872,0.1259357227354465,29.746288263157453,12.168636598366334
5202,four_history,78,127,1.5,1.5320000000000005,50,1,4,0.06484331123269087,0.009677245588808637,7.783701206739975,27.38100710418461
5202,four_history,79,97,0.5,0.5129999999999999,19,0,0,0.004434438021193171,0.011351036707401646,0.03508805026957229,0.5334783782566888
5202,four_history,79,111,1.0,1.0210000000000004,33,1,3,0.06674185396124635,0.0565827212495944,28.740590609543926,21.143260833264094
5202,four_history,79,128,1.5,1.5159999999999996,50,2,4,0.06336673425318681,0.10204901786053464,8.710014498442634,48.80678676012906
5202,four_history,80,98,0.5,0.5189999999999997,19,0,0,0.004473537964275761,0.010029313288278236,0.052569321338973414,0.5219118636531306
5202,four_history,80,112,1.0,1.032,33,1,3,0.0676322257466276,0.03022511715573257,27.512438795795408,35.744637712407894
5202,four_history,80,129,1.5,1.5149999999999997,50,2,4,0.061469318001420185,0.10369045543134234,12.269233650417474,161.5618183745081
5202,four_history,81,99,0.5,0.5209999999999999,19,0,0,0.004884251242632298,0.012175165086726534,0.05569781021290108,0.22274027012102238
5202,four_history,81,112,1.0,1.0110000000000001,32,1,3,0.06783400098931505,0.03022524091262571,27.51251889655244,35.744909117188286
5202,four_history,81,130,1.5,1.5140000000000002,50,2,5,0.060405832520599584,0.1084517140745781,15.885518355008289,178.8257149867158
5202,four_history,82,100,0.5,0.5250000000000004,19,0,0,0.005214341548909502,0.011257426222662514,0.05043761156541994,0.19332679060988056
5202,four_history,82,113,1.0,1.0280000000000005,32,1,3,0.06844782351095079,0.017346304209297347,25.624675365864086,47.10154350440715
5202,four_history,82,131,1.5,1.5110000000000001,50,2,6,0.059079297373599717,0.10577857564014218,18.33713708099034,125.84807102839164
5202,four_history,83,101,0.5,0.524,19,0,0,0.005241243023386152,0.012007684636816812,0.03872348192180447,0.04055460939678568
5202,four_history,83,113,1.0,1.0010000000000003,31,1,3,0.06827854792921623,0.01734918298089972,25.626639445428314,47.10847997843891
5202,four_history,83,132,1.5,1.5090000000000003,50,2,7,0.055506323094878816,0.16656450236504647,20.022897669153167,68.65196428106833
5202,four_history,84,102,0.5,0.5209999999999999,19,0,0,0.005094328468918714,0.011337931367100693,0.03280379050311385,0.06523558426322751
5202,four_history,84,114,1.0,1.0039999999999996,31,1,3,0.06808134444515773,0.026005314351926316,23.88080766602362,53.494414079986214
5202,four_history,84,133,1.5,1.5,50,2,8,0.051821282306552155,0.19315647834002606,20.738530714191693,34.14523946496723
5202,four_history,85,103,0.5,0.5100000000000002,19,0,0,0.005067317330401275,0.015582169843954916,0.03634535045758331,0.053301155145291546
5202,four_history,85,116,1.0,1.0070000000000001,32,1,3,0.06773984643265717,0.036027588999395066,21.38275274415014,60.08710071871698
5202,four_history,85,135,1.5,1.5080000000000005,51,2,10,0.04349187905948546,0.17946507549682414,20.727218411681125,8.117072248971624
5202,four_history,86,104,0.5,0.5070000000000001,19,0,0,0.0049443869297142624,0.01227329693616285,0.03680231143759746,0.027942565191168
5202,four_history,86,117,1.0,1.0020000000000002,32,1,3,0.06734855655638226,0.025614870443579178,19.906771394261167,59.50825523152001
5202,four_history,86,136,1.5,1.5059999999999998,51,2,10,0.03934109439533756,0.14681631476802667,20.220811862731477,18.95444871803693
5202,four_history,87,105,0.5,0.5089999999999999,19,1,1,0.003929900134797072,0.056402917063298336,0.012816410823637173,9.263892445830663
5202,four_history,87,118,1.0,1.0019999999999998,32,1,3,0.06677157738900118,0.00982797842114054,18.46596158781124,57.16976510066705
5202,four_history,87,137,1.5,1.5110000000000001,51,2,10,0.035882378734421,0.11197356313364319,19.44404344986589,26.572818326837307
5202,four_history,88,106,0.5,0.524,19,1,1,0.0045825042540675286,0.10944840023586193,4.875043922493392,136.01936611560131
5202,four_history,88,119,1.0,1.009,32,1,3,0.06564219722121808,0.032419257393646025,17.093693007039104,54.390776082998386
5202,four_history,88,138,1.5,1.52,51,2,10,0.03312471676195803,0.0788813454937264,18.611036674547393,31.11226693883475
5202,four_history,89,107,0.5,0.569,19,1,1,0.02843730527005331,0.515433289496034,20.848156152126602,218.43087049533784
5202,four_history,89,120,1.0,1.0020000000000002,32,1,3,0.06503163351980712,0.04474212907322019,15.962531494141594,51.64532917904562
5202,four_history,89,139,1.5,1.5159999999999996,51,2,10,0.031779944922836104,0.055340041203512394,17.772379566918712,33.99259819673367
5202,four_history,90,107,0.5,0.5420000000000003,18,1,1,0.028119771826029642,0.5154178933387451,20.847084923016,218.4352116671572
5202,four_history,90,122,1.0,1.0150000000000006,33,1,3,0.06360337194652438,0.053328652703186395,14.078341519647822,46.19540100743872
5202,four_history,90,140,1.5,1.516,51,2,10,0.03053283594149095,0.0385837037640825,16.805071592295256,35.80694580638354
5202,four_history,91,107,0.5,0.5150000000000001,17,1,1,0.02773509926156035,0.515471077948287,20.850974555768914,218.41957737968926
5202,four_history,91,123,1.0,1.013,33,1,3,0.0626295009872088,0.05719157654842451,13.003909619740359,42.52634031520654
5202,four_history,91,141,1.5,1.5190000000000001,51,2,10,0.029480535308412416,0.028824404870660948,15.693233870995257,36.832946736602366
5202,four_history,92,108,0.5,0.552,17,1,2,0.04820424862628565,0.3330805974795191,27.46464410569687,105.21810226436139
5202,four_history,92,124,1.0,1.0130000000000003,33,1,3,0.06183169546886768,0.053891624862248654,11.907344560975782,38.84486088866672
5202,four_history,92,142,1.5,1.5180000000000002,51,2,10,0.028733112096322354,0.02637268454995976,14.698224180680876,36.856114789981575
5202,four_history,93,108,0.5,0.5249999999999999,16,1,2,0.04788102281229454,0.33314645666734866,27.471062583552037,105.20166935968496
5202,four_history,93,125,1.0,1.0150000000000001,33,1,3,0.06088919047437412,0.04004588644025827,10.860049277413859,35.90245092039455
5202,four_history,93,143,1.5,1.5189999999999997,51,2,10,0.027865770402187105,0.029091783069726124,13.672272148988673,36.38354043811606
5202,four_history,94,109,0.5,0.5359999999999996,16,1,3,0.055558393006157836,0.2112365947573879,29.38318767583287,50.49837716318149
5202,four_history,94,126,1.0,1.0180000000000002,33,1,3,0.060185357895413745,0.024063411426073843,9.859554870653882,33.14244128329035
5202,four_history,94,144,1.5,1.5180000000000002,51,2,10,0.026996637183632995,0.031654587458440735,12.753400811729364,35.19152089532615
5202,four_history,95,109,0.5,0.508,15,1,3,0.055272609411593294,0.21128450308383723,29.389823742988963,50.48198792281346
5202,four_history,95,127,1.0,1.0670000000000006,33,1,3,0.05994456663495959,0.009669452370053806,7.794542966880755,27.410547627670447
5202,four_history,95,145,1.5,1.5180000000000002,51,2,10,0.026062220639623677,0.039276951314728484,11.793868100637058,33.81896329712794
5202,four_history,96,110,0.5,0.5179999999999998,15,1,3,0.059479387779754374,0.12618930298964817,29.78542174799223,12.111101597495235
5202,four_history,96,127,1.0,1.0410000000000004,32,1,3,0.059571835079226386,0.009668767322451704,7.794816109622889,27.411619719692034
5202,four_history,96,146,1.5,1.5190000000000001,51,2,10,0.024990648023968165,0.04408230834353928,10.91635463633792,32.10846000099164
5202,four_history,97,111,0.5,0.5360000000000005,15,1,3,0.06209020186631621,0.0566436295986375,28.76478715211635,21.214704336601585
5202,four_history,97,127,1.0,1.0120000000000005,31,1,3,0.05936895016752106,0.00966637813132864,7.795762951530879,27.41533356685381
5202,four_history,97,147,1.5,1.5200000000000005,51,2,10,0.023957590444431215,0.05498039913622988,10.00438254685115,30.135920033065275
5202,four_history,98,111,0.5,0.5080000000000005,14,1,3,0.06085810430053586,0.05653676903673123,28.767478250813802,21.221186223992163
5202,four_history,98,128,1.0,1.0029999999999997,31,2,4,0.057425539681441144,0.10208186721624105,8.71398919590511,48.77966700049549
5202,four_history,98,148,1.5,1.52,51,2,10,0.02209418554856075,0.056079977461973234,9.203471286925469,28.33172999372765
5202,four_history,99,112,0.5,0.5130000000000003,14,1,3,0.06180666391868372,0.03021444003558348,27.54305951258921,35.8382886509938
5202,four_history,99,130,1.0,1.0160000000000005,32,2,5,0.05432716056600837,0.10849886124840026,15.889317415095057,178.800604212348
5202,four_history,99,149,1.5,1.5190000000000006,51,2,10,0.021310528070489523,0.05775114841315063,8.453805300201454,26.575276240827208
5202,four_history,100,113,0.5,0.5300000000000002,14,1,3,0.06204791360648365,0.01735173405681539,25.645194174550685,47.16810357715161
5202,four_history,100,131,1.0,1.013,32,2,6,0.05264854097312994,0.105806034318657,18.339656523645473,125.83086914484983
5202,four_history,100,150,1.5,1.5229999999999997,51,2,10,0.02047119839158834,0.05212867417344054,7.780619692634537,24.79238402523235
5202,four_history,101,113,0.5,0.5030000000000001,13,1,3,0.061961977963449294,0.017352995775159436,25.645105930727283,47.16728049384909
5202,four_history,101,132,1.0,1.0110000000000001,32,2,7,0.04921331864629561,0.16659147120231033,20.02489472419318,68.6398918153746
5202,four_history,101,151,1.5,1.5249999999999995,51,2,10,0.01997245971778632,0.0469712340033631,7.113137313082788,22.97483446648085
5202,four_history,102,114,0.5,0.5099999999999998,13,1,3,0.061875592220765226,0.026026223058892482,23.892763085551145,53.534765719360436
5202,four_history,102,133,1.0,1.0060000000000002,32,2,8,0.04575425008809151,0.1931705885221375,20.739803604523033,34.13778865316044
5202,four_history,102,152,1.5,1.5280000000000005,51,2,10,0.019449899263969967,0.03871045683140553,6.493885037594534,21.328797183576363
5202,four_history,103,115,0.5,0.5019999999999998,13,1,3,0.061864984922846526,0.033186384350032724,22.81690080523043,57.87921611369954
5202,four_history,103,134,1.0,1.0,32,2,9,0.042241311100486206,0.20548314808809365,20.924427723460973,8.654130790218574
5202,four_history,103,152,1.5,1.5010000000000003,50,2,10,0.01943835144134151,0.03871049688551246,6.493890925430592,21.328820656356108
5202,four_history,104,117,0.5,0.5220000000000002,14,1,3,0.06194858662549567,0.025659066067005538,19.918217144901014,59.55385792532185
5202,four_history,104,136,1.0,1.0259999999999998,33,2,10,0.03430577184762017,0.14681904900732637,20.221906378725457,18.95945343664272
5202,four_history,104,154,1.5,1.5280000000000005,51,2,10,0.019172054522445674,0.02325481770215582,5.416336407052333,18.56345534501753
5202,four_history,105,118,0.5,0.5199999999999996,14,0,3,0.061571983279700454,0.00980408536240694,18.47601085989168,57.21153503410129
5202,four_history,105,137,1.0,1.029,33,1,10,0.03115285306082047,0.11197400392753437,19.444986923198165,26.576868620700168
5202,four_history,105,154,1.5,1.5010000000000003,50,1,10,0.019056947208112837,0.023254806672446778,5.416329398674979,18.563428268095286
5202,four_history,106,119,0.5,0.5180000000000002,14,0,2,0.0015586188329308633,0.01647777460534448,6.729918967509971,5.0100410982119
5202,four_history,106,137,1.0,1.0020000000000002,32,1,9,0.00858714063125766,0.010145799090667394,15.250672442974226,50.13818370232258
5202,four_history,106,155,1.5,1.501,50,1,9,0.00701534039515558,0.03982016771966903,7.577568275310633,22.71491697339075
5202,four_history,107,120,0.5,0.5070000000000001,14,0,2,0.0013385638883054217,0.012764920111850474,6.577358195382374,6.850877626925843
5202,four_history,107,139,1.0,1.0209999999999995,33,1,9,0.008876577967034492,0.019522253975229272,16.885516750462816,26.85840125980289
5202,four_history,107,157,1.5,1.5219999999999998,51,1,9,0.007930792671170646,0.038747952375571465,6.447925076935933,19.89374072641752
5202,four_history,108,124,0.5,0.5260000000000002,17,0,2,0.004767332491327527,0.013650882339464088,5.87624325274458,10.0004898388258
5202,four_history,108,141,1.0,1.004,34,1,9,0.012049474703532636,0.0063455968954508985,17.244596300477767,1.3102684822915762
5202,four_history,108,159,1.5,1.5050000000000003,52,2,10,0.06610021061238408,2.1478985941013953,5.683192413930061,10.407305645050329
5202,four_history,109,126,0.5,0.5200000000000005,18,0,1,0.0044138661351687866,0.014048476844763288,0.7076975150325981,3.5703721578616836
5202,four_history,109,144,1.0,1.0200000000000005,36,1,8,0.01935254244544166,0.03101421313007479,7.218147892000819,30.32393134200977
5202,four_history,109,162,1.5,1.5179999999999998,54,2,9,1.1803862252852901,24.506779445993246,0.9060860897098487,8.367608940726589
5202,four_history,110,127,0.5,0.5590000000000006,18,0,0,0.0008388732396639557,0.011121500448548307,0.21595332906246636,0.975907048438053
5202,four_history,110,145,1.0,1.0100000000000002,36,1,7,0.03122724919462803,0.03907698570757443,10.786815989226668,29.659985774254096
5202,four_history,110,163,1.5,1.5050000000000003,54,2,8,1.8898124469012147,31.55744052939898,3.017901437752652,2.657253052766997
5202,four_history,111,127,0.5,0.5230000000000006,17,0,0,0.0003583859657313284,0.01114766437780849,0.1646827975914424,1.1292480102075473
5202,four_history,111,146,1.0,1.0010000000000003,36,1,7,0.0315577308476038,0.04352512160562942,10.016631645093433,28.407668805254318
5202,four_history,111,165,1.5,1.5220000000000002,55,2,8,3.867368185178521,38.17779040767111,3.176386381247915,3.011901362856147
5202,four_history,112,129,0.5,0.5169999999999995,18,1,1,0.0027193320569536728,0.0639896238525132,6.089926530642664,198.97288883801272
5202,four_history,112,148,1.0,1.0119999999999996,37,1,7,0.03245595195834287,0.055150227797561895,8.488361131638694,25.376593208050167
5202,four_history,113,130,0.5,0.5030000000000001,18,1,2,0.003922118295688479,0.07753832864303967,10.351455666660108,210.86118656222453
5202,four_history,113,149,1.0,1.0060000000000002,37,1,7,0.03266053003700739,0.056193190371293986,7.812631285886238,23.948121877044457
5202,four_history,114,132,0.5,0.508,19,1,4,0.007338542474410678,0.14252855144016305,15.743351861211469,93.33954338278159
5202,four_history,114,151,1.0,1.0219999999999994,38,1,7,0.03330483975399729,0.04457040246540743,6.59789702473057,20.92320256580269
5202,four_history,115,134,0.5,0.5170000000000003,20,1,6,0.013144990838331488,0.1982193329719839,17.5091831406551,27.218943727284852
5202,four_history,115,152,1.0,1.0180000000000007,38,1,7,0.03366999595130272,0.036093702443475574,6.033364933505572,19.530329034823048
5202,four_history,116,135,0.5,0.5250000000000004,20,1,7,0.016836257976771275,0.1763156735662574,17.72923530075734,6.726360313693931
5202,four_history,116,153,1.0,1.0250000000000004,38,1,7,0.03369751388313662,0.02856951972023102,5.557777081903175,18.50619004308222
5202,four_history,117,135,0.5,0.5010000000000003,19,1,7,0.016359331164389587,0.17632231083079225,17.720962019016262,6.765411805570238
5202,four_history,117,153,1.0,1.0010000000000003,37,1,7,0.033513099074030266,0.02856225476999975,5.556557020183988,18.50159766838761
5202,four_history,118,136,0.5,0.5039999999999996,19,1,7,0.019858547384863406,0.14714224017218513,17.549968936029384,6.600576592963705
5202,four_history,118,154,1.0,1.0060000000000002,37,1,7,0.03368910326390247,0.0210047513709106,5.038642123179337,17.138568487992423
5202,four_history,119,137,0.5,0.5090000000000003,19,1,7,0.022807167219011302,0.11497928447752781,17.080374012792404,16.322402451418213
5202,four_history,119,155,1.0,1.008,37,1,7,0.033745687100349905,0.01569325820267059,4.611941254658549,15.936611607781309
5202,four_history,120,138,0.5,0.5110000000000001,19,1,7,0.024849244893138125,0.08163592555835086,16.489053642313287,22.1341567778733
5202,four_history,120,156,1.0,1.0099999999999998,37,1,7,0.03382419184687532,0.009898583476442298,4.204719927083118,15.234954083583986
5202,four_history,121,139,0.5,0.5139999999999993,19,1,7,0.02624617196053372,0.0570803936471108,15.852809293136122,25.977103869460933
5202,four_history,121,157,1.0,1.0149999999999997,37,1,7,0.033944948446497085,0.008425950891959962,3.831880712612889,14.029905093978822
5202,four_history,122,140,0.5,0.5199999999999996,19,1,7,0.02726402823134652,0.039314514111178984,15.083088919453246,28.649746387217903
5202,four_history,122,158,1.0,1.0199999999999996,37,1,7,0.034042745730055675,0.00664088381004029,3.497240305978509,13.171220032635471
5202,four_history,123,140,0.5,0.5009999999999994,18,1,7,0.02722336996774915,0.03931485344653832,15.09041983657189,28.676952362432758
5202,four_history,123,158,1.0,1.0009999999999994,36,1,7,0.03400417420804086,0.006643870642300209,3.4984777316423763,13.175659413736344
5202,four_history,124,141,0.5,0.5060000000000002,18,1,7,0.028042320469393242,0.028985954398778005,14.170338524937902,30.525114842689305
5202,four_history,124,159,1.0,1.0070000000000006,36,2,8,0.034737194054933876,0.026369830058752222,3.02463294594262,11.220110171112132
5202,four_history,125,142,0.5,0.5049999999999999,18,1,7,0.028837924532810456,0.02631387353254848,13.330211923990273,31.2222733260339
5202,four_history,125,160,1.0,1.0039999999999996,36,2,8,0.12405534836169031,4.826407320140036,2.8997807887578344,4.198218474697029
5202,four_history,126,143,0.5,0.5039999999999996,18,1,7,0.03016755032576665,0.02905499303228458,12.46412131850222,31.401500045048437
5202,four_history,126,161,1.0,1.0009999999999994,36,2,8,0.4637639743867457,13.237889757174887,2.910916720796671,0.9453451667432624
5202,four_history,127,144,0.5,0.5,18,1,7,0.0313088991107746,0.031582359051515733,11.67586408171549,30.715558781982608
5202,four_history,127,163,1.0,1.0229999999999997,37,2,8,1.890924888192132,31.557042273239077,3.0244672878442134,2.626591377436913
5202,four_history,128,147,0.5,0.508,20,0,7,0.03290707148627089,0.05465409325672559,9.248428274476986,26.97454401921992
5202,four_history,129,148,0.5,0.5170000000000003,20,0,6,0.002699374748676528,0.047635905701641994,12.415060729582502,26.383249129882742
5202,four_history,130,149,0.5,0.5230000000000006,20,0,6,0.00285942752866362,0.04998937331089637,11.670171864574684,26.263138792584506
5202,four_history,131,149,0.5,0.5030000000000001,19,0,5,0.006147955066606454,0.058559346868591655,8.850937394861589,14.95909697843183
5202,four_history,132,150,0.5,0.5099999999999998,19,0,4,0.010671496007246975,0.05755889539937883,5.65297100188688,6.8886974470082265
5202,four_history,133,151,0.5,0.5139999999999993,19,0,3,0.012603128746158062,0.044685152094823564,3.3562573473876918,2.2450815428406443
5202,four_history,134,152,0.5,0.5220000000000002,19,0,2,0.010872693836606634,0.0185919852000369,1.6877438525954704,0.31348068981250776
5202,four_history,135,152,0.5,0.5010000000000003,18,0,1,0.007140794343155046,0.004004661022432753,0.6744814514929096,0.45117440948000365
5202,four_history,136,153,0.5,0.5,18,0,0,0.005481139279766977,0.0004898639584891613,0.3609039778352131,0.39903566360797527
5202,four_history,137,154,0.5,0.5020000000000007,18,0,0,0.004295811234887889,0.0017805203914821846,0.3199491683535604,0.5605060276814697
5202,four_history,138,156,0.5,0.5259999999999998,19,0,0,0.003314208314005312,0.0017397760463854983,0.2758279943532686,0.9301262278765634
5202,four_history,139,157,0.5,0.5259999999999998,19,0,0,0.0033255223402866825,0.0020681555304004557,0.26302322432360903,0.7229101675088003
5202,four_history,140,157,0.5,0.5010000000000003,18,0,0,0.003521495443935338,0.002068417919383065,0.24053211457319978,0.7822705214334178
5202,four_history,141,158,0.5,0.5,18,0,0,0.003732784036285773,0.0033229674952598726,0.24586036784542434,0.8050371090647346
5202,four_history,142,159,0.5,0.5010000000000003,18,1,1,0.00388386182618631,0.03572718491454849,0.2729317802790886,2.2819534055875934
5202,four_history,143,161,0.5,0.5249999999999995,19,1,1,0.4624428427012259,13.335268433546357,0.2599363208293042,13.25891465961438
5202,four_history,144,162,0.5,0.524,19,1,1,1.1047541673754127,23.769517500364515,0.6100310634083607,12.653018250465504
5202,four_history,145,163,0.5,0.5229999999999997,19,1,1,1.8968038756807792,31.6911506370218,0.9133947265350523,12.38356318836769
5202,four_history,146,164,0.5,0.5220000000000002,19,1,1,2.8851134498617306,36.64378845808229,1.2352360274510534,12.464767901270413
5202,four_history,147,165,0.5,0.5209999999999999,19,1,1,3.8803505540850867,38.28598056609262,1.517741656003302,10.972298380312576
